{
  "type": "FeatureCollection",
  "features": [
    {
      "type": "Feature",
      "geometry": {
        "type": "MultiLineString",
        "coordinates": [
          [
            [
              -0.1339457,
              51.5281965
            ],
            [
              -0.1348713,
              51.5290345
            ],
            [
              -0.1352902,
              51.529346
            ],
            [
              -0.1360016,
              51.529837
            ],
            [
              -0.1360451,
              51.5298672
            ],
            [
              -0.136062,
              51.529879
            ],
            [
              -0.136137,
              51.5299307
            ],
            [
              -0.1363145,
              51.5300392
            ],
            [
              -0.1365982,
              51.530198
            ],
            [
              -0.1368148,
              51.5303246
            ],
            [
              -0.1370109,
              51.5304386
            ],
            [
              -0.1373402,
              51.5306261
            ],
            [
              -0.1375411,
              51.5307435
            ],
            [
              -0.1378144,
              51.530888
            ],
            [
              -0.1379806,
              51.5309773
            ],
            [
              -0.1381948,
              51.531087
            ],
            [
              -0.1384308,
              51.531196
            ],
            [
              -0.1385386,
              51.5312359
            ],
            [
              -0.1388907,
              51.5313677
            ],
            [
              -0.1393102,
              51.5315491
            ],
            [
              -0.140014,
              51.5318588
            ],
            [
              -0.1403117,
              51.5319916
            ],
            [
              -0.1404541,
              51.5320656
            ],
            [
              -0.1406105,
              51.5321503
            ],
            [
              -0.1407896,
              51.5322545
            ],
            [
              -0.140974,
              51.5323675
            ],
            [
              -0.1412505,
              51.5325475
            ],
            [
              -0.1416172,
              51.532793
            ],
            [
              -0.1416807,
              51.5328389
            ],
            [
              -0.1417971,
              51.5329265
            ],
            [
              -0.1420152,
              51.5330928
            ],
            [
              -0.142309,
              51.5333256
            ],
            [
              -0.1424979,
              51.5334891
            ],
            [
              -0.1426923,
              51.5336565
            ],
            [
              -0.1426974,
              51.5336608
            ],
            [
              -0.1428769,
              51.5338205
            ],
            [
              -0.1432012,
              51.5341203
            ],
            [
              -0.1434022,
              51.5342986
            ],
            [
              -0.1435329,
              51.5344188
            ],
            [
              -0.1436431,
              51.5345184
            ],
            [
              -0.1437931,
              51.5346596
            ],
            [
              -0.1439738,
              51.534819
            ],
            [
              -0.1441742,
              51.5350033
            ],
            [
              -0.1443786,
              51.535194
            ],
            [
              -0.1445936,
              51.535387
            ],
            [
              -0.14471,
              51.5354867
            ],
            [
              -0.1449823,
              51.5357395
            ],
            [
              -0.1455778,
              51.5362765
            ],
            [
              -0.1467754,
              51.5373648
            ],
            [
              -0.1469087,
              51.5374887
            ],
            [
              -0.1470713,
              51.5376393
            ],
            [
              -0.1473396,
              51.5378828
            ],
            [
              -0.1476782,
              51.5381897
            ],
            [
              -0.1479729,
              51.5384613
            ],
            [
              -0.1482142,
              51.538678
            ],
            [
              -0.1486417,
              51.5390731
            ],
            [
              -0.1488076,
              51.5392229
            ],
            [
              -0.1493454,
              51.5397103
            ],
            [
              -0.1495739,
              51.5399196
            ],
            [
              -0.1497862,
              51.5401141
            ],
            [
              -0.1498365,
              51.5401577
            ],
            [
              -0.1498409,
              51.5401615
            ],
            [
              -0.1500783,
              51.5403794
            ],
            [
              -0.1504377,
              51.5407056
            ],
            [
              -0.1506007,
              51.5408449
            ],
            [
              -0.1509535,
              51.5411375
            ],
            [
              -0.1511607,
              51.5412789
            ],
            [
              -0.1512983,
              51.5413748
            ],
            [
              -0.1514371,
              51.5414611
            ],
            [
              -0.1519391,
              51.5417532
            ],
            [
              -0.1521661,
              51.5418752
            ],
            [
              -0.1524909,
              51.5420327
            ],
            [
              -0.1530173,
              51.5422616
            ],
            [
              -0.1532186,
              51.5423299
            ],
            [
              -0.1535444,
              51.5424434
            ],
            [
              -0.1538568,
              51.5425411
            ],
            [
              -0.1541251,
              51.5426169
            ],
            [
              -0.1544255,
              51.5426997
            ],
            [
              -0.154583,
              51.5427399
            ],
            [
              -0.1549246,
              51.5428204
            ],
            [
              -0.1552869,
              51.5428928
            ],
            [
              -0.1555604,
              51.5429366
            ],
            [
              -0.1558798,
              51.5429778
            ],
            [
              -0.1561168,
              51.5430005
            ],
            [
              -0.156392,
              51.5430186
            ],
            [
              -0.1565699,
              51.5430256
            ],
            [
              -0.1568873,
              51.5430341
            ],
            [
              -0.1572667,
              51.5430328
            ],
            [
              -0.157619,
              51.5430274
            ],
            [
              -0.1580595,
              51.5430127
            ],
            [
              -0.1587651,
              51.542994
            ],
            [
              -0.1589506,
              51.5429878
            ],
            [
              -0.159237,
              51.5429782
            ],
            [
              -0.1596131,
              51.5429576
            ],
            [
              -0.1599138,
              51.5429341
            ],
            [
              -0.1602103,
              51.5429078
            ],
            [
              -0.1606698,
              51.5428522
            ],
            [
              -0.1608745,
              51.5428232
            ],
            [
              -0.1613293,
              51.542751
            ],
            [
              -0.1615174,
              51.542717
            ],
            [
              -0.1618483,
              51.5426531
            ],
            [
              -0.1620459,
              51.5426043
            ],
            [
              -0.162235,
              51.5425543
            ],
            [
              -0.1627653,
              51.5424188
            ],
            [
              -0.1635979,
              51.5421645
            ],
            [
              -0.16431,
              51.5419373
            ],
            [
              -0.1646007,
              51.5418625
            ],
            [
              -0.1649317,
              51.5417718
            ],
            [
              -0.1651715,
              51.5417167
            ],
            [
              -0.165416,
              51.5416634
            ],
            [
              -0.1657019,
              51.541608
            ],
            [
              -0.1662101,
              51.5415131
            ],
            [
              -0.1665169,
              51.5414718
            ],
            [
              -0.1668821,
              51.541425
            ],
            [
              -0.1686623,
              51.5412534
            ],
            [
              -0.1692011,
              51.5411981
            ],
            [
              -0.169972,
              51.5411216
            ],
            [
              -0.1707075,
              51.5410911
            ],
            [
              -0.17131,
              51.5410838
            ],
            [
              -0.1719013,
              51.5411067
            ],
            [
              -0.1720575,
              51.5411122
            ],
            [
              -0.1731279,
              51.5411503
            ],
            [
              -0.174131,
              51.5411901
            ],
            [
              -0.175305,
              51.5412396
            ],
            [
              -0.1759216,
              51.5412635
            ],
            [
              -0.1764585,
              51.5412798
            ],
            [
              -0.1770513,
              51.5412682
            ],
            [
              -0.1777254,
              51.5412504
            ],
            [
              -0.1781401,
              51.5412276
            ],
            [
              -0.1788783,
              51.5411634
            ],
            [
              -0.1795859,
              51.5410814
            ],
            [
              -0.1802327,
              51.5410065
            ],
            [
              -0.1808017,
              51.5409137
            ],
            [
              -0.1816702,
              51.5407397
            ],
            [
              -0.1827879,
              51.5404921
            ],
            [
              -0.1831339,
              51.5404148
            ],
            [
              -0.1835141,
              51.5403224
            ],
            [
              -0.1839051,
              51.54022
            ],
            [
              -0.1843204,
              51.5401048
            ],
            [
              -0.1847037,
              51.5399977
            ],
            [
              -0.1851891,
              51.5398608
            ],
            [
              -0.1856181,
              51.5397219
            ],
            [
              -0.1861599,
              51.5395489
            ],
            [
              -0.1865714,
              51.5394138
            ],
            [
              -0.1869737,
              51.5392787
            ],
            [
              -0.1871884,
              51.5391972
            ],
            [
              -0.1872968,
              51.539156
            ],
            [
              -0.1877426,
              51.5389863
            ],
            [
              -0.1881046,
              51.5388441
            ],
            [
              -0.1884475,
              51.5387019
            ],
            [
              -0.1887851,
              51.5385592
            ],
            [
              -0.189195,
              51.5383931
            ],
            [
              -0.1896715,
              51.5382
            ],
            [
              -0.1899173,
              51.5381012
            ],
            [
              -0.1903834,
              51.5378899
            ],
            [
              -0.1907158,
              51.5377464
            ],
            [
              -0.191188,
              51.5375443
            ],
            [
              -0.1914995,
              51.5374085
            ],
            [
              -0.1919423,
              51.5372315
            ],
            [
              -0.192753,
              51.5369301
            ],
            [
              -0.1929444,
              51.5368515
            ],
            [
              -0.1932387,
              51.5367409
            ],
            [
              -0.1936668,
              51.5365899
            ],
            [
              -0.1940188,
              51.5364663
            ],
            [
              -0.1944064,
              51.5363305
            ],
            [
              -0.1952515,
              51.5360665
            ],
            [
              -0.1961346,
              51.5358101
            ],
            [
              -0.1965315,
              51.535693
            ],
            [
              -0.1969306,
              51.5355752
            ],
            [
              -0.1976273,
              51.5353852
            ],
            [
              -0.1983264,
              51.5352051
            ],
            [
              -0.1990684,
              51.5350243
            ],
            [
              -0.1996523,
              51.5348763
            ],
            [
              -0.2001903,
              51.5347567
            ],
            [
              -0.2011366,
              51.5345304
            ],
            [
              -0.2015507,
              51.5344332
            ],
            [
              -0.2019774,
              51.5343406
            ],
            [
              -0.2023376,
              51.534264
            ],
            [
              -0.2026438,
              51.5342028
            ],
            [
              -0.2038297,
              51.5339715
            ],
            [
              -0.2044827,
              51.5338507
            ],
            [
              -0.2054524,
              51.5336757
            ],
            [
              -0.2070111,
              51.5334092
            ],
            [
              -0.207255,
              51.5333671
            ],
            [
              -0.2078185,
              51.5332636
            ],
            [
              -0.2093877,
              51.5329941
            ],
            [
              -0.2110753,
              51.5326931
            ],
            [
              -0.2127931,
              51.5323731
            ],
            [
              -0.2142713,
              51.5320901
            ],
            [
              -0.2156553,
              51.5318272
            ],
            [
              -0.2169714,
              51.531583
            ],
            [
              -0.2176401,
              51.5314548
            ],
            [
              -0.2182678,
              51.5313344
            ],
            [
              -0.2197209,
              51.5310573
            ],
            [
              -0.22048,
              51.5309215
            ],
            [
              -0.221266,
              51.5307902
            ],
            [
              -0.2219678,
              51.5306812
            ],
            [
              -0.222674,
              51.5305808
            ],
            [
              -0.2235764,
              51.5304643
            ],
            [
              -0.2244197,
              51.5303688
            ],
            [
              -0.2250162,
              51.5303059
            ],
            [
              -0.2271369,
              51.5301424
            ],
            [
              -0.2290419,
              51.5300395
            ],
            [
              -0.2292117,
              51.5300349
            ],
            [
              -0.229535,
              51.5300263
            ],
            [
              -0.2300348,
              51.5300174
            ],
            [
              -0.2307156,
              51.5300054
            ],
            [
              -0.2308748,
              51.5300048
            ],
            [
              -0.2314533,
              51.5300025
            ],
            [
              -0.2321311,
              51.5300118
            ],
            [
              -0.2329516,
              51.5300285
            ],
            [
              -0.2333136,
              51.530044
            ],
            [
              -0.2336591,
              51.5300565
            ],
            [
              -0.2341341,
              51.5300783
            ],
            [
              -0.2346048,
              51.5301045
            ],
            [
              -0.235099,
              51.5301345
            ],
            [
              -0.2354711,
              51.5301586
            ],
            [
              -0.2358755,
              51.5301916
            ],
            [
              -0.2366508,
              51.5302576
            ],
            [
              -0.2372268,
              51.5303167
            ],
            [
              -0.2375168,
              51.5303449
            ],
            [
              -0.2383081,
              51.5304391
            ],
            [
              -0.2389526,
              51.5305295
            ],
            [
              -0.2397171,
              51.5306438
            ],
            [
              -0.2401762,
              51.5307221
            ],
            [
              -0.2412365,
              51.5308995
            ],
            [
              -0.241735,
              51.5309833
            ],
            [
              -0.2422067,
              51.5310685
            ],
            [
              -0.242601,
              51.531147
            ],
            [
              -0.2429304,
              51.5312126
            ],
            [
              -0.243544,
              51.5313426
            ],
            [
              -0.2437465,
              51.5313876
            ],
            [
              -0.2440733,
              51.5314573
            ],
            [
              -0.2445425,
              51.5315705
            ],
            [
              -0.2446675,
              51.5315995
            ],
            [
              -0.2449334,
              51.5316612
            ],
            [
              -0.2452969,
              51.5317547
            ],
            [
              -0.2456363,
              51.5318399
            ],
            [
              -0.2460939,
              51.5319675
            ],
            [
              -0.2464947,
              51.5320777
            ],
            [
              -0.2469695,
              51.5322121
            ],
            [
              -0.2472721,
              51.5323046
            ],
            [
              -0.2477117,
              51.5324323
            ],
            [
              -0.248211,
              51.5325875
            ],
            [
              -0.2485435,
              51.5326885
            ],
            [
              -0.2489856,
              51.5328281
            ],
            [
              -0.2494241,
              51.5329697
            ],
            [
              -0.2499036,
              51.533127
            ],
            [
              -0.2503094,
              51.5332577
            ],
            [
              -0.2507644,
              51.5334069
            ],
            [
              -0.2509596,
              51.5334687
            ],
            [
              -0.2524556,
              51.5339586
            ],
            [
              -0.2528622,
              51.5340893
            ],
            [
              -0.2532719,
              51.5342266
            ],
            [
              -0.2536769,
              51.53436
            ],
            [
              -0.2540571,
              51.5344857
            ],
            [
              -0.2543539,
              51.5345841
            ],
            [
              -0.2543807,
              51.534593
            ],
            [
              -0.2546467,
              51.5346838
            ],
            [
              -0.2549107,
              51.5347685
            ],
            [
              -0.2551764,
              51.5348601
            ],
            [
              -0.2555768,
              51.5349905
            ],
            [
              -0.2560694,
              51.5351535
            ],
            [
              -0.2564291,
              51.5352667
            ],
            [
              -0.2567522,
              51.5353673
            ],
            [
              -0.2570951,
              51.5354782
            ],
            [
              -0.257577,
              51.5356375
            ],
            [
              -0.2579987,
              51.5357704
            ],
            [
              -0.2582723,
              51.5358608
            ],
            [
              -0.2585952,
              51.53597
            ],
            [
              -0.2588788,
              51.5360616
            ],
            [
              -0.2592021,
              51.536166
            ],
            [
              -0.259531,
              51.5362729
            ],
            [
              -0.2597609,
              51.5363505
            ],
            [
              -0.2601399,
              51.5364743
            ],
            [
              -0.2604973,
              51.5365901
            ],
            [
              -0.2611819,
              51.5368138
            ],
            [
              -0.2617457,
              51.5369969
            ],
            [
              -0.2621252,
              51.5371221
            ],
            [
              -0.2624838,
              51.5372404
            ],
            [
              -0.2628304,
              51.5373532
            ],
            [
              -0.2632874,
              51.537505
            ],
            [
              -0.2637781,
              51.5376641
            ],
            [
              -0.2643161,
              51.5378393
            ],
            [
              -0.2653157,
              51.5381668
            ],
            [
              -0.2658589,
              51.538344
            ],
            [
              -0.2663783,
              51.538514
            ],
            [
              -0.2668477,
              51.538666
            ],
            [
              -0.2674552,
              51.538863
            ],
            [
              -0.2678516,
              51.5389916
            ],
            [
              -0.2683781,
              51.5391654
            ],
            [
              -0.2688941,
              51.5393349
            ],
            [
              -0.2694415,
              51.5395135
            ],
            [
              -0.2698712,
              51.5396576
            ],
            [
              -0.2703322,
              51.5398065
            ],
            [
              -0.270822,
              51.5399661
            ],
            [
              -0.2714065,
              51.5401566
            ],
            [
              -0.2723179,
              51.5404539
            ],
            [
              -0.273031,
              51.5406885
            ],
            [
              -0.2743374,
              51.5411174
            ],
            [
              -0.274788,
              51.5412616
            ],
            [
              -0.2757518,
              51.5415819
            ],
            [
              -0.2762652,
              51.5417471
            ],
            [
              -0.2765112,
              51.5418248
            ],
            [
              -0.2771633,
              51.542042
            ],
            [
              -0.2786991,
              51.5425419
            ],
            [
              -0.2794217,
              51.5427744
            ],
            [
              -0.2800272,
              51.542976
            ],
            [
              -0.2804972,
              51.5431303
            ],
            [
              -0.2809978,
              51.5433012
            ],
            [
              -0.2814665,
              51.5434598
            ],
            [
              -0.2820596,
              51.5436738
            ],
            [
              -0.2826113,
              51.5438796
            ],
            [
              -0.2828985,
              51.5439882
            ],
            [
              -0.283062,
              51.5440519
            ],
            [
              -0.2833885,
              51.5441773
            ],
            [
              -0.283596,
              51.5442605
            ],
            [
              -0.2839555,
              51.5444047
            ],
            [
              -0.2847914,
              51.544753
            ],
            [
              -0.285363,
              51.5450099
            ],
            [
              -0.2858999,
              51.545245
            ],
            [
              -0.2864237,
              51.5454903
            ],
            [
              -0.2868436,
              51.5456917
            ],
            [
              -0.2872983,
              51.5459137
            ],
            [
              -0.287525,
              51.5460245
            ],
            [
              -0.287866,
              51.5462002
            ],
            [
              -0.2883287,
              51.5464423
            ],
            [
              -0.2887889,
              51.5466871
            ],
            [
              -0.2894952,
              51.5471006
            ],
            [
              -0.2901166,
              51.5474584
            ],
            [
              -0.2907925,
              51.5478647
            ],
            [
              -0.2913124,
              51.5481876
            ],
            [
              -0.2917704,
              51.5484811
            ],
            [
              -0.2922787,
              51.5488188
            ],
            [
              -0.2927327,
              51.5491334
            ],
            [
              -0.2931379,
              51.5494196
            ],
            [
              -0.2934931,
              51.5496776
            ],
            [
              -0.2940311,
              51.5500817
            ],
            [
              -0.2942338,
              51.5502445
            ],
            [
              -0.2945147,
              51.5504726
            ],
            [
              -0.2948317,
              51.550718
            ],
            [
              -0.2950998,
              51.5509415
            ],
            [
              -0.2953976,
              51.5511926
            ],
            [
              -0.2956465,
              51.5514135
            ],
            [
              -0.2957238,
              51.5514814
            ],
            [
              -0.296635,
              51.5523177
            ],
            [
              -0.2969901,
              51.5526436
            ],
            [
              -0.297232,
              51.5528927
            ],
            [
              -0.2974879,
              51.5531633
            ],
            [
              -0.2977398,
              51.5534318
            ],
            [
              -0.2979678,
              51.5536866
            ],
            [
              -0.2982129,
              51.5539673
            ],
            [
              -0.2985446,
              51.5543588
            ],
            [
              -0.298866,
              51.5547604
            ],
            [
              -0.299067,
              51.5550233
            ],
            [
              -0.2994134,
              51.5554864
            ],
            [
              -0.2997175,
              51.5559185
            ],
            [
              -0.2999952,
              51.5563164
            ],
            [
              -0.3002521,
              51.5567069
            ],
            [
              -0.3005646,
              51.5571913
            ],
            [
              -0.3008435,
              51.5576374
            ],
            [
              -0.3011652,
              51.5581777
            ],
            [
              -0.3015239,
              51.5587871
            ],
            [
              -0.301782,
              51.5592274
            ],
            [
              -0.3020968,
              51.5597642
            ],
            [
              -0.3024278,
              51.5603225
            ],
            [
              -0.3027587,
              51.5608793
            ],
            [
              -0.3029856,
              51.5612736
            ],
            [
              -0.3032084,
              51.5616465
            ],
            [
              -0.3032899,
              51.5617829
            ],
            [
              -0.3036718,
              51.5624369
            ],
            [
              -0.3039067,
              51.5628333
            ],
            [
              -0.3041278,
              51.5632095
            ],
            [
              -0.3043476,
              51.5635757
            ],
            [
              -0.3046844,
              51.5641548
            ],
            [
              -0.3048165,
              51.5643785
            ],
            [
              -0.3049517,
              51.5646073
            ],
            [
              -0.3051693,
              51.5649684
            ],
            [
              -0.3052536,
              51.565116
            ],
            [
              -0.3053834,
              51.5653432
            ],
            [
              -0.30555,
              51.5656317
            ],
            [
              -0.3057537,
              51.5659727
            ],
            [
              -0.3060187,
              51.5664245
            ],
            [
              -0.3063208,
              51.5669309
            ],
            [
              -0.3065279,
              51.5672884
            ],
            [
              -0.3067154,
              51.567602
            ],
            [
              -0.306948,
              51.5679955
            ],
            [
              -0.3071216,
              51.5682904
            ],
            [
              -0.3072929,
              51.5685825
            ],
            [
              -0.307522,
              51.5689752
            ],
            [
              -0.3077014,
              51.5692701
            ],
            [
              -0.3080254,
              51.5698247
            ],
            [
              -0.3082696,
              51.5702362
            ],
            [
              -0.3084605,
              51.5705606
            ],
            [
              -0.3086827,
              51.570936
            ],
            [
              -0.3088771,
              51.5712662
            ],
            [
              -0.3091306,
              51.571687
            ],
            [
              -0.3093306,
              51.5720313
            ],
            [
              -0.309347,
              51.5720595
            ],
            [
              -0.3095796,
              51.5724544
            ],
            [
              -0.3097705,
              51.5727824
            ],
            [
              -0.3099291,
              51.5730464
            ],
            [
              -0.3100807,
              51.5733046
            ],
            [
              -0.3102577,
              51.5736059
            ],
            [
              -0.3104174,
              51.5738785
            ],
            [
              -0.310598,
              51.5741828
            ],
            [
              -0.3108815,
              51.5746575
            ],
            [
              -0.3110991,
              51.5750236
            ],
            [
              -0.3113351,
              51.5754256
            ],
            [
              -0.3115516,
              51.5757895
            ],
            [
              -0.3117934,
              51.5761901
            ],
            [
              -0.3121256,
              51.5767079
            ],
            [
              -0.3123753,
              51.5770867
            ],
            [
              -0.3126027,
              51.5774128
            ],
            [
              -0.3128581,
              51.5777539
            ],
            [
              -0.3129831,
              51.5779212
            ],
            [
              -0.3133488,
              51.57838
            ],
            [
              -0.3136647,
              51.5787511
            ],
            [
              -0.3139147,
              51.5790374
            ],
            [
              -0.3141843,
              51.5793387
            ],
            [
              -0.3144308,
              51.5795997
            ],
            [
              -0.314712,
              51.5798989
            ],
            [
              -0.315076,
              51.5803294
            ],
            [
              -0.315577,
              51.5807982
            ],
            [
              -0.3164783,
              51.581609
            ],
            [
              -0.3169259,
              51.5819957
            ],
            [
              -0.317567,
              51.5825309
            ],
            [
              -0.3177591,
              51.5826661
            ],
            [
              -0.3180981,
              51.582935
            ],
            [
              -0.3184372,
              51.5832018
            ],
            [
              -0.3188343,
              51.5835026
            ],
            [
              -0.3189024,
              51.5835542
            ],
            [
              -0.3194244,
              51.5839425
            ],
            [
              -0.3198954,
              51.5842833
            ],
            [
              -0.3202946,
              51.5845666
            ],
            [
              -0.3207841,
              51.5848974
            ],
            [
              -0.3213685,
              51.5852828
            ],
            [
              -0.3219449,
              51.5856438
            ],
            [
              -0.3225489,
              51.5860198
            ],
            [
              -0.323079,
              51.5863369
            ],
            [
              -0.3235604,
              51.5866145
            ],
            [
              -0.3244105,
              51.5871233
            ],
            [
              -0.3250864,
              51.5874949
            ],
            [
              -0.3263873,
              51.5881398
            ],
            [
              -0.3278545,
              51.5888613
            ],
            [
              -0.3288496,
              51.5893496
            ],
            [
              -0.3302014,
              51.5899978
            ],
            [
              -0.3315371,
              51.590646
            ],
            [
              -0.3325813,
              51.5911305
            ],
            [
              -0.3328608,
              51.5912601
            ],
            [
              -0.3333234,
              51.5914854
            ],
            [
              -0.3341452,
              51.5918831
            ],
            [
              -0.334247,
              51.5919326
            ],
            [
              -0.3345092,
              51.59206
            ],
            [
              -0.334687,
              51.5921451
            ],
            [
              -0.334837,
              51.5922161
            ],
            [
              -0.3355438,
              51.5925484
            ],
            [
              -0.3361401,
              51.5928313
            ],
            [
              -0.3368157,
              51.5931571
            ],
            [
              -0.3376176,
              51.5935421
            ],
            [
              -0.3380679,
              51.5937552
            ],
            [
              -0.3382423,
              51.5938395
            ],
            [
              -0.3386317,
              51.5940259
            ],
            [
              -0.3415107,
              51.5954012
            ],
            [
              -0.3418978,
              51.5955839
            ],
            [
              -0.3448577,
              51.59699
            ],
            [
              -0.348704,
              51.5988061
            ],
            [
              -0.3515021,
              51.60014
            ],
            [
              -0.3553424,
              51.6019657
            ],
            [
              -0.3567277,
              51.6026328
            ],
            [
              -0.3580319,
              51.6032788
            ],
            [
              -0.3595018,
              51.6040451
            ],
            [
              -0.3609985,
              51.6048514
            ],
            [
              -0.3626883,
              51.6057876
            ],
            [
              -0.3639328,
              51.6065405
            ],
            [
              -0.3649681,
              51.6071802
            ],
            [
              -0.3659659,
              51.6078265
            ],
            [
              -0.3668189,
              51.6084029
            ],
            [
              -0.3676128,
              51.6089492
            ],
            [
              -0.3684343,
              51.6095461
            ],
            [
              -0.3695994,
              51.610397
            ],
            [
              -0.3707128,
              51.6112716
            ],
            [
              -0.3720867,
              51.6123705
            ],
            [
              -0.3732448,
              51.6133003
            ],
            [
              -0.3746831,
              51.6144458
            ],
            [
              -0.3761798,
              51.6156849
            ],
            [
              -0.3774558,
              51.6168411
            ],
            [
              -0.3784435,
              51.61781
            ],
            [
              -0.3794038,
              51.6188092
            ],
            [
              -0.3801863,
              51.6197023
            ],
            [
              -0.3808844,
              51.6205412
            ],
            [
              -0.3817366,
              51.6216573
            ],
            [
              -0.3823911,
              51.6225965
            ],
            [
              -0.3829926,
              51.6234953
            ],
            [
              -0.3835719,
              51.6244611
            ],
            [
              -0.3841942,
              51.6255967
            ],
            [
              -0.3847628,
              51.626749
            ],
            [
              -0.3851759,
              51.6276214
            ],
            [
              -0.3855943,
              51.6285106
            ],
            [
              -0.3860664,
              51.6296095
            ],
            [
              -0.3863929,
              51.6305356
            ],
            [
              -0.3866719,
              51.6314879
            ],
            [
              -0.3868918,
              51.6324469
            ],
            [
              -0.3870427,
              51.6332622
            ],
            [
              -0.38715,
              51.6341745
            ],
            [
              -0.3872144,
              51.634987
            ],
            [
              -0.3872305,
              51.6354797
            ],
            [
              -0.3872197,
              51.6362189
            ],
            [
              -0.3872059,
              51.6365204
            ],
            [
              -0.3871822,
              51.6370379
            ],
            [
              -0.3871446,
              51.6374707
            ],
            [
              -0.3870992,
              51.6378337
            ],
            [
              -0.3869436,
              51.6387925
            ],
            [
              -0.3868566,
              51.6392047
            ],
            [
              -0.3866527,
              51.6399671
            ],
            [
              -0.3863804,
              51.6410862
            ],
            [
              -0.386186,
              51.6416882
            ],
            [
              -0.3861349,
              51.6418321
            ],
            [
              -0.3858439,
              51.6426509
            ],
            [
              -0.385553,
              51.6434925
            ],
            [
              -0.3853075,
              51.6442221
            ],
            [
              -0.3850488,
              51.6450138
            ],
            [
              -0.3850357,
              51.6450542
            ],
            [
              -0.38488,
              51.6455351
            ],
            [
              -0.3847573,
              51.6458933
            ],
            [
              -0.3846518,
              51.6462288
            ],
            [
              -0.3845484,
              51.6465403
            ],
            [
              -0.3842292,
              51.6475027
            ],
            [
              -0.3841205,
              51.6479202
            ],
            [
              -0.3840039,
              51.6484613
            ],
            [
              -0.3839234,
              51.6490305
            ],
            [
              -0.3838644,
              51.649623
            ],
            [
              -0.3838751,
              51.6502254
            ],
            [
              -0.3839341,
              51.6509044
            ],
            [
              -0.3840414,
              51.6515168
            ],
            [
              -0.3841862,
              51.6521525
            ],
            [
              -0.3845202,
              51.6530813
            ],
            [
              -0.3846143,
              51.6532859
            ],
            [
              -0.3848783,
              51.6538599
            ],
            [
              -0.3853235,
              51.6546353
            ],
            [
              -0.386037,
              51.6556238
            ],
            [
              -0.3867224,
              51.6564083
            ],
            [
              -0.3874463,
              51.6571161
            ],
            [
              -0.3880717,
              51.6576509
            ],
            [
              -0.389048,
              51.6584196
            ],
            [
              -0.3896819,
              51.6589078
            ],
            [
              -0.3899898,
              51.6591449
            ],
            [
              -0.3902174,
              51.6593083
            ],
            [
              -0.3909625,
              51.6598946
            ],
            [
              -0.3916369,
              51.660419
            ],
            [
              -0.3922375,
              51.6608706
            ],
            [
              -0.3929072,
              51.6613944
            ],
            [
              -0.3933808,
              51.6617316
            ],
            [
              -0.393526,
              51.6618434
            ],
            [
              -0.3939264,
              51.662151
            ],
            [
              -0.394071,
              51.6622599
            ],
            [
              -0.3942376,
              51.6623853
            ],
            [
              -0.3946154,
              51.6626831
            ],
            [
              -0.3948908,
              51.6628948
            ],
            [
              -0.3949151,
              51.6629135
            ],
            [
              -0.3962249,
              51.6639247
            ],
            [
              -0.3975348,
              51.6649359
            ],
            [
              -0.397958,
              51.6652721
            ],
            [
              -0.3990508,
              51.6661217
            ],
            [
              -0.3998282,
              51.6667285
            ],
            [
              -0.3999135,
              51.6667944
            ],
            [
              -0.4001638,
              51.6669877
            ],
            [
              -0.4007227,
              51.6674193
            ],
            [
              -0.4014542,
              51.6679848
            ],
            [
              -0.4020984,
              51.6684961
            ],
            [
              -0.4028574,
              51.6690751
            ],
            [
              -0.4032452,
              51.6693583
            ],
            [
              -0.4044684,
              51.670268
            ],
            [
              -0.405089,
              51.6707478
            ],
            [
              -0.4052894,
              51.6709027
            ],
            [
              -0.4057469,
              51.6712542
            ],
            [
              -0.406365,
              51.671729
            ],
            [
              -0.4067627,
              51.6720284
            ],
            [
              -0.407527,
              51.6726253
            ],
            [
              -0.4081915,
              51.6731345
            ],
            [
              -0.4089699,
              51.6737354
            ],
            [
              -0.4101704,
              51.674657
            ],
            [
              -0.4113482,
              51.6755986
            ],
            [
              -0.4145212,
              51.6780436
            ],
            [
              -0.4148809,
              51.6783208
            ],
            [
              -0.4163298,
              51.6794554
            ],
            [
              -0.4181669,
              51.6808493
            ],
            [
              -0.4199417,
              51.6821892
            ],
            [
              -0.4209761,
              51.6830067
            ],
            [
              -0.4210768,
              51.6830849
            ],
            [
              -0.4238041,
              51.6851899
            ],
            [
              -0.4264423,
              51.6872117
            ],
            [
              -0.4265189,
              51.68727
            ],
            [
              -0.4272692,
              51.6878408
            ],
            [
              -0.4280666,
              51.6884479
            ],
            [
              -0.4284615,
              51.6887593
            ],
            [
              -0.4288464,
              51.6890696
            ],
            [
              -0.4293008,
              51.6894506
            ],
            [
              -0.4296171,
              51.6897242
            ],
            [
              -0.4299056,
              51.6899813
            ],
            [
              -0.430176,
              51.6902349
            ],
            [
              -0.4304926,
              51.6905201
            ],
            [
              -0.4307333,
              51.6907707
            ],
            [
              -0.4311495,
              51.6911956
            ],
            [
              -0.4314601,
              51.6915234
            ],
            [
              -0.4318538,
              51.6919593
            ],
            [
              -0.4321846,
              51.692343
            ],
            [
              -0.432474,
              51.6927046
            ],
            [
              -0.4327206,
              51.6930163
            ],
            [
              -0.4330076,
              51.6933948
            ],
            [
              -0.4332177,
              51.6936906
            ],
            [
              -0.4333318,
              51.6938519
            ],
            [
              -0.4334663,
              51.6940545
            ],
            [
              -0.4335305,
              51.6941511
            ],
            [
              -0.4337427,
              51.694487
            ],
            [
              -0.4339324,
              51.6947906
            ],
            [
              -0.4340664,
              51.6950177
            ],
            [
              -0.4342692,
              51.6953889
            ],
            [
              -0.4344506,
              51.6957152
            ],
            [
              -0.4345846,
              51.6959754
            ],
            [
              -0.4347566,
              51.6963208
            ],
            [
              -0.4349546,
              51.6967581
            ],
            [
              -0.4351158,
              51.6971249
            ],
            [
              -0.4352451,
              51.6974519
            ],
            [
              -0.4353838,
              51.6978084
            ],
            [
              -0.4355368,
              51.6982494
            ],
            [
              -0.4356411,
              51.6985838
            ],
            [
              -0.435749,
              51.6989262
            ],
            [
              -0.435883,
              51.6993356
            ],
            [
              -0.4360324,
              51.6998236
            ],
            [
              -0.4361735,
              51.7002917
            ],
            [
              -0.4363099,
              51.7007275
            ],
            [
              -0.4364451,
              51.7011626
            ],
            [
              -0.4365684,
              51.7015682
            ],
            [
              -0.436681,
              51.701954
            ],
            [
              -0.4368078,
              51.702345
            ],
            [
              -0.4368536,
              51.7024865
            ],
            [
              -0.4369514,
              51.702816
            ],
            [
              -0.4370901,
              51.7032423
            ],
            [
              -0.4372324,
              51.7037008
            ],
            [
              -0.4373735,
              51.7041564
            ],
            [
              -0.4374129,
              51.7043085
            ],
            [
              -0.437575,
              51.7048359
            ],
            [
              -0.4376487,
              51.7050836
            ],
            [
              -0.4376867,
              51.7052112
            ],
            [
              -0.4377197,
              51.7053323
            ],
            [
              -0.4378885,
              51.7058752
            ],
            [
              -0.4380463,
              51.7063836
            ],
            [
              -0.4382101,
              51.7069213
            ],
            [
              -0.4383838,
              51.7074885
            ],
            [
              -0.4384158,
              51.7075883
            ],
            [
              -0.4385937,
              51.7081685
            ],
            [
              -0.4387324,
              51.7086108
            ],
            [
              -0.4388984,
              51.7091582
            ],
            [
              -0.4390283,
              51.7095823
            ],
            [
              -0.4390618,
              51.7096998
            ],
            [
              -0.4392755,
              51.7103882
            ],
            [
              -0.4394581,
              51.7109686
            ],
            [
              -0.440172,
              51.7132997
            ],
            [
              -0.4404829,
              51.7141485
            ],
            [
              -0.4405749,
              51.7143719
            ],
            [
              -0.4408332,
              51.7149671
            ],
            [
              -0.441014,
              51.7153515
            ],
            [
              -0.4414002,
              51.716101
            ],
            [
              -0.4416552,
              51.7165303
            ],
            [
              -0.4419593,
              51.7170333
            ],
            [
              -0.4422882,
              51.7175656
            ],
            [
              -0.4425074,
              51.7178716
            ],
            [
              -0.4427439,
              51.7182018
            ],
            [
              -0.4431272,
              51.7187081
            ],
            [
              -0.4432317,
              51.7188384
            ],
            [
              -0.4443694,
              51.7201522
            ],
            [
              -0.4446297,
              51.7204336
            ],
            [
              -0.4450857,
              51.720869
            ],
            [
              -0.4455846,
              51.7213508
            ],
            [
              -0.4460969,
              51.7218045
            ],
            [
              -0.4466091,
              51.7222525
            ],
            [
              -0.4471323,
              51.7226751
            ],
            [
              -0.4478149,
              51.723181
            ],
            [
              -0.4479735,
              51.7233007
            ],
            [
              -0.4482776,
              51.7235208
            ],
            [
              -0.4487175,
              51.7237967
            ],
            [
              -0.4494256,
              51.7242403
            ],
            [
              -0.4495385,
              51.7243029
            ],
            [
              -0.4501983,
              51.7247038
            ],
            [
              -0.450866,
              51.7251126
            ],
            [
              -0.4514801,
              51.7254963
            ],
            [
              -0.4521211,
              51.7258751
            ],
            [
              -0.4527863,
              51.7262606
            ],
            [
              -0.4533044,
              51.7265826
            ],
            [
              -0.4535641,
              51.726744
            ],
            [
              -0.4539423,
              51.7269766
            ],
            [
              -0.4545065,
              51.727313
            ],
            [
              -0.4570029,
              51.7287675
            ],
            [
              -0.4578805,
              51.7292979
            ],
            [
              -0.4596644,
              51.7303413
            ],
            [
              -0.459848,
              51.7304504
            ],
            [
              -0.4613877,
              51.7313652
            ],
            [
              -0.4630296,
              51.7323283
            ],
            [
              -0.4636121,
              51.732665
            ],
            [
              -0.4650514,
              51.7334585
            ],
            [
              -0.4665424,
              51.734257
            ],
            [
              -0.469643,
              51.7357165
            ],
            [
              -0.4732995,
              51.7372496
            ],
            [
              -0.4758731,
              51.7382143
            ],
            [
              -0.4779073,
              51.7388937
            ],
            [
              -0.4796263,
              51.7394678
            ],
            [
              -0.4818646,
              51.7401071
            ],
            [
              -0.4824883,
              51.7402702
            ],
            [
              -0.4840919,
              51.7406691
            ],
            [
              -0.4860858,
              51.7411139
            ],
            [
              -0.4874575,
              51.741415
            ],
            [
              -0.4879809,
              51.7415299
            ],
            [
              -0.4886876,
              51.7416852
            ],
            [
              -0.489275,
              51.7418294
            ],
            [
              -0.4911988,
              51.7422409
            ],
            [
              -0.4933459,
              51.742701
            ],
            [
              -0.4937892,
              51.7427969
            ],
            [
              -0.4967995,
              51.7435165
            ],
            [
              -0.4971533,
              51.7435987
            ],
            [
              -0.4987865,
              51.7439502
            ],
            [
              -0.500584,
              51.7443324
            ],
            [
              -0.5033408,
              51.7449285
            ],
            [
              -0.5055272,
              51.7454328
            ],
            [
              -0.5063757,
              51.7456285
            ],
            [
              -0.507521,
              51.7459148
            ],
            [
              -0.5080732,
              51.7460521
            ],
            [
              -0.5082695,
              51.7461033
            ],
            [
              -0.5088699,
              51.74626
            ],
            [
              -0.5096497,
              51.7464548
            ],
            [
              -0.5105848,
              51.7466904
            ],
            [
              -0.5112408,
              51.7468542
            ],
            [
              -0.5129508,
              51.7472811
            ],
            [
              -0.5136452,
              51.7474673
            ],
            [
              -0.5137881,
              51.7475026
            ],
            [
              -0.5143787,
              51.7476534
            ],
            [
              -0.5161413,
              51.7480892
            ],
            [
              -0.5173051,
              51.7483832
            ],
            [
              -0.5186741,
              51.7487194
            ],
            [
              -0.521563,
              51.7494525
            ],
            [
              -0.5226604,
              51.749731
            ],
            [
              -0.5258359,
              51.7505194
            ],
            [
              -0.5269971,
              51.750819
            ],
            [
              -0.5281663,
              51.7511086
            ],
            [
              -0.5347052,
              51.7527557
            ],
            [
              -0.5389891,
              51.7538644
            ],
            [
              -0.5409674,
              51.7544515
            ],
            [
              -0.5413286,
              51.7545691
            ],
            [
              -0.5430617,
              51.7551332
            ],
            [
              -0.5454355,
              51.7559747
            ],
            [
              -0.5477371,
              51.7568876
            ],
            [
              -0.5506776,
              51.7581789
            ],
            [
              -0.5534989,
              51.7595699
            ],
            [
              -0.554647,
              51.7601877
            ],
            [
              -0.5557614,
              51.7608355
            ],
            [
              -0.5569945,
              51.7615275
            ],
            [
              -0.5579164,
              51.7619694
            ],
            [
              -0.5588882,
              51.7623694
            ],
            [
              -0.5589241,
              51.7623832
            ],
            [
              -0.5590494,
              51.7624313
            ],
            [
              -0.5595395,
              51.7626052
            ],
            [
              -0.5599517,
              51.7627569
            ],
            [
              -0.5606311,
              51.7629973
            ],
            [
              -0.561159,
              51.7631524
            ],
            [
              -0.5612709,
              51.7631853
            ],
            [
              -0.5613022,
              51.7631923
            ],
            [
              -0.5621616,
              51.7633846
            ],
            [
              -0.5626907,
              51.7634999
            ],
            [
              -0.5633269,
              51.7636222
            ],
            [
              -0.5639975,
              51.7637329
            ],
            [
              -0.5655933,
              51.7639793
            ],
            [
              -0.5665993,
              51.7641283
            ],
            [
              -0.5676011,
              51.7643051
            ],
            [
              -0.5695251,
              51.7647068
            ],
            [
              -0.5701882,
              51.7648576
            ],
            [
              -0.5720655,
              51.7653515
            ],
            [
              -0.5739501,
              51.7659235
            ],
            [
              -0.5742963,
              51.7660447
            ],
            [
              -0.5755493,
              51.7664834
            ],
            [
              -0.577126,
              51.7670789
            ],
            [
              -0.5795323,
              51.7681054
            ],
            [
              -0.5806824,
              51.7686628
            ],
            [
              -0.5818047,
              51.769237
            ],
            [
              -0.5835241,
              51.7702456
            ],
            [
              -0.5868709,
              51.7722402
            ],
            [
              -0.5875781,
              51.7726339
            ],
            [
              -0.5898071,
              51.7739488
            ],
            [
              -0.5925965,
              51.7754417
            ],
            [
              -0.592621,
              51.7754548
            ],
            [
              -0.5957567,
              51.7769465
            ],
            [
              -0.5968131,
              51.7774237
            ],
            [
              -0.5980264,
              51.7779736
            ],
            [
              -0.5981305,
              51.7780141
            ],
            [
              -0.6000175,
              51.7788003
            ],
            [
              -0.6015474,
              51.779493
            ],
            [
              -0.6034768,
              51.7804376
            ],
            [
              -0.6047629,
              51.7811564
            ],
            [
              -0.6050947,
              51.7813703
            ],
            [
              -0.6080966,
              51.7833058
            ],
            [
              -0.6095932,
              51.7844277
            ],
            [
              -0.61098,
              51.7855995
            ],
            [
              -0.6126217,
              51.7871799
            ],
            [
              -0.6133708,
              51.7879822
            ],
            [
              -0.6140842,
              51.7888029
            ],
            [
              -0.6151969,
              51.7902398
            ],
            [
              -0.6157114,
              51.7909788
            ],
            [
              -0.615863,
              51.7912077
            ],
            [
              -0.6162033,
              51.7917212
            ],
            [
              -0.6168967,
              51.7928993
            ],
            [
              -0.6177527,
              51.7945335
            ],
            [
              -0.6182953,
              51.795501
            ],
            [
              -0.6189673,
              51.7964813
            ],
            [
              -0.6193612,
              51.7970191
            ],
            [
              -0.6198266,
              51.7976218
            ],
            [
              -0.6202005,
              51.7980755
            ],
            [
              -0.6202602,
              51.7981479
            ],
            [
              -0.6206702,
              51.798637
            ],
            [
              -0.6214216,
              51.7995033
            ],
            [
              -0.6219444,
              51.8000727
            ],
            [
              -0.6224965,
              51.8006489
            ],
            [
              -0.6227629,
              51.8009203
            ],
            [
              -0.6233838,
              51.8015255
            ],
            [
              -0.6238677,
              51.8019783
            ],
            [
              -0.6242941,
              51.8023572
            ],
            [
              -0.6248461,
              51.8028478
            ],
            [
              -0.6264857,
              51.8042356
            ],
            [
              -0.6288486,
              51.8062795
            ],
            [
              -0.6316553,
              51.8086701
            ],
            [
              -0.6316603,
              51.8086744
            ],
            [
              -0.6333284,
              51.8101076
            ],
            [
              -0.6361927,
              51.8125815
            ],
            [
              -0.6378999,
              51.8140537
            ],
            [
              -0.6406229,
              51.8164212
            ],
            [
              -0.6407128,
              51.8164981
            ],
            [
              -0.6414103,
              51.8170948
            ],
            [
              -0.6442344,
              51.8195436
            ],
            [
              -0.6449407,
              51.8202044
            ],
            [
              -0.6456359,
              51.8208954
            ],
            [
              -0.6464636,
              51.8217733
            ],
            [
              -0.6472425,
              51.8226679
            ],
            [
              -0.6488613,
              51.8247502
            ],
            [
              -0.6499362,
              51.8263483
            ],
            [
              -0.6504475,
              51.8271873
            ],
            [
              -0.650918,
              51.8280377
            ],
            [
              -0.6512826,
              51.8287884
            ],
            [
              -0.6518688,
              51.8299957
            ],
            [
              -0.6525714,
              51.8317726
            ],
            [
              -0.6537922,
              51.8351463
            ],
            [
              -0.6538593,
              51.8353377
            ],
            [
              -0.6545922,
              51.8373619
            ],
            [
              -0.6547754,
              51.8378487
            ],
            [
              -0.6549022,
              51.8382546
            ],
            [
              -0.6549815,
              51.8384721
            ],
            [
              -0.6556281,
              51.8402463
            ],
            [
              -0.6557065,
              51.8404792
            ],
            [
              -0.6566053,
              51.842966
            ],
            [
              -0.6582748,
              51.8476335
            ],
            [
              -0.6583808,
              51.8479254
            ],
            [
              -0.6590112,
              51.8496811
            ],
            [
              -0.6593473,
              51.8506171
            ],
            [
              -0.6593976,
              51.8507586
            ],
            [
              -0.6602944,
              51.853244
            ],
            [
              -0.6616377,
              51.8570544
            ],
            [
              -0.6620698,
              51.8582953
            ],
            [
              -0.6624768,
              51.8594597
            ],
            [
              -0.662791,
              51.8603857
            ],
            [
              -0.6632717,
              51.86171
            ],
            [
              -0.663482,
              51.8622894
            ],
            [
              -0.6637261,
              51.8630105
            ],
            [
              -0.6655269,
              51.8679482
            ],
            [
              -0.6666552,
              51.8711115
            ],
            [
              -0.6667578,
              51.8714021
            ],
            [
              -0.6675995,
              51.873787
            ],
            [
              -0.6679004,
              51.8746394
            ],
            [
              -0.6680647,
              51.875105
            ],
            [
              -0.6680962,
              51.8751941
            ],
            [
              -0.6682956,
              51.875759
            ],
            [
              -0.6691651,
              51.8782225
            ],
            [
              -0.6693811,
              51.8788343
            ],
            [
              -0.6694478,
              51.8790168
            ],
            [
              -0.6694807,
              51.8791313
            ],
            [
              -0.6696406,
              51.8795609
            ],
            [
              -0.6701925,
              51.8811074
            ],
            [
              -0.6705594,
              51.8821204
            ],
            [
              -0.6708232,
              51.8828545
            ],
            [
              -0.6727919,
              51.8883327
            ],
            [
              -0.6745513,
              51.8932257
            ],
            [
              -0.6746633,
              51.8935345
            ],
            [
              -0.6753255,
              51.895361
            ],
            [
              -0.6754684,
              51.895751
            ],
            [
              -0.6767624,
              51.8993276
            ],
            [
              -0.6768243,
              51.899508
            ],
            [
              -0.67707,
              51.9002342
            ],
            [
              -0.6772886,
              51.9009649
            ],
            [
              -0.6774911,
              51.901631
            ],
            [
              -0.6776535,
              51.9022881
            ],
            [
              -0.6779015,
              51.9034175
            ],
            [
              -0.6780893,
              51.9045501
            ],
            [
              -0.6782245,
              51.9056144
            ],
            [
              -0.6782377,
              51.9057181
            ],
            [
              -0.6783502,
              51.9067332
            ],
            [
              -0.6783924,
              51.907821
            ],
            [
              -0.6784047,
              51.9089157
            ],
            [
              -0.6783906,
              51.9096235
            ],
            [
              -0.6783679,
              51.9102753
            ],
            [
              -0.6783079,
              51.9111096
            ],
            [
              -0.6782554,
              51.911637
            ],
            [
              -0.678248,
              51.9117606
            ],
            [
              -0.6782267,
              51.9119542
            ],
            [
              -0.6780387,
              51.9135682
            ],
            [
              -0.6779595,
              51.9141555
            ],
            [
              -0.6778934,
              51.9144914
            ],
            [
              -0.6778643,
              51.9146394
            ],
            [
              -0.6775264,
              51.9159026
            ],
            [
              -0.6773011,
              51.9165412
            ],
            [
              -0.6771951,
              51.9168498
            ],
            [
              -0.6763459,
              51.918773
            ],
            [
              -0.6760929,
              51.9194064
            ],
            [
              -0.6758683,
              51.9200371
            ],
            [
              -0.6756686,
              51.9207839
            ],
            [
              -0.6755689,
              51.9214363
            ],
            [
              -0.6755115,
              51.9226064
            ],
            [
              -0.6755812,
              51.9231939
            ],
            [
              -0.6758,
              51.9241957
            ],
            [
              -0.675886,
              51.9245088
            ],
            [
              -0.6760078,
              51.9248738
            ],
            [
              -0.6761764,
              51.9253696
            ],
            [
              -0.6764171,
              51.9258711
            ],
            [
              -0.6767479,
              51.9264555
            ],
            [
              -0.6770106,
              51.9268423
            ],
            [
              -0.6774315,
              51.9274618
            ],
            [
              -0.6777716,
              51.928075
            ],
            [
              -0.6793477,
              51.9303422
            ],
            [
              -0.6803858,
              51.9318201
            ],
            [
              -0.6804951,
              51.931966
            ],
            [
              -0.6810519,
              51.9326509
            ],
            [
              -0.682096,
              51.933697
            ],
            [
              -0.6832168,
              51.9346265
            ],
            [
              -0.6833993,
              51.9347477
            ],
            [
              -0.684685,
              51.9356012
            ],
            [
              -0.6862199,
              51.9364401
            ],
            [
              -0.6878581,
              51.937153
            ],
            [
              -0.6898504,
              51.937835
            ],
            [
              -0.6917979,
              51.9383509
            ],
            [
              -0.6935053,
              51.938705
            ],
            [
              -0.6952105,
              51.9390595
            ],
            [
              -0.6979873,
              51.9397519
            ],
            [
              -0.6992899,
              51.9401452
            ],
            [
              -0.7001465,
              51.9404038
            ],
            [
              -0.7035974,
              51.9416125
            ],
            [
              -0.7067303,
              51.9429211
            ],
            [
              -0.7080745,
              51.943553
            ],
            [
              -0.7097333,
              51.944399
            ],
            [
              -0.7115677,
              51.9454351
            ],
            [
              -0.7116003,
              51.9454535
            ],
            [
              -0.7134668,
              51.9466269
            ],
            [
              -0.7158973,
              51.9483572
            ],
            [
              -0.7180524,
              51.950129
            ],
            [
              -0.7192033,
              51.9512233
            ],
            [
              -0.7204326,
              51.9525108
            ],
            [
              -0.721239,
              51.953448
            ],
            [
              -0.7213152,
              51.9535365
            ],
            [
              -0.7225192,
              51.9551016
            ],
            [
              -0.7233037,
              51.9562939
            ],
            [
              -0.724006,
              51.957509
            ],
            [
              -0.7246339,
              51.9587633
            ],
            [
              -0.7251962,
              51.9600468
            ],
            [
              -0.7258471,
              51.9619041
            ],
            [
              -0.7261164,
              51.9627539
            ],
            [
              -0.7277588,
              51.9679372
            ],
            [
              -0.7286482,
              51.9707961
            ],
            [
              -0.7290732,
              51.9721059
            ],
            [
              -0.7296467,
              51.9739336
            ],
            [
              -0.7297521,
              51.9742602
            ],
            [
              -0.7305764,
              51.9768136
            ],
            [
              -0.730804,
              51.9775751
            ],
            [
              -0.7311285,
              51.978526
            ],
            [
              -0.7313146,
              51.9791058
            ],
            [
              -0.7314439,
              51.9794929
            ],
            [
              -0.7318424,
              51.98078
            ],
            [
              -0.7324674,
              51.9828225
            ],
            [
              -0.7325036,
              51.9829321
            ],
            [
              -0.7330314,
              51.9845263
            ],
            [
              -0.733395,
              51.9857322
            ],
            [
              -0.7334168,
              51.985795
            ],
            [
              -0.7344544,
              51.9889862
            ],
            [
              -0.7350805,
              51.9911501
            ],
            [
              -0.7351138,
              51.9912928
            ],
            [
              -0.7355609,
              51.9926702
            ],
            [
              -0.73571,
              51.9931761
            ],
            [
              -0.7358375,
              51.9937499
            ],
            [
              -0.7359088,
              51.9940169
            ],
            [
              -0.7360645,
              51.9945612
            ],
            [
              -0.7360788,
              51.9946082
            ],
            [
              -0.7363015,
              51.9953091
            ],
            [
              -0.7367864,
              51.9968355
            ],
            [
              -0.7369415,
              51.9973254
            ],
            [
              -0.7369634,
              51.9973998
            ],
            [
              -0.7373804,
              51.998648
            ],
            [
              -0.7375069,
              51.998979
            ],
            [
              -0.73815,
              52.0008112
            ],
            [
              -0.7381735,
              52.0008792
            ],
            [
              -0.7387393,
              52.0021865
            ],
            [
              -0.7389598,
              52.002657
            ],
            [
              -0.7391664,
              52.0030598
            ],
            [
              -0.7394732,
              52.0036527
            ],
            [
              -0.7398604,
              52.0043407
            ],
            [
              -0.7402415,
              52.0049862
            ],
            [
              -0.74091,
              52.0060002
            ],
            [
              -0.7414547,
              52.0068033
            ],
            [
              -0.7420001,
              52.0075335
            ],
            [
              -0.7422587,
              52.0078549
            ],
            [
              -0.7429943,
              52.0087575
            ],
            [
              -0.7435233,
              52.009359
            ],
            [
              -0.743874,
              52.0097524
            ],
            [
              -0.7444514,
              52.0103713
            ],
            [
              -0.7451013,
              52.0110298
            ],
            [
              -0.7454634,
              52.0113843
            ],
            [
              -0.7462316,
              52.0121039
            ],
            [
              -0.7467141,
              52.0125375
            ],
            [
              -0.7469102,
              52.0127222
            ],
            [
              -0.7473531,
              52.0131114
            ],
            [
              -0.7476065,
              52.0133269
            ],
            [
              -0.7479808,
              52.0136284
            ],
            [
              -0.7484141,
              52.0139773
            ],
            [
              -0.7488104,
              52.0142835
            ],
            [
              -0.7492949,
              52.0146611
            ],
            [
              -0.7497697,
              52.0150202
            ],
            [
              -0.7502493,
              52.0153852
            ],
            [
              -0.7511167,
              52.0160461
            ],
            [
              -0.751611,
              52.016421
            ],
            [
              -0.7520644,
              52.0167704
            ],
            [
              -0.7530137,
              52.0174905
            ],
            [
              -0.7547068,
              52.0187815
            ],
            [
              -0.7550869,
              52.019066
            ],
            [
              -0.7556001,
              52.0194628
            ],
            [
              -0.7561755,
              52.0199068
            ],
            [
              -0.7563888,
              52.0200693
            ],
            [
              -0.7564793,
              52.0201381
            ],
            [
              -0.7575612,
              52.0209621
            ],
            [
              -0.7599979,
              52.0228177
            ],
            [
              -0.7606175,
              52.0232914
            ],
            [
              -0.761135,
              52.0236855
            ],
            [
              -0.7617976,
              52.02419
            ],
            [
              -0.7630368,
              52.0251299
            ],
            [
              -0.765546,
              52.0270517
            ],
            [
              -0.7664702,
              52.0277596
            ],
            [
              -0.7674865,
              52.028538
            ],
            [
              -0.7682188,
              52.029093
            ],
            [
              -0.7683012,
              52.0291554
            ],
            [
              -0.7707294,
              52.030995
            ],
            [
              -0.7724302,
              52.0322975
            ],
            [
              -0.7730652,
              52.0327797
            ],
            [
              -0.7731975,
              52.0328802
            ],
            [
              -0.7745967,
              52.0339528
            ],
            [
              -0.7759579,
              52.0349863
            ],
            [
              -0.7771297,
              52.0358772
            ],
            [
              -0.7777911,
              52.0363859
            ],
            [
              -0.7803437,
              52.0383266
            ],
            [
              -0.7815936,
              52.0392768
            ],
            [
              -0.7822581,
              52.0397819
            ],
            [
              -0.7826629,
              52.0400882
            ],
            [
              -0.7836499,
              52.0408393
            ],
            [
              -0.7845934,
              52.0415582
            ],
            [
              -0.7849591,
              52.0418346
            ],
            [
              -0.78565,
              52.0423678
            ],
            [
              -0.7867105,
              52.043167
            ],
            [
              -0.7870208,
              52.0434067
            ],
            [
              -0.7874696,
              52.0437373
            ],
            [
              -0.7882194,
              52.044313
            ],
            [
              -0.7890598,
              52.0449562
            ],
            [
              -0.7899578,
              52.045634
            ],
            [
              -0.7911659,
              52.0465546
            ],
            [
              -0.7916227,
              52.0469013
            ],
            [
              -0.7926991,
              52.0477182
            ],
            [
              -0.7932386,
              52.0481224
            ],
            [
              -0.7944907,
              52.0490833
            ],
            [
              -0.7949161,
              52.0494311
            ],
            [
              -0.7950698,
              52.049555
            ],
            [
              -0.7956323,
              52.0499938
            ],
            [
              -0.795827,
              52.0501729
            ],
            [
              -0.7961034,
              52.0504255
            ],
            [
              -0.7975797,
              52.0516952
            ],
            [
              -0.7985524,
              52.0525817
            ],
            [
              -0.7991331,
              52.0531995
            ],
            [
              -0.7994016,
              52.0534973
            ],
            [
              -0.7997867,
              52.0539773
            ],
            [
              -0.8004261,
              52.0548582
            ],
            [
              -0.8007089,
              52.0552975
            ],
            [
              -0.8010205,
              52.0558583
            ],
            [
              -0.8010472,
              52.0559124
            ],
            [
              -0.801175,
              52.0561713
            ],
            [
              -0.8013824,
              52.0566081
            ],
            [
              -0.8016463,
              52.0572694
            ],
            [
              -0.8019426,
              52.0581926
            ],
            [
              -0.8021525,
              52.0589767
            ],
            [
              -0.8023608,
              52.0597666
            ],
            [
              -0.8025537,
              52.0605882
            ],
            [
              -0.8027668,
              52.0614969
            ],
            [
              -0.8028783,
              52.0619439
            ],
            [
              -0.8030664,
              52.0626281
            ],
            [
              -0.8031302,
              52.0627943
            ],
            [
              -0.8032938,
              52.0632403
            ],
            [
              -0.8034709,
              52.063674
            ],
            [
              -0.8036653,
              52.0640796
            ],
            [
              -0.8038632,
              52.0645128
            ],
            [
              -0.8040539,
              52.0648487
            ],
            [
              -0.8044014,
              52.0653961
            ],
            [
              -0.804803,
              52.0659259
            ],
            [
              -0.8052443,
              52.066443
            ],
            [
              -0.8057342,
              52.0669486
            ],
            [
              -0.806036,
              52.0672048
            ],
            [
              -0.8063073,
              52.0674609
            ],
            [
              -0.8067194,
              52.0678193
            ],
            [
              -0.8070032,
              52.0680613
            ],
            [
              -0.8072994,
              52.0682968
            ],
            [
              -0.8079044,
              52.068762
            ],
            [
              -0.8085202,
              52.0692212
            ],
            [
              -0.8091273,
              52.0696865
            ],
            [
              -0.8097139,
              52.0701626
            ],
            [
              -0.8102617,
              52.070652
            ],
            [
              -0.8105208,
              52.0709004
            ],
            [
              -0.8107722,
              52.0711517
            ],
            [
              -0.8112481,
              52.0716653
            ],
            [
              -0.811913,
              52.0724165
            ],
            [
              -0.8125662,
              52.0731686
            ],
            [
              -0.8166564,
              52.0778359
            ],
            [
              -0.8170138,
              52.0782397
            ],
            [
              -0.8173822,
              52.0786392
            ],
            [
              -0.8173887,
              52.0786462
            ],
            [
              -0.817756,
              52.079036
            ],
            [
              -0.818136,
              52.0794299
            ],
            [
              -0.81853,
              52.0798195
            ],
            [
              -0.8189335,
              52.0802045
            ],
            [
              -0.8193443,
              52.0805881
            ],
            [
              -0.8197729,
              52.0809629
            ],
            [
              -0.8201982,
              52.0813408
            ],
            [
              -0.8206282,
              52.0817157
            ],
            [
              -0.8210673,
              52.0820881
            ],
            [
              -0.8215177,
              52.0824536
            ],
            [
              -0.8219779,
              52.0828174
            ],
            [
              -0.8224462,
              52.083176
            ],
            [
              -0.822924,
              52.0835306
            ],
            [
              -0.8234087,
              52.0838802
            ],
            [
              -0.8239006,
              52.0842257
            ],
            [
              -0.8243991,
              52.084567
            ],
            [
              -0.824906,
              52.0849043
            ],
            [
              -0.8254206,
              52.0852371
            ],
            [
              -0.8259416,
              52.0855659
            ],
            [
              -0.8264694,
              52.0858908
            ],
            [
              -0.8270032,
              52.0862097
            ],
            [
              -0.8275477,
              52.0865225
            ],
            [
              -0.828101,
              52.086834
            ],
            [
              -0.8284249,
              52.0870099
            ],
            [
              -0.8286612,
              52.0871383
            ],
            [
              -0.8292258,
              52.0874386
            ],
            [
              -0.8297971,
              52.0877339
            ],
            [
              -0.8303746,
              52.0880269
            ],
            [
              -0.8309532,
              52.0883172
            ],
            [
              -0.8315341,
              52.088607
            ],
            [
              -0.8321157,
              52.088894
            ],
            [
              -0.8329469,
              52.0893182
            ],
            [
              -0.8337697,
              52.0897505
            ],
            [
              -0.834581,
              52.0901913
            ],
            [
              -0.8353839,
              52.0906371
            ],
            [
              -0.8368037,
              52.0914695
            ],
            [
              -0.8374982,
              52.0918999
            ],
            [
              -0.8381892,
              52.0923324
            ],
            [
              -0.838855,
              52.092781
            ],
            [
              -0.8395133,
              52.093229
            ],
            [
              -0.8408099,
              52.0941369
            ],
            [
              -0.841617,
              52.0947372
            ],
            [
              -0.8424038,
              52.095352
            ],
            [
              -0.8431717,
              52.0959736
            ],
            [
              -0.8439182,
              52.0966036
            ],
            [
              -0.8446439,
              52.0972481
            ],
            [
              -0.8453534,
              52.0979002
            ],
            [
              -0.8454039,
              52.0979491
            ],
            [
              -0.8460377,
              52.0985635
            ],
            [
              -0.8467039,
              52.0992333
            ],
            [
              -0.8473497,
              52.0999031
            ],
            [
              -0.8479579,
              52.1005843
            ],
            [
              -0.848539,
              52.1012733
            ],
            [
              -0.849105,
              52.1019686
            ],
            [
              -0.8496494,
              52.1026655
            ],
            [
              -0.8501707,
              52.1033679
            ],
            [
              -0.8506771,
              52.1040734
            ],
            [
              -0.8511714,
              52.1047827
            ],
            [
              -0.8548093,
              52.1101511
            ],
            [
              -0.8558088,
              52.111626
            ],
            [
              -0.8565916,
              52.1127811
            ],
            [
              -0.8566117,
              52.1128107
            ],
            [
              -0.8574617,
              52.114065
            ],
            [
              -0.8577196,
              52.1144335
            ],
            [
              -0.8578129,
              52.1145697
            ],
            [
              -0.8581555,
              52.1150886
            ],
            [
              -0.8590659,
              52.1164319
            ],
            [
              -0.8597189,
              52.1173952
            ],
            [
              -0.8605303,
              52.1185924
            ],
            [
              -0.861776,
              52.1204302
            ],
            [
              -0.8689576,
              52.1310238
            ],
            [
              -0.8690209,
              52.1311172
            ],
            [
              -0.8694587,
              52.1317479
            ],
            [
              -0.8699058,
              52.1323758
            ],
            [
              -0.8703672,
              52.1330009
            ],
            [
              -0.8708463,
              52.133618
            ],
            [
              -0.8713421,
              52.1342304
            ],
            [
              -0.8718553,
              52.1348388
            ],
            [
              -0.8723879,
              52.1354413
            ],
            [
              -0.8729341,
              52.136038
            ],
            [
              -0.873165,
              52.136284
            ],
            [
              -0.8733059,
              52.1364335
            ],
            [
              -0.8736205,
              52.1367588
            ],
            [
              -0.8738551,
              52.136998
            ],
            [
              -0.8740876,
              52.1372351
            ],
            [
              -0.8760197,
              52.1391167
            ],
            [
              -0.8774112,
              52.1405091
            ],
            [
              -0.8783587,
              52.1414572
            ],
            [
              -0.8785135,
              52.1416279
            ],
            [
              -0.8804064,
              52.1434395
            ],
            [
              -0.8806015,
              52.1436303
            ],
            [
              -0.881639,
              52.1445967
            ],
            [
              -0.8825516,
              52.1454645
            ],
            [
              -0.8828377,
              52.1457275
            ],
            [
              -0.8831281,
              52.1459877
            ],
            [
              -0.883422,
              52.1462447
            ],
            [
              -0.8837241,
              52.1464989
            ],
            [
              -0.8840284,
              52.1467537
            ],
            [
              -0.8843393,
              52.1470029
            ],
            [
              -0.8846565,
              52.147249
            ],
            [
              -0.884981,
              52.1474891
            ],
            [
              -0.8852588,
              52.1476959
            ],
            [
              -0.8855403,
              52.1478985
            ],
            [
              -0.8860523,
              52.148255
            ],
            [
              -0.886117,
              52.1483
            ],
            [
              -0.8867018,
              52.1486936
            ],
            [
              -0.8872997,
              52.1490772
            ],
            [
              -0.8884977,
              52.1498485
            ],
            [
              -0.889094,
              52.1502361
            ],
            [
              -0.8896786,
              52.15063
            ],
            [
              -0.8908726,
              52.1514632
            ],
            [
              -0.8920119,
              52.1523219
            ],
            [
              -0.8931484,
              52.1531844
            ],
            [
              -0.8942467,
              52.1540604
            ],
            [
              -0.8948036,
              52.1545197
            ],
            [
              -0.8953211,
              52.1549547
            ],
            [
              -0.8963969,
              52.1558847
            ],
            [
              -0.8969211,
              52.1563528
            ],
            [
              -0.8974433,
              52.1568229
            ],
            [
              -0.8979506,
              52.1573014
            ],
            [
              -0.898014,
              52.1573618
            ],
            [
              -0.8984514,
              52.1577781
            ],
            [
              -0.8989429,
              52.1582608
            ],
            [
              -0.8991851,
              52.1585018
            ],
            [
              -0.8994245,
              52.1587462
            ],
            [
              -0.899799,
              52.1591334
            ],
            [
              -0.900167,
              52.1595234
            ],
            [
              -0.9008852,
              52.160308
            ],
            [
              -0.9016953,
              52.1612353
            ],
            [
              -0.9024511,
              52.1621742
            ],
            [
              -0.9034973,
              52.1635318
            ],
            [
              -0.9041091,
              52.1643542
            ],
            [
              -0.9051359,
              52.1658393
            ],
            [
              -0.9055448,
              52.1664308
            ],
            [
              -0.9058468,
              52.1668483
            ],
            [
              -0.9061568,
              52.1672533
            ],
            [
              -0.906477,
              52.1676495
            ],
            [
              -0.9068118,
              52.168052
            ],
            [
              -0.9071665,
              52.1684486
            ],
            [
              -0.9075307,
              52.1688418
            ],
            [
              -0.9079082,
              52.1692251
            ],
            [
              -0.9083023,
              52.1696122
            ],
            [
              -0.908707,
              52.1699881
            ],
            [
              -0.9093277,
              52.1705509
            ],
            [
              -0.9098954,
              52.1710294
            ],
            [
              -0.9106137,
              52.1716002
            ],
            [
              -0.9112804,
              52.1720975
            ],
            [
              -0.9124334,
              52.1729036
            ],
            [
              -0.9131396,
              52.1733486
            ],
            [
              -0.9137389,
              52.1737262
            ],
            [
              -0.9150325,
              52.1744765
            ],
            [
              -0.9163379,
              52.1751518
            ],
            [
              -0.9177576,
              52.1758159
            ],
            [
              -0.9190495,
              52.1763697
            ],
            [
              -0.9197559,
              52.1766478
            ],
            [
              -0.9212928,
              52.1772172
            ],
            [
              -0.9224598,
              52.1776092
            ],
            [
              -0.9231596,
              52.1778289
            ],
            [
              -0.9244041,
              52.1781866
            ],
            [
              -0.9261449,
              52.1786388
            ],
            [
              -0.9268887,
              52.1788084
            ],
            [
              -0.9276618,
              52.1789754
            ],
            [
              -0.9288472,
              52.1792147
            ],
            [
              -0.9289188,
              52.1792291
            ],
            [
              -0.9298345,
              52.1793934
            ],
            [
              -0.9314243,
              52.1796823
            ],
            [
              -0.9330885,
              52.1800276
            ],
            [
              -0.9347996,
              52.1804366
            ],
            [
              -0.9359238,
              52.1807361
            ],
            [
              -0.9364379,
              52.1808808
            ],
            [
              -0.9373141,
              52.1811342
            ],
            [
              -0.9385635,
              52.1815229
            ],
            [
              -0.9397491,
              52.1819275
            ],
            [
              -0.9409806,
              52.1823775
            ],
            [
              -0.9425631,
              52.1830057
            ],
            [
              -0.9433704,
              52.1833379
            ],
            [
              -0.9440276,
              52.1836208
            ],
            [
              -0.9441416,
              52.1836696
            ],
            [
              -0.9464711,
              52.1846667
            ],
            [
              -0.9466852,
              52.1847584
            ],
            [
              -0.9480042,
              52.1853231
            ],
            [
              -0.9504025,
              52.1863513
            ],
            [
              -0.9514694,
              52.1868183
            ],
            [
              -0.9523709,
              52.1871788
            ],
            [
              -0.9539431,
              52.1878834
            ],
            [
              -0.9558011,
              52.1886874
            ],
            [
              -0.9573986,
              52.189363
            ],
            [
              -0.9584086,
              52.189764
            ],
            [
              -0.9597934,
              52.1903083
            ],
            [
              -0.9612152,
              52.1908373
            ],
            [
              -0.9627571,
              52.1913737
            ],
            [
              -0.9646136,
              52.1919734
            ],
            [
              -0.9659208,
              52.1923725
            ],
            [
              -0.9669371,
              52.1926668
            ],
            [
              -0.9671762,
              52.1927361
            ],
            [
              -0.9689624,
              52.1932203
            ],
            [
              -0.9706146,
              52.1936382
            ],
            [
              -0.9720416,
              52.1939656
            ],
            [
              -0.9733424,
              52.194248
            ],
            [
              -0.9739364,
              52.1943698
            ],
            [
              -0.9748794,
              52.1945632
            ],
            [
              -0.9761883,
              52.19481
            ],
            [
              -0.9774516,
              52.1950371
            ],
            [
              -0.9786257,
              52.1952237
            ],
            [
              -0.979424,
              52.1953479
            ],
            [
              -0.9811158,
              52.1955822
            ],
            [
              -0.9825485,
              52.1957882
            ],
            [
              -0.9838326,
              52.196002
            ],
            [
              -0.9848163,
              52.1962003
            ],
            [
              -0.9863419,
              52.1965364
            ],
            [
              -0.9873676,
              52.1967933
            ],
            [
              -0.9885641,
              52.1971417
            ],
            [
              -0.9893661,
              52.197398
            ],
            [
              -0.9901817,
              52.1976778
            ],
            [
              -0.9902405,
              52.197698
            ],
            [
              -0.9918443,
              52.1982659
            ],
            [
              -0.9929447,
              52.1986163
            ],
            [
              -0.9940947,
              52.1989615
            ],
            [
              -0.995578,
              52.1993591
            ],
            [
              -0.9972919,
              52.1997464
            ],
            [
              -0.9991372,
              52.2001159
            ],
            [
              -1.0007399,
              52.20038
            ],
            [
              -1.0023523,
              52.2006108
            ],
            [
              -1.0034725,
              52.2007547
            ],
            [
              -1.0044135,
              52.2008567
            ],
            [
              -1.0053205,
              52.2009551
            ],
            [
              -1.0061787,
              52.2010556
            ],
            [
              -1.0072584,
              52.2012038
            ],
            [
              -1.0084615,
              52.2013936
            ],
            [
              -1.0099117,
              52.2016626
            ],
            [
              -1.0111043,
              52.201916
            ],
            [
              -1.0123096,
              52.2021962
            ],
            [
              -1.0136193,
              52.2025243
            ],
            [
              -1.0145363,
              52.2027747
            ],
            [
              -1.0156808,
              52.2031121
            ],
            [
              -1.0165109,
              52.2033791
            ],
            [
              -1.0169451,
              52.2035373
            ],
            [
              -1.017271,
              52.2036526
            ],
            [
              -1.0198791,
              52.2046602
            ],
            [
              -1.0203511,
              52.2048472
            ],
            [
              -1.0212761,
              52.2052203
            ],
            [
              -1.0218905,
              52.2054682
            ],
            [
              -1.0232108,
              52.2059831
            ],
            [
              -1.0237059,
              52.2061772
            ],
            [
              -1.0448045,
              52.2145317
            ],
            [
              -1.0451925,
              52.214687
            ],
            [
              -1.0490509,
              52.2162178
            ],
            [
              -1.0555169,
              52.218783
            ],
            [
              -1.0610822,
              52.2209819
            ],
            [
              -1.0626381,
              52.2215872
            ],
            [
              -1.066872,
              52.2232642
            ],
            [
              -1.0696155,
              52.2243451
            ],
            [
              -1.0696648,
              52.2243656
            ],
            [
              -1.0704567,
              52.224694
            ],
            [
              -1.0711353,
              52.2250075
            ],
            [
              -1.0718312,
              52.2253732
            ],
            [
              -1.0724336,
              52.2257371
            ],
            [
              -1.0730637,
              52.2261609
            ],
            [
              -1.0736893,
              52.2266356
            ],
            [
              -1.0741728,
              52.2270627
            ],
            [
              -1.0744954,
              52.2273806
            ],
            [
              -1.0749445,
              52.2278492
            ],
            [
              -1.0754121,
              52.2284278
            ],
            [
              -1.0755393,
              52.2285959
            ],
            [
              -1.0758663,
              52.2290808
            ],
            [
              -1.0761927,
              52.2295852
            ],
            [
              -1.0771178,
              52.2309642
            ],
            [
              -1.0772229,
              52.2311193
            ],
            [
              -1.0776212,
              52.2315944
            ],
            [
              -1.0780337,
              52.2320638
            ],
            [
              -1.0784965,
              52.2325099
            ],
            [
              -1.0790048,
              52.2329568
            ],
            [
              -1.0799441,
              52.2336589
            ],
            [
              -1.0804635,
              52.2340202
            ],
            [
              -1.0811985,
              52.2344909
            ],
            [
              -1.0820679,
              52.2350533
            ],
            [
              -1.0830928,
              52.235697
            ],
            [
              -1.083122,
              52.2357153
            ],
            [
              -1.08367,
              52.2361259
            ],
            [
              -1.0845385,
              52.236861
            ],
            [
              -1.0850854,
              52.2374069
            ],
            [
              -1.0856613,
              52.23809
            ],
            [
              -1.0859769,
              52.2385477
            ],
            [
              -1.086302,
              52.2391058
            ],
            [
              -1.0865707,
              52.2396833
            ],
            [
              -1.0867297,
              52.2400786
            ],
            [
              -1.0869214,
              52.2407324
            ],
            [
              -1.0870291,
              52.2415218
            ],
            [
              -1.0870672,
              52.2421579
            ],
            [
              -1.0870314,
              52.2426041
            ],
            [
              -1.0869736,
              52.2431161
            ],
            [
              -1.0868682,
              52.2435911
            ],
            [
              -1.0866458,
              52.2444193
            ],
            [
              -1.0863583,
              52.2453875
            ],
            [
              -1.0860892,
              52.2463112
            ],
            [
              -1.0858389,
              52.2472825
            ],
            [
              -1.0857334,
              52.2477928
            ],
            [
              -1.0857322,
              52.2477986
            ],
            [
              -1.0856645,
              52.248222
            ],
            [
              -1.0855618,
              52.249185
            ],
            [
              -1.0855176,
              52.2505265
            ],
            [
              -1.0855603,
              52.2511574
            ],
            [
              -1.0856043,
              52.2517862
            ],
            [
              -1.0856787,
              52.252437
            ],
            [
              -1.085793,
              52.2530941
            ],
            [
              -1.0859411,
              52.2537524
            ],
            [
              -1.0861146,
              52.2544178
            ],
            [
              -1.086363,
              52.255185
            ],
            [
              -1.0866874,
              52.2560108
            ],
            [
              -1.0869487,
              52.2566055
            ],
            [
              -1.0872212,
              52.2571738
            ],
            [
              -1.0873483,
              52.2574038
            ],
            [
              -1.0876411,
              52.2579337
            ],
            [
              -1.0880651,
              52.2586127
            ],
            [
              -1.0883605,
              52.2590726
            ],
            [
              -1.0889223,
              52.2598409
            ],
            [
              -1.089697,
              52.260804
            ],
            [
              -1.0907813,
              52.2620093
            ],
            [
              -1.0916745,
              52.2629656
            ],
            [
              -1.0919416,
              52.2632707
            ],
            [
              -1.0927008,
              52.264167
            ],
            [
              -1.0932301,
              52.2648477
            ],
            [
              -1.0937206,
              52.2655421
            ],
            [
              -1.0940877,
              52.266099
            ],
            [
              -1.0946145,
              52.2669692
            ],
            [
              -1.0949917,
              52.2676875
            ],
            [
              -1.0954126,
              52.2685967
            ],
            [
              -1.0957845,
              52.2694872
            ],
            [
              -1.0961447,
              52.2704548
            ],
            [
              -1.0967549,
              52.2722128
            ],
            [
              -1.0972807,
              52.2737646
            ],
            [
              -1.0974739,
              52.2743124
            ],
            [
              -1.0975251,
              52.2744577
            ],
            [
              -1.0976147,
              52.2747209
            ],
            [
              -1.09783,
              52.2753249
            ],
            [
              -1.0989578,
              52.2785019
            ],
            [
              -1.0990053,
              52.2786337
            ],
            [
              -1.0990684,
              52.2788304
            ],
            [
              -1.0998656,
              52.2810234
            ],
            [
              -1.0999928,
              52.281382
            ],
            [
              -1.1002696,
              52.2819615
            ],
            [
              -1.1005324,
              52.2824373
            ],
            [
              -1.1008194,
              52.2829116
            ],
            [
              -1.1011413,
              52.2833923
            ],
            [
              -1.1015087,
              52.2838912
            ],
            [
              -1.1016069,
              52.2840065
            ],
            [
              -1.1017396,
              52.2841671
            ],
            [
              -1.1021173,
              52.2846177
            ],
            [
              -1.1027723,
              52.2853187
            ],
            [
              -1.1041199,
              52.2866848
            ],
            [
              -1.1055923,
              52.2882036
            ],
            [
              -1.1059639,
              52.288587
            ],
            [
              -1.107916,
              52.29059
            ],
            [
              -1.1093757,
              52.2920897
            ],
            [
              -1.1121518,
              52.2949474
            ],
            [
              -1.1137203,
              52.2965711
            ],
            [
              -1.1154369,
              52.2983263
            ],
            [
              -1.117205,
              52.3001473
            ],
            [
              -1.1190794,
              52.302071
            ],
            [
              -1.1198921,
              52.30285
            ],
            [
              -1.1213941,
              52.3041506
            ],
            [
              -1.1228921,
              52.3053276
            ],
            [
              -1.1237544,
              52.3059367
            ],
            [
              -1.1238259,
              52.3059834
            ],
            [
              -1.1242668,
              52.3062712
            ],
            [
              -1.1256566,
              52.3071313
            ],
            [
              -1.1258117,
              52.3072273
            ],
            [
              -1.1270863,
              52.307959
            ],
            [
              -1.1317393,
              52.310499
            ],
            [
              -1.1358923,
              52.3127844
            ],
            [
              -1.1360215,
              52.3128555
            ],
            [
              -1.1371547,
              52.313474
            ],
            [
              -1.1396465,
              52.3148416
            ],
            [
              -1.1423247,
              52.3162956
            ],
            [
              -1.1448151,
              52.3176654
            ],
            [
              -1.1459202,
              52.3182909
            ],
            [
              -1.1468911,
              52.3188681
            ],
            [
              -1.1479748,
              52.3195452
            ],
            [
              -1.1487043,
              52.3200223
            ],
            [
              -1.149686,
              52.3206781
            ],
            [
              -1.1502815,
              52.321088
            ],
            [
              -1.1523667,
              52.3226449
            ],
            [
              -1.1543071,
              52.3241605
            ],
            [
              -1.1557094,
              52.3252666
            ],
            [
              -1.1570242,
              52.3262868
            ],
            [
              -1.1589336,
              52.3277718
            ],
            [
              -1.1591324,
              52.3279183
            ],
            [
              -1.1606504,
              52.3291
            ],
            [
              -1.1617834,
              52.3299846
            ],
            [
              -1.1629751,
              52.3309072
            ],
            [
              -1.165655,
              52.3329817
            ],
            [
              -1.1658391,
              52.3331253
            ],
            [
              -1.1675772,
              52.3344921
            ],
            [
              -1.170764,
              52.3369965
            ],
            [
              -1.1724119,
              52.3382521
            ],
            [
              -1.1725143,
              52.3383301
            ],
            [
              -1.1733109,
              52.3389528
            ],
            [
              -1.1742905,
              52.3397139
            ],
            [
              -1.1746145,
              52.3399656
            ],
            [
              -1.1780047,
              52.3426
            ],
            [
              -1.1805073,
              52.3445457
            ],
            [
              -1.1823232,
              52.3459598
            ],
            [
              -1.1835355,
              52.3469003
            ],
            [
              -1.1848888,
              52.3479528
            ],
            [
              -1.1850081,
              52.3480456
            ],
            [
              -1.1865047,
              52.3492171
            ],
            [
              -1.1881516,
              52.350477
            ],
            [
              -1.1899245,
              52.3517484
            ],
            [
              -1.1905307,
              52.3521596
            ],
            [
              -1.191102,
              52.3525381
            ],
            [
              -1.1916948,
              52.3529198
            ],
            [
              -1.1922983,
              52.3532999
            ],
            [
              -1.1929393,
              52.3536767
            ],
            [
              -1.1934919,
              52.3539961
            ],
            [
              -1.1939854,
              52.3542763
            ],
            [
              -1.1946586,
              52.3546432
            ],
            [
              -1.1951709,
              52.3549119
            ],
            [
              -1.1958576,
              52.3552608
            ],
            [
              -1.1984942,
              52.3565501
            ],
            [
              -1.1996608,
              52.3571099
            ],
            [
              -1.2010609,
              52.3577948
            ],
            [
              -1.2024961,
              52.3584863
            ],
            [
              -1.2038559,
              52.3591437
            ],
            [
              -1.2064345,
              52.3604019
            ],
            [
              -1.2066341,
              52.3604993
            ],
            [
              -1.20705,
              52.3607021
            ],
            [
              -1.2146545,
              52.3643682
            ],
            [
              -1.220931,
              52.3674078
            ],
            [
              -1.2222106,
              52.3680288
            ],
            [
              -1.2225268,
              52.3681777
            ],
            [
              -1.2231328,
              52.3684798
            ],
            [
              -1.2240126,
              52.368904
            ],
            [
              -1.2263651,
              52.3700414
            ],
            [
              -1.2277222,
              52.370703
            ],
            [
              -1.2288568,
              52.3712483
            ],
            [
              -1.2297654,
              52.3716812
            ],
            [
              -1.2311185,
              52.372336
            ],
            [
              -1.2319617,
              52.3727614
            ],
            [
              -1.2324559,
              52.3729987
            ],
            [
              -1.2328996,
              52.3732117
            ],
            [
              -1.2343634,
              52.3739094
            ],
            [
              -1.2351976,
              52.3743417
            ],
            [
              -1.2360774,
              52.3748215
            ],
            [
              -1.2374184,
              52.3755187
            ],
            [
              -1.2380702,
              52.3758318
            ],
            [
              -1.2387424,
              52.3761197
            ],
            [
              -1.2394649,
              52.3764065
            ],
            [
              -1.2403581,
              52.376716
            ],
            [
              -1.2416159,
              52.3771092
            ],
            [
              -1.2427639,
              52.377453
            ],
            [
              -1.2429019,
              52.3774957
            ],
            [
              -1.2442015,
              52.3778575
            ],
            [
              -1.2452154,
              52.3781276
            ],
            [
              -1.2463769,
              52.3784221
            ],
            [
              -1.2476325,
              52.3787224
            ],
            [
              -1.2477608,
              52.3787531
            ],
            [
              -1.2489197,
              52.3790116
            ],
            [
              -1.2500622,
              52.3792391
            ],
            [
              -1.2512774,
              52.3794748
            ],
            [
              -1.2519239,
              52.3795927
            ],
            [
              -1.2526471,
              52.379724
            ],
            [
              -1.2532968,
              52.3798283
            ],
            [
              -1.2547668,
              52.3800495
            ],
            [
              -1.2555555,
              52.3801593
            ],
            [
              -1.2558852,
              52.3802052
            ],
            [
              -1.2570232,
              52.3803388
            ],
            [
              -1.2578222,
              52.3804261
            ],
            [
              -1.2585927,
              52.380503
            ],
            [
              -1.2592304,
              52.3805597
            ],
            [
              -1.2596652,
              52.3805952
            ],
            [
              -1.2603291,
              52.3806424
            ],
            [
              -1.2610715,
              52.3806876
            ],
            [
              -1.2618285,
              52.3807252
            ],
            [
              -1.2625458,
              52.3807532
            ],
            [
              -1.2631347,
              52.380771
            ],
            [
              -1.2637599,
              52.3807826
            ],
            [
              -1.2645672,
              52.380797
            ],
            [
              -1.265108,
              52.380805
            ],
            [
              -1.2653885,
              52.3808125
            ],
            [
              -1.2661154,
              52.3808109
            ],
            [
              -1.266565,
              52.3808015
            ],
            [
              -1.2666679,
              52.3807994
            ],
            [
              -1.2671881,
              52.3807868
            ],
            [
              -1.2679334,
              52.3807599
            ],
            [
              -1.2691034,
              52.3806963
            ],
            [
              -1.270045,
              52.3806456
            ],
            [
              -1.2707958,
              52.3806095
            ],
            [
              -1.2716515,
              52.3805849
            ],
            [
              -1.2723349,
              52.380583
            ],
            [
              -1.2729066,
              52.3805947
            ],
            [
              -1.2735879,
              52.3806308
            ],
            [
              -1.2745837,
              52.3806945
            ],
            [
              -1.2750282,
              52.3807323
            ],
            [
              -1.2756612,
              52.3808027
            ],
            [
              -1.2763667,
              52.380896
            ],
            [
              -1.2771713,
              52.3810302
            ],
            [
              -1.2779166,
              52.381179
            ],
            [
              -1.278322,
              52.3812726
            ],
            [
              -1.2790676,
              52.3814592
            ],
            [
              -1.2796039,
              52.3816049
            ],
            [
              -1.2805746,
              52.3819108
            ],
            [
              -1.2811181,
              52.3820995
            ],
            [
              -1.2816824,
              52.3823119
            ],
            [
              -1.2822782,
              52.3825593
            ],
            [
              -1.2826967,
              52.3827411
            ],
            [
              -1.2832015,
              52.3829743
            ],
            [
              -1.2837696,
              52.3832367
            ],
            [
              -1.2843925,
              52.3835306
            ],
            [
              -1.28495,
              52.3837915
            ],
            [
              -1.2902953,
              52.3863709
            ],
            [
              -1.2915303,
              52.3869668
            ],
            [
              -1.2916551,
              52.3870288
            ],
            [
              -1.2948417,
              52.38857
            ],
            [
              -1.2961703,
              52.3892648
            ],
            [
              -1.2973995,
              52.3899518
            ],
            [
              -1.2989307,
              52.3908945
            ],
            [
              -1.2990644,
              52.3909848
            ],
            [
              -1.300601,
              52.3919985
            ],
            [
              -1.3007881,
              52.392126
            ],
            [
              -1.3031801,
              52.3937317
            ],
            [
              -1.3038486,
              52.3941796
            ],
            [
              -1.3052188,
              52.3950955
            ],
            [
              -1.3052897,
              52.3951428
            ],
            [
              -1.3053641,
              52.3951929
            ],
            [
              -1.3097338,
              52.3981214
            ],
            [
              -1.3119562,
              52.3996108
            ],
            [
              -1.3122502,
              52.3998065
            ],
            [
              -1.3199831,
              52.4049909
            ],
            [
              -1.3203557,
              52.40524
            ],
            [
              -1.3267634,
              52.4095235
            ],
            [
              -1.3277386,
              52.4101602
            ],
            [
              -1.3292382,
              52.4110956
            ],
            [
              -1.3305878,
              52.411897
            ],
            [
              -1.3320657,
              52.4127243
            ],
            [
              -1.3401621,
              52.4172563
            ],
            [
              -1.3420969,
              52.4183203
            ],
            [
              -1.3429435,
              52.41875
            ],
            [
              -1.3438369,
              52.4191751
            ],
            [
              -1.3449584,
              52.4196852
            ],
            [
              -1.3461391,
              52.4201966
            ],
            [
              -1.3469738,
              52.4205297
            ],
            [
              -1.3475584,
              52.4207629
            ],
            [
              -1.3483569,
              52.4210571
            ],
            [
              -1.3490953,
              52.4213126
            ],
            [
              -1.3505993,
              52.4218097
            ],
            [
              -1.3515015,
              52.4220777
            ],
            [
              -1.3526709,
              52.422406
            ],
            [
              -1.353682,
              52.4226718
            ],
            [
              -1.3543606,
              52.4228473
            ],
            [
              -1.3549105,
              52.4229908
            ],
            [
              -1.355077,
              52.4230319
            ],
            [
              -1.3575461,
              52.4236614
            ],
            [
              -1.3584582,
              52.4239188
            ],
            [
              -1.3586995,
              52.4239888
            ],
            [
              -1.3602454,
              52.4244419
            ],
            [
              -1.3613353,
              52.424793
            ],
            [
              -1.3624991,
              52.4251936
            ],
            [
              -1.365522,
              52.4262585
            ],
            [
              -1.3710723,
              52.4282138
            ],
            [
              -1.3721136,
              52.4286001
            ],
            [
              -1.372326,
              52.4286882
            ],
            [
              -1.3727361,
              52.4288579
            ],
            [
              -1.3731654,
              52.4290355
            ],
            [
              -1.3739427,
              52.4293871
            ],
            [
              -1.3748847,
              52.42987
            ],
            [
              -1.375907,
              52.4304521
            ],
            [
              -1.3769841,
              52.4311527
            ],
            [
              -1.3779198,
              52.4318557
            ],
            [
              -1.3785598,
              52.4323993
            ],
            [
              -1.3791681,
              52.4329697
            ],
            [
              -1.379977,
              52.4338466
            ],
            [
              -1.3805082,
              52.4345416
            ],
            [
              -1.380541,
              52.4345845
            ],
            [
              -1.3826256,
              52.4376688
            ],
            [
              -1.3831424,
              52.4383714
            ],
            [
              -1.3837085,
              52.4390705
            ],
            [
              -1.3840929,
              52.4395083
            ],
            [
              -1.3847476,
              52.4401907
            ],
            [
              -1.3853644,
              52.4407842
            ],
            [
              -1.3863233,
              52.4416482
            ],
            [
              -1.3873245,
              52.4424747
            ],
            [
              -1.3883594,
              52.4432343
            ],
            [
              -1.3895908,
              52.4440338
            ],
            [
              -1.391838,
              52.44541
            ],
            [
              -1.3925119,
              52.4458342
            ],
            [
              -1.3938601,
              52.4466632
            ],
            [
              -1.4071278,
              52.4548211
            ],
            [
              -1.4076934,
              52.4551642
            ],
            [
              -1.4110699,
              52.4572123
            ],
            [
              -1.4149636,
              52.4596374
            ],
            [
              -1.4208785,
              52.463263
            ],
            [
              -1.4308691,
              52.4693861
            ],
            [
              -1.4318311,
              52.4699756
            ],
            [
              -1.4327777,
              52.4705731
            ],
            [
              -1.4339581,
              52.4713639
            ],
            [
              -1.4344709,
              52.471735
            ],
            [
              -1.4356438,
              52.4726252
            ],
            [
              -1.4368414,
              52.4736352
            ],
            [
              -1.4378721,
              52.4745898
            ],
            [
              -1.4385681,
              52.4752939
            ],
            [
              -1.4386094,
              52.4753357
            ],
            [
              -1.4386823,
              52.4754096
            ],
            [
              -1.4387022,
              52.4754299
            ],
            [
              -1.4394105,
              52.4761909
            ],
            [
              -1.4397529,
              52.4765503
            ],
            [
              -1.440101,
              52.476968
            ],
            [
              -1.4408349,
              52.4779534
            ],
            [
              -1.4410839,
              52.4783082
            ],
            [
              -1.4413489,
              52.4786858
            ],
            [
              -1.441719,
              52.4792732
            ],
            [
              -1.4424477,
              52.4805171
            ],
            [
              -1.4429969,
              52.4816079
            ],
            [
              -1.4435946,
              52.4830151
            ],
            [
              -1.443998,
              52.4843786
            ],
            [
              -1.4443127,
              52.4857613
            ],
            [
              -1.4443686,
              52.4861353
            ],
            [
              -1.444524,
              52.4871748
            ],
            [
              -1.4445704,
              52.4878976
            ],
            [
              -1.4445549,
              52.489785
            ],
            [
              -1.4445496,
              52.4899105
            ],
            [
              -1.4443618,
              52.4913881
            ],
            [
              -1.4443459,
              52.4914992
            ],
            [
              -1.4441955,
              52.4924864
            ],
            [
              -1.4440857,
              52.4932067
            ],
            [
              -1.4440566,
              52.4934006
            ],
            [
              -1.4438988,
              52.4947303
            ],
            [
              -1.4438142,
              52.4960623
            ],
            [
              -1.4438019,
              52.4962597
            ],
            [
              -1.4437939,
              52.4965718
            ],
            [
              -1.4437856,
              52.4968961
            ],
            [
              -1.4438138,
              52.4978645
            ],
            [
              -1.4438843,
              52.498971
            ],
            [
              -1.4439182,
              52.4993985
            ],
            [
              -1.4440527,
              52.5003744
            ],
            [
              -1.4442777,
              52.5017675
            ],
            [
              -1.4444434,
              52.502602
            ],
            [
              -1.4446605,
              52.5034345
            ],
            [
              -1.4449548,
              52.5044741
            ],
            [
              -1.4452104,
              52.5052558
            ],
            [
              -1.4452242,
              52.5052935
            ],
            [
              -1.4459137,
              52.5071842
            ],
            [
              -1.4462686,
              52.5080828
            ],
            [
              -1.446653,
              52.5090174
            ],
            [
              -1.4471424,
              52.5100302
            ],
            [
              -1.4477905,
              52.5111356
            ],
            [
              -1.4485074,
              52.5122491
            ],
            [
              -1.4491546,
              52.5132123
            ],
            [
              -1.45001,
              52.5144077
            ],
            [
              -1.4501342,
              52.5145644
            ],
            [
              -1.4508443,
              52.5154604
            ],
            [
              -1.4517124,
              52.5165092
            ],
            [
              -1.4520926,
              52.5169385
            ],
            [
              -1.4531655,
              52.5180799
            ],
            [
              -1.4541054,
              52.5190219
            ],
            [
              -1.4550073,
              52.519892
            ],
            [
              -1.4557191,
              52.5205333
            ],
            [
              -1.4564505,
              52.5211728
            ],
            [
              -1.456748,
              52.5214225
            ],
            [
              -1.4575017,
              52.5220487
            ],
            [
              -1.4580551,
              52.5224894
            ],
            [
              -1.4586725,
              52.5229707
            ],
            [
              -1.4594682,
              52.5235714
            ],
            [
              -1.4602161,
              52.5241071
            ],
            [
              -1.4607176,
              52.5244514
            ],
            [
              -1.4611414,
              52.524737
            ],
            [
              -1.4615298,
              52.5250008
            ],
            [
              -1.4620425,
              52.5253179
            ],
            [
              -1.4627834,
              52.5257641
            ],
            [
              -1.4629398,
              52.5258583
            ],
            [
              -1.4638284,
              52.5264208
            ],
            [
              -1.463892,
              52.5264608
            ],
            [
              -1.4642909,
              52.5267063
            ],
            [
              -1.4658028,
              52.527651
            ],
            [
              -1.4664409,
              52.5280745
            ],
            [
              -1.467054,
              52.5284687
            ],
            [
              -1.4680161,
              52.5291164
            ],
            [
              -1.4685934,
              52.5294835
            ],
            [
              -1.4691876,
              52.5298645
            ],
            [
              -1.4699928,
              52.5303814
            ],
            [
              -1.4707116,
              52.5308301
            ],
            [
              -1.4711354,
              52.5310928
            ],
            [
              -1.4720259,
              52.5316378
            ],
            [
              -1.4728207,
              52.5321201
            ],
            [
              -1.4731471,
              52.5323182
            ],
            [
              -1.4741207,
              52.5329105
            ],
            [
              -1.4748959,
              52.5333771
            ],
            [
              -1.475835,
              52.5339385
            ],
            [
              -1.4763872,
              52.5342679
            ],
            [
              -1.4772911,
              52.5348227
            ],
            [
              -1.4779911,
              52.5352632
            ],
            [
              -1.4786322,
              52.5356645
            ],
            [
              -1.4792893,
              52.5360817
            ],
            [
              -1.4797802,
              52.5363954
            ],
            [
              -1.4802201,
              52.5366939
            ],
            [
              -1.4809094,
              52.537154
            ],
            [
              -1.4812983,
              52.537415
            ],
            [
              -1.4818856,
              52.5378343
            ],
            [
              -1.4826366,
              52.5383596
            ],
            [
              -1.4838249,
              52.5391912
            ],
            [
              -1.484608,
              52.5397414
            ],
            [
              -1.4846852,
              52.5397962
            ],
            [
              -1.4852839,
              52.540221
            ],
            [
              -1.4865151,
              52.5410807
            ],
            [
              -1.487317,
              52.5416435
            ],
            [
              -1.4880037,
              52.5421264
            ],
            [
              -1.4893448,
              52.5430611
            ],
            [
              -1.4902863,
              52.5437184
            ],
            [
              -1.4914664,
              52.5445373
            ],
            [
              -1.4950232,
              52.5469955
            ],
            [
              -1.4966518,
              52.5480813
            ],
            [
              -1.4979769,
              52.5489098
            ],
            [
              -1.4994697,
              52.5496929
            ],
            [
              -1.5013883,
              52.5506103
            ],
            [
              -1.5021902,
              52.5509862
            ],
            [
              -1.504153,
              52.5519064
            ],
            [
              -1.5058374,
              52.5526409
            ],
            [
              -1.5083361,
              52.5537751
            ],
            [
              -1.5113909,
              52.5551454
            ],
            [
              -1.5135276,
              52.5561175
            ],
            [
              -1.5137583,
              52.5562264
            ],
            [
              -1.514687,
              52.5566548
            ],
            [
              -1.5152147,
              52.5568883
            ],
            [
              -1.51565,
              52.5570809
            ],
            [
              -1.5165156,
              52.5574778
            ],
            [
              -1.5172393,
              52.5578037
            ],
            [
              -1.5188893,
              52.5585382
            ],
            [
              -1.5204528,
              52.5592484
            ],
            [
              -1.521475,
              52.5597111
            ],
            [
              -1.5226592,
              52.5602419
            ],
            [
              -1.5238139,
              52.5607674
            ],
            [
              -1.5254202,
              52.5614778
            ],
            [
              -1.5264371,
              52.5619324
            ],
            [
              -1.527554,
              52.5624307
            ],
            [
              -1.5288024,
              52.5630207
            ],
            [
              -1.5315912,
              52.5645253
            ],
            [
              -1.5326793,
              52.5651686
            ],
            [
              -1.5330297,
              52.5653757
            ],
            [
              -1.5337987,
              52.5658295
            ],
            [
              -1.5345384,
              52.5662724
            ],
            [
              -1.5374091,
              52.5679697
            ],
            [
              -1.5413562,
              52.5703108
            ],
            [
              -1.5427184,
              52.5711187
            ],
            [
              -1.5437383,
              52.5717437
            ],
            [
              -1.5455616,
              52.5728611
            ],
            [
              -1.5469739,
              52.5738638
            ],
            [
              -1.5477207,
              52.5743979
            ],
            [
              -1.5484558,
              52.5749466
            ],
            [
              -1.5493013,
              52.5755675
            ],
            [
              -1.5500019,
              52.5760821
            ],
            [
              -1.5505548,
              52.576541
            ],
            [
              -1.5511992,
              52.5771444
            ],
            [
              -1.5516702,
              52.5776773
            ],
            [
              -1.5517136,
              52.5777265
            ],
            [
              -1.5522587,
              52.5784071
            ],
            [
              -1.5528502,
              52.5791712
            ],
            [
              -1.5529958,
              52.5793617
            ],
            [
              -1.5531221,
              52.5795471
            ],
            [
              -1.5533464,
              52.579797
            ],
            [
              -1.5537802,
              52.5802932
            ],
            [
              -1.5540472,
              52.5805597
            ],
            [
              -1.5541273,
              52.5806251
            ],
            [
              -1.5541962,
              52.5806823
            ],
            [
              -1.5543101,
              52.580783
            ],
            [
              -1.554713,
              52.5811146
            ],
            [
              -1.5548404,
              52.5812132
            ],
            [
              -1.5553538,
              52.5815844
            ],
            [
              -1.5559732,
              52.5819836
            ],
            [
              -1.5566242,
              52.5823839
            ],
            [
              -1.5572733,
              52.5827363
            ],
            [
              -1.5581309,
              52.5831395
            ],
            [
              -1.5588417,
              52.5834317
            ],
            [
              -1.5591655,
              52.583551
            ],
            [
              -1.5595769,
              52.5837026
            ],
            [
              -1.5603805,
              52.5839718
            ],
            [
              -1.5613408,
              52.5842582
            ],
            [
              -1.5618514,
              52.5843946
            ],
            [
              -1.5626883,
              52.5846242
            ],
            [
              -1.5636537,
              52.584913
            ],
            [
              -1.5645254,
              52.5852054
            ],
            [
              -1.5651777,
              52.5854501
            ],
            [
              -1.5659202,
              52.5857562
            ],
            [
              -1.5666286,
              52.5860686
            ],
            [
              -1.5668992,
              52.5861879
            ],
            [
              -1.5677886,
              52.5866329
            ],
            [
              -1.5685803,
              52.5870764
            ],
            [
              -1.5691994,
              52.5874312
            ],
            [
              -1.5692836,
              52.587483
            ],
            [
              -1.5700964,
              52.5879824
            ],
            [
              -1.571703,
              52.5889924
            ],
            [
              -1.5724996,
              52.5894828
            ],
            [
              -1.5735703,
              52.5901684
            ],
            [
              -1.5740251,
              52.5904596
            ],
            [
              -1.5750477,
              52.5910741
            ],
            [
              -1.5760733,
              52.5916922
            ],
            [
              -1.5776929,
              52.5926813
            ],
            [
              -1.5782478,
              52.5930278
            ],
            [
              -1.5791649,
              52.5936005
            ],
            [
              -1.5806015,
              52.5945413
            ],
            [
              -1.5817559,
              52.5953767
            ],
            [
              -1.5830327,
              52.5963606
            ],
            [
              -1.5840629,
              52.5971986
            ],
            [
              -1.5842176,
              52.597335
            ],
            [
              -1.5847796,
              52.5978334
            ],
            [
              -1.5848742,
              52.5979174
            ],
            [
              -1.5860264,
              52.5989779
            ],
            [
              -1.5869091,
              52.5998588
            ],
            [
              -1.5874449,
              52.6004098
            ],
            [
              -1.5879662,
              52.600975
            ],
            [
              -1.5880234,
              52.6010455
            ],
            [
              -1.5888094,
              52.6019794
            ],
            [
              -1.5896873,
              52.6030844
            ],
            [
              -1.5905821,
              52.6043619
            ],
            [
              -1.5909533,
              52.6049318
            ],
            [
              -1.5915507,
              52.6059131
            ],
            [
              -1.5920401,
              52.6067825
            ],
            [
              -1.5922385,
              52.6071598
            ],
            [
              -1.5923385,
              52.6073499
            ],
            [
              -1.5928503,
              52.6084309
            ],
            [
              -1.5932179,
              52.6092704
            ],
            [
              -1.5935872,
              52.6100415
            ],
            [
              -1.5940001,
              52.6107702
            ],
            [
              -1.5942364,
              52.6111753
            ],
            [
              -1.5945358,
              52.6115794
            ],
            [
              -1.5950211,
              52.6121924
            ],
            [
              -1.5958102,
              52.6130433
            ],
            [
              -1.5965466,
              52.6137275
            ],
            [
              -1.5974402,
              52.6145387
            ],
            [
              -1.5983972,
              52.6154217
            ],
            [
              -1.5990582,
              52.6160341
            ],
            [
              -1.599377,
              52.6163126
            ],
            [
              -1.6004686,
              52.6172663
            ],
            [
              -1.6006164,
              52.6174048
            ],
            [
              -1.6013802,
              52.6180899
            ],
            [
              -1.6026802,
              52.6192048
            ],
            [
              -1.6033308,
              52.6197595
            ],
            [
              -1.6050057,
              52.621165
            ],
            [
              -1.6065045,
              52.6223991
            ],
            [
              -1.6074936,
              52.6232278
            ],
            [
              -1.6084833,
              52.6240696
            ],
            [
              -1.6094301,
              52.6249049
            ],
            [
              -1.6096563,
              52.6251127
            ],
            [
              -1.6102348,
              52.6256441
            ],
            [
              -1.6109858,
              52.6263132
            ],
            [
              -1.6114445,
              52.6267024
            ],
            [
              -1.6121338,
              52.6272527
            ],
            [
              -1.6124621,
              52.6275184
            ],
            [
              -1.6131996,
              52.6281011
            ],
            [
              -1.6148007,
              52.6292356
            ],
            [
              -1.6164732,
              52.6303434
            ],
            [
              -1.6174462,
              52.6309749
            ],
            [
              -1.6184724,
              52.6315935
            ],
            [
              -1.6196123,
              52.6322422
            ],
            [
              -1.6206616,
              52.6328165
            ],
            [
              -1.6216647,
              52.633296
            ],
            [
              -1.6222311,
              52.6335773
            ],
            [
              -1.6227904,
              52.6338154
            ],
            [
              -1.6242321,
              52.6344426
            ],
            [
              -1.6256382,
              52.6350115
            ],
            [
              -1.6269308,
              52.6355158
            ],
            [
              -1.6292744,
              52.6363325
            ],
            [
              -1.6310073,
              52.6368885
            ],
            [
              -1.6335817,
              52.6375522
            ],
            [
              -1.6354531,
              52.6379789
            ],
            [
              -1.6356772,
              52.63802
            ],
            [
              -1.6374487,
              52.6383452
            ],
            [
              -1.6388052,
              52.6385499
            ],
            [
              -1.6404919,
              52.6387977
            ],
            [
              -1.6422638,
              52.6389981
            ],
            [
              -1.644682,
              52.6392071
            ],
            [
              -1.6468588,
              52.6393041
            ],
            [
              -1.648446,
              52.6393321
            ],
            [
              -1.6505304,
              52.6393235
            ],
            [
              -1.652068,
              52.6392675
            ],
            [
              -1.6522835,
              52.6392568
            ],
            [
              -1.6546727,
              52.6391387
            ],
            [
              -1.656066,
              52.6390627
            ],
            [
              -1.6576231,
              52.638984
            ],
            [
              -1.6586169,
              52.6389247
            ],
            [
              -1.6601313,
              52.6388506
            ],
            [
              -1.6609386,
              52.6388115
            ],
            [
              -1.6624997,
              52.6387285
            ],
            [
              -1.6638622,
              52.6386569
            ],
            [
              -1.665198,
              52.6385853
            ],
            [
              -1.6664237,
              52.6385234
            ],
            [
              -1.6677246,
              52.6384535
            ],
            [
              -1.6691864,
              52.6383802
            ],
            [
              -1.6705973,
              52.6383021
            ],
            [
              -1.6724073,
              52.6382112
            ],
            [
              -1.672963,
              52.6381833
            ],
            [
              -1.6737006,
              52.6381442
            ],
            [
              -1.6750951,
              52.6380684
            ],
            [
              -1.6772597,
              52.6379577
            ],
            [
              -1.678295,
              52.6378975
            ],
            [
              -1.6784329,
              52.6378904
            ],
            [
              -1.6807474,
              52.6377724
            ],
            [
              -1.6814044,
              52.6377363
            ],
            [
              -1.6823113,
              52.6376814
            ],
            [
              -1.6831237,
              52.6376322
            ],
            [
              -1.6837131,
              52.6375996
            ],
            [
              -1.6843488,
              52.637572
            ],
            [
              -1.684787,
              52.6375542
            ],
            [
              -1.6861263,
              52.6375364
            ],
            [
              -1.6866014,
              52.6375364
            ],
            [
              -1.6866174,
              52.6375365
            ],
            [
              -1.6881503,
              52.6375475
            ],
            [
              -1.6889013,
              52.6375654
            ],
            [
              -1.6900438,
              52.6376045
            ],
            [
              -1.6912098,
              52.6376669
            ],
            [
              -1.6929845,
              52.6377895
            ],
            [
              -1.6941432,
              52.6378921
            ],
            [
              -1.6958515,
              52.6380825
            ],
            [
              -1.6967465,
              52.6381952
            ],
            [
              -1.6982401,
              52.6384062
            ],
            [
              -1.7001744,
              52.6386868
            ],
            [
              -1.7020431,
              52.6389583
            ],
            [
              -1.7037413,
              52.6392722
            ],
            [
              -1.7046669,
              52.6394794
            ],
            [
              -1.7060061,
              52.6398112
            ],
            [
              -1.706927,
              52.640078
            ],
            [
              -1.7077683,
              52.6403332
            ],
            [
              -1.708621,
              52.6406391
            ],
            [
              -1.7091207,
              52.6408342
            ],
            [
              -1.7092691,
              52.6408921
            ],
            [
              -1.7103264,
              52.6413129
            ],
            [
              -1.711236,
              52.6417245
            ],
            [
              -1.7120299,
              52.6421212
            ],
            [
              -1.7128276,
              52.6425409
            ],
            [
              -1.7135373,
              52.6429333
            ],
            [
              -1.7144976,
              52.6435111
            ],
            [
              -1.7146209,
              52.6435875
            ],
            [
              -1.715785,
              52.6443377
            ],
            [
              -1.7172221,
              52.6453966
            ],
            [
              -1.7186142,
              52.6465634
            ],
            [
              -1.7191322,
              52.6470668
            ],
            [
              -1.7198274,
              52.6477972
            ],
            [
              -1.720611,
              52.6487181
            ],
            [
              -1.7208514,
              52.6490361
            ],
            [
              -1.7214425,
              52.6498532
            ],
            [
              -1.7222508,
              52.6510093
            ],
            [
              -1.7233206,
              52.6525395
            ],
            [
              -1.7243755,
              52.6540484
            ],
            [
              -1.7253148,
              52.6553917
            ],
            [
              -1.7261143,
              52.6565262
            ],
            [
              -1.7262423,
              52.6567079
            ],
            [
              -1.7267927,
              52.6574889
            ],
            [
              -1.7271012,
              52.6579347
            ],
            [
              -1.7276484,
              52.6587026
            ],
            [
              -1.7281767,
              52.6594363
            ],
            [
              -1.7287683,
              52.660169
            ],
            [
              -1.7297915,
              52.6613503
            ],
            [
              -1.7309397,
              52.662559
            ],
            [
              -1.7312764,
              52.6629135
            ],
            [
              -1.7330533,
              52.6644918
            ],
            [
              -1.7344578,
              52.665655
            ],
            [
              -1.7360937,
              52.6668364
            ],
            [
              -1.7377485,
              52.6679464
            ],
            [
              -1.737896,
              52.6680359
            ],
            [
              -1.7385531,
              52.6684441
            ],
            [
              -1.7392344,
              52.6688475
            ],
            [
              -1.740133,
              52.669355
            ],
            [
              -1.7412494,
              52.6699535
            ],
            [
              -1.7420514,
              52.6703602
            ],
            [
              -1.743534,
              52.6710807
            ],
            [
              -1.7455878,
              52.6720879
            ],
            [
              -1.7463769,
              52.6724749
            ],
            [
              -1.7482394,
              52.6733601
            ],
            [
              -1.7504097,
              52.6743978
            ],
            [
              -1.7532958,
              52.6757867
            ],
            [
              -1.758475,
              52.678275
            ],
            [
              -1.7599904,
              52.6790051
            ],
            [
              -1.761109,
              52.6795434
            ],
            [
              -1.7613945,
              52.6796758
            ],
            [
              -1.7643448,
              52.6809834
            ],
            [
              -1.765254,
              52.6813155
            ],
            [
              -1.7665493,
              52.6817797
            ],
            [
              -1.7677913,
              52.6821585
            ],
            [
              -1.7678924,
              52.6821859
            ],
            [
              -1.7689163,
              52.6824632
            ],
            [
              -1.7701993,
              52.6827761
            ],
            [
              -1.7714983,
              52.6830352
            ],
            [
              -1.7726454,
              52.6832612
            ],
            [
              -1.7731685,
              52.6833521
            ],
            [
              -1.7739303,
              52.6834734
            ],
            [
              -1.7743378,
              52.6835381
            ],
            [
              -1.775265,
              52.6836447
            ],
            [
              -1.7758564,
              52.6837131
            ],
            [
              -1.7763473,
              52.6837536
            ],
            [
              -1.7767999,
              52.6837924
            ],
            [
              -1.7772264,
              52.6838298
            ],
            [
              -1.7776797,
              52.6838607
            ],
            [
              -1.7780564,
              52.6838853
            ],
            [
              -1.7784257,
              52.6839031
            ],
            [
              -1.7804467,
              52.6839642
            ],
            [
              -1.7807086,
              52.6839721
            ],
            [
              -1.7813366,
              52.6839896
            ],
            [
              -1.7833003,
              52.6840445
            ],
            [
              -1.7869409,
              52.6841442
            ],
            [
              -1.7880763,
              52.6842016
            ],
            [
              -1.7889607,
              52.684244
            ],
            [
              -1.7903553,
              52.6843662
            ],
            [
              -1.7914866,
              52.6845108
            ],
            [
              -1.7924327,
              52.6846604
            ],
            [
              -1.7932843,
              52.6848275
            ],
            [
              -1.7942757,
              52.685032
            ],
            [
              -1.794975,
              52.6851991
            ],
            [
              -1.7961981,
              52.6855384
            ],
            [
              -1.7968365,
              52.6857318
            ],
            [
              -1.7975151,
              52.6859562
            ],
            [
              -1.7981534,
              52.6861806
            ],
            [
              -1.798711,
              52.6864122
            ],
            [
              -1.7995092,
              52.6867406
            ],
            [
              -1.800362,
              52.687109
            ],
            [
              -1.8010615,
              52.6874676
            ],
            [
              -1.8017806,
              52.6878466
            ],
            [
              -1.8023939,
              52.6881657
            ],
            [
              -1.8029667,
              52.6885006
            ],
            [
              -1.8035491,
              52.6888628
            ],
            [
              -1.8035859,
              52.6888857
            ],
            [
              -1.8078195,
              52.6915746
            ],
            [
              -1.8086302,
              52.6920952
            ],
            [
              -1.8091531,
              52.6924281
            ],
            [
              -1.8097969,
              52.6928382
            ],
            [
              -1.8122187,
              52.694383
            ],
            [
              -1.8132262,
              52.695073
            ],
            [
              -1.8137627,
              52.6954979
            ],
            [
              -1.8142358,
              52.6959152
            ],
            [
              -1.8149202,
              52.6965386
            ],
            [
              -1.8150509,
              52.696667
            ],
            [
              -1.8214077,
              52.7029099
            ],
            [
              -1.8215391,
              52.7030366
            ],
            [
              -1.8218234,
              52.7033162
            ],
            [
              -1.8222231,
              52.7037062
            ],
            [
              -1.8226978,
              52.7041711
            ],
            [
              -1.8230501,
              52.7045089
            ],
            [
              -1.8233577,
              52.7048228
            ],
            [
              -1.8239129,
              52.705364
            ],
            [
              -1.8242464,
              52.7056856
            ],
            [
              -1.8245754,
              52.706014
            ],
            [
              -1.8247957,
              52.706229
            ],
            [
              -1.8251467,
              52.7065715
            ],
            [
              -1.8259326,
              52.7073483
            ],
            [
              -1.8269304,
              52.7083217
            ],
            [
              -1.8276572,
              52.7090367
            ],
            [
              -1.8285906,
              52.7099533
            ],
            [
              -1.8293122,
              52.7106748
            ],
            [
              -1.8301329,
              52.7114775
            ],
            [
              -1.8311548,
              52.7124833
            ],
            [
              -1.8321017,
              52.713403
            ],
            [
              -1.833027,
              52.7143097
            ],
            [
              -1.8339953,
              52.7152147
            ],
            [
              -1.8347533,
              52.7158708
            ],
            [
              -1.8348026,
              52.7159134
            ],
            [
              -1.8357521,
              52.7166803
            ],
            [
              -1.8363771,
              52.7171596
            ],
            [
              -1.8370047,
              52.7176275
            ],
            [
              -1.8380803,
              52.7184318
            ],
            [
              -1.8388716,
              52.7190232
            ],
            [
              -1.8399739,
              52.7198485
            ],
            [
              -1.8410039,
              52.7206088
            ],
            [
              -1.8419132,
              52.7212951
            ],
            [
              -1.842911,
              52.7220436
            ],
            [
              -1.8434886,
              52.722476
            ],
            [
              -1.8435627,
              52.72253
            ],
            [
              -1.8438636,
              52.7227536
            ],
            [
              -1.8443254,
              52.7230966
            ],
            [
              -1.8452767,
              52.7238126
            ],
            [
              -1.8461225,
              52.7244543
            ],
            [
              -1.8469611,
              52.7250812
            ],
            [
              -1.8477389,
              52.7256578
            ],
            [
              -1.8484014,
              52.7261582
            ],
            [
              -1.8490076,
              52.7266097
            ],
            [
              -1.8498364,
              52.7272254
            ],
            [
              -1.8508396,
              52.7279758
            ],
            [
              -1.8516871,
              52.7286126
            ],
            [
              -1.8524999,
              52.7292185
            ],
            [
              -1.8530497,
              52.7296278
            ],
            [
              -1.8538436,
              52.730219
            ],
            [
              -1.854577,
              52.7307594
            ],
            [
              -1.8546616,
              52.7308217
            ],
            [
              -1.8554075,
              52.7313857
            ],
            [
              -1.8554369,
              52.731408
            ],
            [
              -1.8562952,
              52.7320511
            ],
            [
              -1.8571133,
              52.732657
            ],
            [
              -1.8581379,
              52.7334219
            ],
            [
              -1.858905,
              52.7340082
            ],
            [
              -1.8598223,
              52.7346936
            ],
            [
              -1.860635,
              52.7353015
            ],
            [
              -1.8616837,
              52.7360741
            ],
            [
              -1.8625125,
              52.7366798
            ],
            [
              -1.8635908,
              52.7374253
            ],
            [
              -1.8644793,
              52.7379841
            ],
            [
              -1.8657221,
              52.738772
            ],
            [
              -1.8665006,
              52.739222
            ],
            [
              -1.8681209,
              52.7401207
            ],
            [
              -1.8688595,
              52.7404912
            ],
            [
              -1.8696802,
              52.7408801
            ],
            [
              -1.8706047,
              52.7412977
            ],
            [
              -1.8710071,
              52.7414802
            ],
            [
              -1.8716645,
              52.7417596
            ],
            [
              -1.8733138,
              52.7424154
            ],
            [
              -1.874598,
              52.7429038
            ],
            [
              -1.8757862,
              52.7433374
            ],
            [
              -1.8764403,
              52.7435659
            ],
            [
              -1.8771648,
              52.7438116
            ],
            [
              -1.878249,
              52.7441707
            ],
            [
              -1.8793326,
              52.7445295
            ],
            [
              -1.8804694,
              52.7449075
            ],
            [
              -1.881752,
              52.7453349
            ],
            [
              -1.883026,
              52.7457619
            ],
            [
              -1.8841901,
              52.74615
            ],
            [
              -1.8852147,
              52.7464893
            ],
            [
              -1.8863037,
              52.7468676
            ],
            [
              -1.8871164,
              52.7471648
            ],
            [
              -1.8879688,
              52.7475103
            ],
            [
              -1.8886178,
              52.7477984
            ],
            [
              -1.8887017,
              52.7478389
            ],
            [
              -1.8892455,
              52.7481013
            ],
            [
              -1.8898523,
              52.7484182
            ],
            [
              -1.8904906,
              52.7487786
            ],
            [
              -1.8911075,
              52.749152
            ],
            [
              -1.8919176,
              52.7496879
            ],
            [
              -1.8921008,
              52.7498186
            ],
            [
              -1.8923387,
              52.7499883
            ],
            [
              -1.892851,
              52.7503568
            ],
            [
              -1.893594,
              52.7509591
            ],
            [
              -1.8942999,
              52.7515636
            ],
            [
              -1.8944799,
              52.7517166
            ],
            [
              -1.895088,
              52.7522319
            ],
            [
              -1.8958524,
              52.7528846
            ],
            [
              -1.8961053,
              52.753099
            ],
            [
              -1.8962588,
              52.7532292
            ],
            [
              -1.896354,
              52.7533099
            ],
            [
              -1.8966225,
              52.7535352
            ],
            [
              -1.8968958,
              52.7537644
            ],
            [
              -1.897629,
              52.7543357
            ],
            [
              -1.8979553,
              52.7545729
            ],
            [
              -1.8985319,
              52.7549721
            ],
            [
              -1.8991327,
              52.7553536
            ],
            [
              -1.8995855,
              52.7556211
            ],
            [
              -1.9003263,
              52.7560256
            ],
            [
              -1.9009807,
              52.75636
            ],
            [
              -1.9017184,
              52.7567123
            ],
            [
              -1.9024667,
              52.7570418
            ],
            [
              -1.9031152,
              52.7573142
            ],
            [
              -1.9038073,
              52.7575885
            ],
            [
              -1.9047165,
              52.7579375
            ],
            [
              -1.9055507,
              52.7582346
            ],
            [
              -1.9064498,
              52.7585466
            ],
            [
              -1.9073349,
              52.7588371
            ],
            [
              -1.9079566,
              52.7590299
            ],
            [
              -1.9095859,
              52.7595305
            ],
            [
              -1.9106346,
              52.759834
            ],
            [
              -1.9115808,
              52.7600542
            ],
            [
              -1.9140529,
              52.7606366
            ],
            [
              -1.9156111,
              52.7609906
            ],
            [
              -1.9168862,
              52.761325
            ],
            [
              -1.9179214,
              52.7616611
            ],
            [
              -1.9189916,
              52.7620428
            ],
            [
              -1.9201104,
              52.76248
            ],
            [
              -1.921709,
              52.7632369
            ],
            [
              -1.9223856,
              52.7636023
            ],
            [
              -1.9232375,
              52.7640574
            ],
            [
              -1.923983,
              52.7645488
            ],
            [
              -1.9248493,
              52.7651567
            ],
            [
              -1.9255045,
              52.7656692
            ],
            [
              -1.9260857,
              52.7661711
            ],
            [
              -1.926502,
              52.7665604
            ],
            [
              -1.9271222,
              52.7671888
            ],
            [
              -1.9282902,
              52.7683725
            ],
            [
              -1.9285291,
              52.7686098
            ],
            [
              -1.9287069,
              52.7687634
            ],
            [
              -1.9290476,
              52.7690579
            ],
            [
              -1.9305693,
              52.7702716
            ],
            [
              -1.931444,
              52.7708841
            ],
            [
              -1.9332666,
              52.7720511
            ],
            [
              -1.9342035,
              52.7726686
            ],
            [
              -1.9352173,
              52.7733345
            ],
            [
              -1.9364485,
              52.7741486
            ],
            [
              -1.9462392,
              52.7806156
            ],
            [
              -1.9477808,
              52.7816188
            ],
            [
              -1.9480646,
              52.7817973
            ],
            [
              -1.9486557,
              52.782148
            ],
            [
              -1.9489415,
              52.7823186
            ],
            [
              -1.9491336,
              52.782427
            ],
            [
              -1.9499593,
              52.7828837
            ],
            [
              -1.9515051,
              52.7836996
            ],
            [
              -1.9527506,
              52.7842685
            ],
            [
              -1.9532088,
              52.7844759
            ],
            [
              -1.9533005,
              52.7845174
            ],
            [
              -1.9535607,
              52.7846352
            ],
            [
              -1.9546548,
              52.7850844
            ],
            [
              -1.9561692,
              52.7856757
            ],
            [
              -1.9573087,
              52.7860805
            ],
            [
              -1.9582737,
              52.7864022
            ],
            [
              -1.9591338,
              52.7866697
            ],
            [
              -1.9602594,
              52.7869999
            ],
            [
              -1.9615677,
              52.7873469
            ],
            [
              -1.9631251,
              52.7877306
            ],
            [
              -1.9646546,
              52.7880713
            ],
            [
              -1.9663328,
              52.788379
            ],
            [
              -1.9678707,
              52.7886408
            ],
            [
              -1.9688032,
              52.7887862
            ],
            [
              -1.9698921,
              52.788929
            ],
            [
              -1.9716007,
              52.7890961
            ],
            [
              -1.9727594,
              52.7891918
            ],
            [
              -1.9731636,
              52.7892125
            ],
            [
              -1.9742159,
              52.7892664
            ],
            [
              -1.9754711,
              52.7893167
            ],
            [
              -1.9766486,
              52.789341
            ],
            [
              -1.9776449,
              52.7893402
            ],
            [
              -1.9785906,
              52.7893394
            ],
            [
              -1.9793511,
              52.7893388
            ],
            [
              -1.9805624,
              52.789308
            ],
            [
              -1.9816316,
              52.7892776
            ],
            [
              -1.9824001,
              52.7892355
            ],
            [
              -1.982906,
              52.7891894
            ],
            [
              -1.9832182,
              52.789161
            ],
            [
              -1.983685,
              52.7891057
            ],
            [
              -1.9843869,
              52.7890145
            ],
            [
              -1.9855789,
              52.7888332
            ],
            [
              -1.986619,
              52.7886484
            ],
            [
              -1.9872839,
              52.7885144
            ],
            [
              -1.9875442,
              52.7884605
            ],
            [
              -1.9876967,
              52.788428
            ],
            [
              -1.9893854,
              52.788069
            ],
            [
              -1.9897659,
              52.7879853
            ],
            [
              -1.9910179,
              52.7877531
            ],
            [
              -1.9922268,
              52.7875587
            ],
            [
              -1.9923434,
              52.7875445
            ],
            [
              -1.9928512,
              52.7874667
            ],
            [
              -1.9936169,
              52.7873896
            ],
            [
              -1.9943793,
              52.7873276
            ],
            [
              -1.9957087,
              52.7872511
            ],
            [
              -1.9959619,
              52.7872416
            ],
            [
              -1.9967717,
              52.7872186
            ],
            [
              -1.9972924,
              52.7872183
            ],
            [
              -1.9978255,
              52.787218
            ],
            [
              -1.9983329,
              52.7872279
            ],
            [
              -1.9992907,
              52.7872615
            ],
            [
              -2.0001103,
              52.787305
            ],
            [
              -2.0009436,
              52.7873796
            ],
            [
              -2.0023985,
              52.7875477
            ],
            [
              -2.0033007,
              52.7876724
            ],
            [
              -2.0048746,
              52.787951
            ],
            [
              -2.005485,
              52.7880637
            ],
            [
              -2.0056557,
              52.7881039
            ],
            [
              -2.0061194,
              52.7882263
            ],
            [
              -2.0068774,
              52.7884127
            ],
            [
              -2.0079602,
              52.7887119
            ],
            [
              -2.0098064,
              52.7893149
            ],
            [
              -2.0117464,
              52.7900696
            ],
            [
              -2.0122609,
              52.7902654
            ],
            [
              -2.012592,
              52.7903736
            ],
            [
              -2.0128413,
              52.7904551
            ],
            [
              -2.0138426,
              52.7907917
            ],
            [
              -2.0147361,
              52.7910561
            ],
            [
              -2.0155817,
              52.7912748
            ],
            [
              -2.016122,
              52.7914063
            ],
            [
              -2.016888,
              52.7915763
            ],
            [
              -2.0176111,
              52.7917175
            ],
            [
              -2.0187777,
              52.7919268
            ],
            [
              -2.0200505,
              52.7920868
            ],
            [
              -2.0211497,
              52.7922064
            ],
            [
              -2.0220095,
              52.7922677
            ],
            [
              -2.0225176,
              52.7923039
            ],
            [
              -2.0237616,
              52.7923572
            ],
            [
              -2.0253291,
              52.7923575
            ],
            [
              -2.0264905,
              52.7923176
            ],
            [
              -2.0280835,
              52.792203
            ],
            [
              -2.0292393,
              52.7921014
            ],
            [
              -2.0302635,
              52.791967
            ],
            [
              -2.0308629,
              52.7918861
            ],
            [
              -2.0315009,
              52.7918
            ],
            [
              -2.0325706,
              52.7916034
            ],
            [
              -2.0336021,
              52.7913741
            ],
            [
              -2.0356564,
              52.7908558
            ],
            [
              -2.0389416,
              52.7900627
            ],
            [
              -2.0406085,
              52.7897302
            ],
            [
              -2.0414855,
              52.7895837
            ],
            [
              -2.0421492,
              52.7894944
            ],
            [
              -2.0423993,
              52.7894608
            ],
            [
              -2.043621,
              52.7893524
            ],
            [
              -2.0444778,
              52.789301
            ],
            [
              -2.0459572,
              52.7892745
            ],
            [
              -2.0471509,
              52.7893004
            ],
            [
              -2.0482736,
              52.789358
            ],
            [
              -2.0492189,
              52.7894574
            ],
            [
              -2.0502621,
              52.7895692
            ],
            [
              -2.0513414,
              52.7897446
            ],
            [
              -2.0519162,
              52.7898702
            ],
            [
              -2.0519958,
              52.7898868
            ],
            [
              -2.0530653,
              52.7901225
            ],
            [
              -2.0539186,
              52.7903508
            ],
            [
              -2.0547376,
              52.7905941
            ],
            [
              -2.0564256,
              52.7911918
            ],
            [
              -2.0574131,
              52.7916131
            ],
            [
              -2.0583007,
              52.7919917
            ],
            [
              -2.0583707,
              52.7920219
            ],
            [
              -2.059135,
              52.7923409
            ],
            [
              -2.061052,
              52.7931011
            ],
            [
              -2.0622057,
              52.7935321
            ],
            [
              -2.0634067,
              52.7939753
            ],
            [
              -2.0642359,
              52.79426
            ],
            [
              -2.0658243,
              52.7947908
            ],
            [
              -2.0674936,
              52.7952922
            ],
            [
              -2.0676323,
              52.7953329
            ],
            [
              -2.0682096,
              52.7954775
            ],
            [
              -2.0686124,
              52.7955978
            ],
            [
              -2.0691384,
              52.7957724
            ],
            [
              -2.0696452,
              52.7959552
            ],
            [
              -2.0702072,
              52.7961734
            ],
            [
              -2.0711156,
              52.7965782
            ],
            [
              -2.0718929,
              52.7969581
            ],
            [
              -2.0732712,
              52.7977608
            ],
            [
              -2.0737969,
              52.7980715
            ],
            [
              -2.0741047,
              52.7982404
            ],
            [
              -2.0744535,
              52.7984075
            ],
            [
              -2.0755111,
              52.7988767
            ],
            [
              -2.0757856,
              52.7989891
            ],
            [
              -2.0760719,
              52.7991045
            ],
            [
              -2.0767565,
              52.7993356
            ],
            [
              -2.0774089,
              52.7995263
            ],
            [
              -2.078052,
              52.7996952
            ],
            [
              -2.078997,
              52.7999124
            ],
            [
              -2.0799098,
              52.8000828
            ],
            [
              -2.0806822,
              52.8002009
            ],
            [
              -2.0814891,
              52.8002834
            ],
            [
              -2.0825747,
              52.8003684
            ],
            [
              -2.0835811,
              52.800409
            ],
            [
              -2.0847862,
              52.8004362
            ],
            [
              -2.0854773,
              52.8004137
            ],
            [
              -2.0858585,
              52.8003919
            ],
            [
              -2.0864094,
              52.8003544
            ],
            [
              -2.0869265,
              52.8003048
            ],
            [
              -2.0876497,
              52.8002259
            ],
            [
              -2.0881785,
              52.8001452
            ],
            [
              -2.0886845,
              52.8000618
            ],
            [
              -2.0894795,
              52.7998822
            ],
            [
              -2.0901626,
              52.7997124
            ],
            [
              -2.092589,
              52.7990499
            ],
            [
              -2.0927003,
              52.7990231
            ],
            [
              -2.0995244,
              52.7971561
            ],
            [
              -2.100793,
              52.7968186
            ],
            [
              -2.1020556,
              52.7964615
            ],
            [
              -2.1040662,
              52.7959242
            ],
            [
              -2.1046213,
              52.7957759
            ],
            [
              -2.1052613,
              52.7956148
            ],
            [
              -2.1059387,
              52.795494
            ],
            [
              -2.1065296,
              52.7954217
            ],
            [
              -2.1071652,
              52.7953625
            ],
            [
              -2.1078933,
              52.7953339
            ],
            [
              -2.1087621,
              52.7953552
            ],
            [
              -2.1095828,
              52.7953983
            ],
            [
              -2.110269,
              52.7954766
            ],
            [
              -2.1109316,
              52.7955851
            ],
            [
              -2.1116768,
              52.7957442
            ],
            [
              -2.1123551,
              52.79592
            ],
            [
              -2.1129887,
              52.7961237
            ],
            [
              -2.1136351,
              52.7963715
            ],
            [
              -2.1142331,
              52.7966391
            ],
            [
              -2.114555,
              52.7968115
            ],
            [
              -2.1147408,
              52.7969206
            ],
            [
              -2.1149577,
              52.7970474
            ],
            [
              -2.1152316,
              52.7972248
            ],
            [
              -2.1157294,
              52.7975733
            ],
            [
              -2.1160104,
              52.7978024
            ],
            [
              -2.1162863,
              52.798041
            ],
            [
              -2.1164676,
              52.798243
            ],
            [
              -2.1167024,
              52.7984888
            ],
            [
              -2.1168324,
              52.798619
            ],
            [
              -2.1174067,
              52.7991938
            ],
            [
              -2.1177522,
              52.7995632
            ],
            [
              -2.1180846,
              52.7999137
            ],
            [
              -2.1187548,
              52.8005715
            ],
            [
              -2.119794,
              52.8015129
            ],
            [
              -2.1201262,
              52.8018057
            ],
            [
              -2.1203601,
              52.8019982
            ],
            [
              -2.1205635,
              52.802166
            ],
            [
              -2.1212756,
              52.802766
            ],
            [
              -2.1215292,
              52.8029784
            ],
            [
              -2.1221363,
              52.8034653
            ],
            [
              -2.1228033,
              52.8039695
            ],
            [
              -2.1235638,
              52.8045155
            ],
            [
              -2.1244031,
              52.8050912
            ],
            [
              -2.1253176,
              52.8057043
            ],
            [
              -2.1256603,
              52.80592
            ],
            [
              -2.12596,
              52.8061151
            ],
            [
              -2.1265727,
              52.8064971
            ],
            [
              -2.1269946,
              52.8067501
            ],
            [
              -2.1276645,
              52.8071357
            ],
            [
              -2.1289327,
              52.8078399
            ],
            [
              -2.1309973,
              52.8089573
            ],
            [
              -2.1316624,
              52.8093198
            ],
            [
              -2.1317678,
              52.809378
            ],
            [
              -2.1327115,
              52.8098876
            ],
            [
              -2.1328437,
              52.8099593
            ],
            [
              -2.1351604,
              52.8112123
            ],
            [
              -2.1375157,
              52.8124896
            ],
            [
              -2.1422437,
              52.8150467
            ],
            [
              -2.1437979,
              52.8158886
            ],
            [
              -2.145396,
              52.8167542
            ],
            [
              -2.1454769,
              52.816796
            ],
            [
              -2.1479359,
              52.8181447
            ],
            [
              -2.150886,
              52.8198553
            ],
            [
              -2.152303,
              52.8207708
            ],
            [
              -2.1536747,
              52.8216422
            ],
            [
              -2.1552301,
              52.8227168
            ],
            [
              -2.1554225,
              52.8228497
            ],
            [
              -2.1571715,
              52.8240621
            ],
            [
              -2.1604575,
              52.8265004
            ],
            [
              -2.1619081,
              52.8276521
            ],
            [
              -2.1633049,
              52.8288088
            ],
            [
              -2.1660594,
              52.8311438
            ],
            [
              -2.1660631,
              52.8311469
            ],
            [
              -2.1668527,
              52.8318806
            ],
            [
              -2.16767,
              52.8326278
            ],
            [
              -2.1692402,
              52.8340875
            ],
            [
              -2.170022,
              52.8348434
            ],
            [
              -2.1707566,
              52.8355537
            ],
            [
              -2.1722342,
              52.8370355
            ],
            [
              -2.1749181,
              52.8399811
            ],
            [
              -2.1757017,
              52.8407808
            ],
            [
              -2.1765933,
              52.8415772
            ],
            [
              -2.1770857,
              52.8420061
            ],
            [
              -2.1779285,
              52.8427402
            ],
            [
              -2.179265,
              52.843748
            ],
            [
              -2.1806739,
              52.8447044
            ],
            [
              -2.1822864,
              52.8459259
            ],
            [
              -2.1830918,
              52.8466607
            ],
            [
              -2.1838102,
              52.8474337
            ],
            [
              -2.1841682,
              52.8478427
            ],
            [
              -2.1842714,
              52.8479673
            ],
            [
              -2.1844943,
              52.8482641
            ],
            [
              -2.1850301,
              52.8489855
            ],
            [
              -2.1851202,
              52.8491424
            ],
            [
              -2.1856449,
              52.8499013
            ],
            [
              -2.1860634,
              52.8507335
            ],
            [
              -2.1863905,
              52.8515899
            ],
            [
              -2.186669,
              52.8524482
            ],
            [
              -2.1868521,
              52.8537425
            ],
            [
              -2.1868614,
              52.8548588
            ],
            [
              -2.1868629,
              52.855032
            ],
            [
              -2.1867305,
              52.8561284
            ],
            [
              -2.186579,
              52.8571458
            ],
            [
              -2.186506,
              52.8579009
            ],
            [
              -2.1864979,
              52.8582753
            ],
            [
              -2.1865058,
              52.8586685
            ],
            [
              -2.1865287,
              52.8590684
            ],
            [
              -2.1865724,
              52.859459
            ],
            [
              -2.1866419,
              52.8598839
            ],
            [
              -2.1867011,
              52.8601571
            ],
            [
              -2.1867862,
              52.8605198
            ],
            [
              -2.18686,
              52.8607907
            ],
            [
              -2.1869365,
              52.8610271
            ],
            [
              -2.1870303,
              52.8612975
            ],
            [
              -2.1871891,
              52.8617137
            ],
            [
              -2.1875372,
              52.8624594
            ],
            [
              -2.1877277,
              52.8628189
            ],
            [
              -2.1879744,
              52.8632318
            ],
            [
              -2.1882253,
              52.8636208
            ],
            [
              -2.1884672,
              52.8639723
            ],
            [
              -2.1886273,
              52.8641959
            ],
            [
              -2.1887496,
              52.8643485
            ],
            [
              -2.188936,
              52.8645928
            ],
            [
              -2.1891426,
              52.8648463
            ],
            [
              -2.1893974,
              52.8651357
            ],
            [
              -2.1896502,
              52.8654187
            ],
            [
              -2.1899798,
              52.8657606
            ],
            [
              -2.1901578,
              52.865938
            ],
            [
              -2.1903066,
              52.866089
            ],
            [
              -2.1905934,
              52.8663514
            ],
            [
              -2.1906216,
              52.8663766
            ],
            [
              -2.1909147,
              52.8666383
            ],
            [
              -2.191295,
              52.8669593
            ],
            [
              -2.1916057,
              52.8672193
            ],
            [
              -2.1919294,
              52.8674604
            ],
            [
              -2.1926521,
              52.8679755
            ],
            [
              -2.1929471,
              52.8681712
            ],
            [
              -2.1935231,
              52.868533
            ],
            [
              -2.1938244,
              52.8687144
            ],
            [
              -2.1941365,
              52.8688958
            ],
            [
              -2.194806,
              52.8692398
            ],
            [
              -2.1954685,
              52.8695537
            ],
            [
              -2.1959835,
              52.869792
            ],
            [
              -2.1964389,
              52.870006
            ],
            [
              -2.1974457,
              52.8704362
            ],
            [
              -2.1985057,
              52.8708641
            ],
            [
              -2.1996345,
              52.8712366
            ],
            [
              -2.2007883,
              52.8715635
            ],
            [
              -2.2016395,
              52.871777
            ],
            [
              -2.2021649,
              52.8719088
            ],
            [
              -2.2028512,
              52.8720593
            ],
            [
              -2.2035552,
              52.872197
            ],
            [
              -2.2043429,
              52.8723335
            ],
            [
              -2.2051571,
              52.8724658
            ],
            [
              -2.2052695,
              52.8724851
            ],
            [
              -2.2064047,
              52.8726588
            ],
            [
              -2.2071443,
              52.8727856
            ],
            [
              -2.2085991,
              52.8730825
            ],
            [
              -2.2092561,
              52.8732356
            ],
            [
              -2.2101865,
              52.8734838
            ],
            [
              -2.2109643,
              52.873716
            ],
            [
              -2.2115236,
              52.8738961
            ],
            [
              -2.2122528,
              52.8741452
            ],
            [
              -2.2125991,
              52.8742742
            ],
            [
              -2.2135296,
              52.874623
            ],
            [
              -2.2144647,
              52.8750295
            ],
            [
              -2.2154899,
              52.8755557
            ],
            [
              -2.2155759,
              52.8756002
            ],
            [
              -2.2161442,
              52.8758936
            ],
            [
              -2.2167798,
              52.8762617
            ],
            [
              -2.2176951,
              52.876849
            ],
            [
              -2.218564,
              52.8774783
            ],
            [
              -2.2193877,
              52.8781287
            ],
            [
              -2.2201956,
              52.8787991
            ],
            [
              -2.2208693,
              52.879349
            ],
            [
              -2.2216078,
              52.8799276
            ],
            [
              -2.222342,
              52.8804797
            ],
            [
              -2.2230836,
              52.8810146
            ],
            [
              -2.223825,
              52.8815465
            ],
            [
              -2.224593,
              52.882072
            ],
            [
              -2.2253727,
              52.882593
            ],
            [
              -2.2261769,
              52.8831029
            ],
            [
              -2.2268445,
              52.8835204
            ],
            [
              -2.2275258,
              52.8839315
            ],
            [
              -2.2282174,
              52.8843426
            ],
            [
              -2.2289134,
              52.884744
            ],
            [
              -2.2296167,
              52.8851383
            ],
            [
              -2.2302258,
              52.8854726
            ],
            [
              -2.2303333,
              52.8855316
            ],
            [
              -2.2317956,
              52.8863081
            ],
            [
              -2.2324705,
              52.8866501
            ],
            [
              -2.2331474,
              52.8869877
            ],
            [
              -2.2338096,
              52.8873111
            ],
            [
              -2.234511,
              52.8876428
            ],
            [
              -2.2355069,
              52.8880994
            ],
            [
              -2.2365294,
              52.888546
            ],
            [
              -2.2375089,
              52.8889526
            ],
            [
              -2.2384968,
              52.8893636
            ],
            [
              -2.2394623,
              52.8897655
            ],
            [
              -2.2404237,
              52.8901881
            ],
            [
              -2.2413653,
              52.890616
            ],
            [
              -2.2418352,
              52.8908385
            ],
            [
              -2.2420651,
              52.890954
            ],
            [
              -2.2422958,
              52.8910698
            ],
            [
              -2.2431919,
              52.8915316
            ],
            [
              -2.2440646,
              52.8919989
            ],
            [
              -2.244678,
              52.8923576
            ],
            [
              -2.245237,
              52.8926845
            ],
            [
              -2.2462246,
              52.8932926
            ],
            [
              -2.2472432,
              52.8939728
            ],
            [
              -2.2482387,
              52.8946797
            ],
            [
              -2.2486657,
              52.8950005
            ],
            [
              -2.2490945,
              52.8953424
            ],
            [
              -2.2495144,
              52.8956728
            ],
            [
              -2.2499182,
              52.8960103
            ],
            [
              -2.2503264,
              52.8963593
            ],
            [
              -2.2506902,
              52.8967145
            ],
            [
              -2.2507711,
              52.8967894
            ],
            [
              -2.2511025,
              52.897095
            ],
            [
              -2.2514822,
              52.8974345
            ],
            [
              -2.2522626,
              52.8982318
            ],
            [
              -2.2529913,
              52.8990489
            ],
            [
              -2.2536741,
              52.8998837
            ],
            [
              -2.2543003,
              52.9007266
            ],
            [
              -2.2548726,
              52.9015843
            ],
            [
              -2.2553902,
              52.90246
            ],
            [
              -2.2558527,
              52.9033567
            ],
            [
              -2.2560678,
              52.9038293
            ],
            [
              -2.2562591,
              52.9042495
            ],
            [
              -2.2566984,
              52.9054802
            ],
            [
              -2.2570435,
              52.9067234
            ],
            [
              -2.2577289,
              52.9091844
            ],
            [
              -2.2577555,
              52.9092826
            ],
            [
              -2.2586334,
              52.9125283
            ],
            [
              -2.2595271,
              52.9158772
            ],
            [
              -2.2601568,
              52.9182392
            ],
            [
              -2.2604051,
              52.9191579
            ],
            [
              -2.2604744,
              52.9194144
            ],
            [
              -2.2607895,
              52.9206001
            ],
            [
              -2.2611196,
              52.9217811
            ],
            [
              -2.2614856,
              52.9229551
            ],
            [
              -2.2619001,
              52.924125
            ],
            [
              -2.2623438,
              52.9252982
            ],
            [
              -2.2627378,
              52.92624
            ],
            [
              -2.2628006,
              52.9263777
            ],
            [
              -2.2632055,
              52.9272398
            ],
            [
              -2.2637056,
              52.9282146
            ],
            [
              -2.2642534,
              52.9291777
            ],
            [
              -2.2643323,
              52.9293137
            ],
            [
              -2.2670769,
              52.9340423
            ],
            [
              -2.2698818,
              52.938766
            ],
            [
              -2.2698904,
              52.9387805
            ],
            [
              -2.2701043,
              52.9391337
            ],
            [
              -2.2701669,
              52.9392393
            ],
            [
              -2.2713115,
              52.9411882
            ],
            [
              -2.2726963,
              52.9435397
            ],
            [
              -2.275474,
              52.9482685
            ],
            [
              -2.2757523,
              52.9487515
            ],
            [
              -2.276065,
              52.9492434
            ],
            [
              -2.2763792,
              52.949707
            ],
            [
              -2.2767387,
              52.9501702
            ],
            [
              -2.2768733,
              52.9503355
            ],
            [
              -2.2770124,
              52.9505003
            ],
            [
              -2.2773084,
              52.9508252
            ],
            [
              -2.2776197,
              52.9511465
            ],
            [
              -2.2779466,
              52.9514628
            ],
            [
              -2.278628,
              52.9520724
            ],
            [
              -2.2793602,
              52.9526778
            ],
            [
              -2.2799541,
              52.9531174
            ],
            [
              -2.280585,
              52.9535362
            ],
            [
              -2.281255,
              52.9539343
            ],
            [
              -2.281942,
              52.9543224
            ],
            [
              -2.2827462,
              52.9547387
            ],
            [
              -2.2836204,
              52.9551437
            ],
            [
              -2.2845197,
              52.955521
            ],
            [
              -2.285452,
              52.9558744
            ],
            [
              -2.2865525,
              52.9562439
            ],
            [
              -2.2876789,
              52.9565783
            ],
            [
              -2.2888949,
              52.9568852
            ],
            [
              -2.2900773,
              52.9571406
            ],
            [
              -2.290124,
              52.9571507
            ],
            [
              -2.2912909,
              52.9573804
            ],
            [
              -2.2924728,
              52.957566
            ],
            [
              -2.2935931,
              52.9577314
            ],
            [
              -2.2948264,
              52.9578573
            ],
            [
              -2.2961641,
              52.9580009
            ],
            [
              -2.2974815,
              52.9581871
            ],
            [
              -2.2987407,
              52.9583977
            ],
            [
              -2.299971,
              52.9586559
            ],
            [
              -2.3010079,
              52.9589205
            ],
            [
              -2.3014829,
              52.9590505
            ],
            [
              -2.3019566,
              52.9591941
            ],
            [
              -2.3024285,
              52.959345
            ],
            [
              -2.3028856,
              52.9595036
            ],
            [
              -2.3033257,
              52.959667
            ],
            [
              -2.3037683,
              52.95984
            ],
            [
              -2.3043829,
              52.9600951
            ],
            [
              -2.3049827,
              52.9603519
            ],
            [
              -2.3055828,
              52.9606172
            ],
            [
              -2.3061904,
              52.9608957
            ],
            [
              -2.3067781,
              52.9611617
            ],
            [
              -2.3073577,
              52.9614424
            ],
            [
              -2.3078839,
              52.9617145
            ],
            [
              -2.3084096,
              52.9620113
            ],
            [
              -2.3084432,
              52.9620303
            ],
            [
              -2.3095265,
              52.9627029
            ],
            [
              -2.3105172,
              52.9634605
            ],
            [
              -2.3119776,
              52.9648081
            ],
            [
              -2.3133538,
              52.9661889
            ],
            [
              -2.3161136,
              52.9689508
            ],
            [
              -2.3184802,
              52.9713331
            ],
            [
              -2.3188852,
              52.9717408
            ],
            [
              -2.3244324,
              52.9772825
            ],
            [
              -2.3260909,
              52.9789483
            ],
            [
              -2.3273746,
              52.9802337
            ],
            [
              -2.3277659,
              52.9806255
            ],
            [
              -2.331095,
              52.9839774
            ],
            [
              -2.3313514,
              52.9842281
            ],
            [
              -2.3316746,
              52.9845556
            ],
            [
              -2.3323251,
              52.9852088
            ],
            [
              -2.333645,
              52.9865307
            ],
            [
              -2.3362661,
              52.9891524
            ],
            [
              -2.3368652,
              52.9897543
            ],
            [
              -2.3384887,
              52.9913853
            ],
            [
              -2.338876,
              52.9917743
            ],
            [
              -2.3401892,
              52.9930823
            ],
            [
              -2.3415205,
              52.9943913
            ],
            [
              -2.3417407,
              52.9946089
            ],
            [
              -2.3419884,
              52.9948347
            ],
            [
              -2.3424672,
              52.9952753
            ],
            [
              -2.3429679,
              52.9957083
            ],
            [
              -2.3434874,
              52.9961328
            ],
            [
              -2.3445239,
              52.996936
            ],
            [
              -2.3456259,
              52.9977255
            ],
            [
              -2.3467673,
              52.9984822
            ],
            [
              -2.3480197,
              52.9992276
            ],
            [
              -2.3480381,
              52.9992377
            ],
            [
              -2.3488374,
              52.9996774
            ],
            [
              -2.3496793,
              53.0001198
            ],
            [
              -2.3505511,
              53.0005508
            ],
            [
              -2.3514434,
              53.0009626
            ],
            [
              -2.3526311,
              53.0014982
            ],
            [
              -2.353795,
              53.0020557
            ],
            [
              -2.3543443,
              53.0023278
            ],
            [
              -2.3548573,
              53.0026078
            ],
            [
              -2.3559116,
              53.0031821
            ],
            [
              -2.356822,
              53.003725
            ],
            [
              -2.3577367,
              53.0042809
            ],
            [
              -2.359439,
              53.0054576
            ],
            [
              -2.3609459,
              53.0066221
            ],
            [
              -2.3614388,
              53.007003
            ],
            [
              -2.3633795,
              53.0085381
            ],
            [
              -2.3670866,
              53.0115381
            ],
            [
              -2.3671472,
              53.0115867
            ],
            [
              -2.3679866,
              53.0121879
            ],
            [
              -2.3687606,
              53.0128095
            ],
            [
              -2.3700873,
              53.0138697
            ],
            [
              -2.3703144,
              53.0140512
            ],
            [
              -2.3734132,
              53.0165103
            ],
            [
              -2.3738537,
              53.0168763
            ],
            [
              -2.3739323,
              53.0169357
            ],
            [
              -2.3744017,
              53.0172946
            ],
            [
              -2.3753919,
              53.0180783
            ],
            [
              -2.3773241,
              53.0196691
            ],
            [
              -2.3779591,
              53.0202462
            ],
            [
              -2.3785646,
              53.0208257
            ],
            [
              -2.3791398,
              53.021415
            ],
            [
              -2.3792758,
              53.0215582
            ],
            [
              -2.379703,
              53.0220081
            ],
            [
              -2.3801253,
              53.0224559
            ],
            [
              -2.3805553,
              53.0228935
            ],
            [
              -2.381463,
              53.0237519
            ],
            [
              -2.3834175,
              53.0253893
            ],
            [
              -2.3840069,
              53.0258475
            ],
            [
              -2.3846508,
              53.0263347
            ],
            [
              -2.3859559,
              53.0272566
            ],
            [
              -2.3886667,
              53.029062
            ],
            [
              -2.389583,
              53.0297169
            ],
            [
              -2.3897627,
              53.0298432
            ],
            [
              -2.3904976,
              53.0303599
            ],
            [
              -2.3923507,
              53.0316383
            ],
            [
              -2.3932972,
              53.0323014
            ],
            [
              -2.3942502,
              53.0329688
            ],
            [
              -2.3959924,
              53.0343684
            ],
            [
              -2.3965838,
              53.0348963
            ],
            [
              -2.3971474,
              53.0354155
            ],
            [
              -2.3977064,
              53.0359487
            ],
            [
              -2.398231,
              53.0364866
            ],
            [
              -2.3987709,
              53.0370375
            ],
            [
              -2.3993032,
              53.0375888
            ],
            [
              -2.4003845,
              53.0386968
            ],
            [
              -2.4005931,
              53.0389145
            ],
            [
              -2.4009453,
              53.039282
            ],
            [
              -2.4015194,
              53.0398724
            ],
            [
              -2.4026456,
              53.0410344
            ],
            [
              -2.4048853,
              53.0433451
            ],
            [
              -2.4050292,
              53.0434904
            ],
            [
              -2.4051698,
              53.0436378
            ],
            [
              -2.4054592,
              53.0439348
            ],
            [
              -2.4060193,
              53.0445224
            ],
            [
              -2.4070734,
              53.0457178
            ],
            [
              -2.4075708,
              53.0463186
            ],
            [
              -2.4080496,
              53.0469328
            ],
            [
              -2.4089497,
              53.0481725
            ],
            [
              -2.4093163,
              53.0487275
            ],
            [
              -2.4095692,
              53.0491887
            ],
            [
              -2.4096091,
              53.0492521
            ],
            [
              -2.4102239,
              53.0502476
            ],
            [
              -2.4103111,
              53.0503888
            ],
            [
              -2.4112084,
              53.0520166
            ],
            [
              -2.4112382,
              53.0520624
            ],
            [
              -2.4115942,
              53.0526228
            ],
            [
              -2.4141567,
              53.0570947
            ],
            [
              -2.4153801,
              53.0592298
            ],
            [
              -2.4176556,
              53.063201
            ],
            [
              -2.419285,
              53.0660444
            ],
            [
              -2.4197885,
              53.0669135
            ],
            [
              -2.4203464,
              53.0678765
            ],
            [
              -2.4211201,
              53.0692934
            ],
            [
              -2.4235178,
              53.073466
            ],
            [
              -2.4265927,
              53.0788151
            ],
            [
              -2.4271333,
              53.0797357
            ],
            [
              -2.4285706,
              53.0821833
            ],
            [
              -2.4288677,
              53.0826786
            ],
            [
              -2.4291046,
              53.0830761
            ],
            [
              -2.4295181,
              53.0837705
            ],
            [
              -2.4297903,
              53.0842274
            ],
            [
              -2.4298259,
              53.0842849
            ],
            [
              -2.4300542,
              53.0846661
            ],
            [
              -2.4310942,
              53.0864047
            ],
            [
              -2.431198,
              53.0865863
            ],
            [
              -2.4312937,
              53.0867536
            ],
            [
              -2.4314171,
              53.0869873
            ],
            [
              -2.4314985,
              53.0871593
            ],
            [
              -2.4315758,
              53.08731
            ],
            [
              -2.4316519,
              53.0874536
            ],
            [
              -2.4317819,
              53.0876854
            ],
            [
              -2.4317856,
              53.087692
            ],
            [
              -2.4324572,
              53.088784
            ],
            [
              -2.4325177,
              53.0888896
            ],
            [
              -2.4325635,
              53.0889698
            ],
            [
              -2.4328969,
              53.0895678
            ],
            [
              -2.4329211,
              53.0896136
            ],
            [
              -2.4330175,
              53.0897946
            ],
            [
              -2.4330756,
              53.089899
            ],
            [
              -2.433552,
              53.0907307
            ],
            [
              -2.4342087,
              53.0919325
            ],
            [
              -2.4343514,
              53.0922245
            ],
            [
              -2.4345975,
              53.0926685
            ],
            [
              -2.4351515,
              53.0936651
            ],
            [
              -2.435417,
              53.0941756
            ],
            [
              -2.4356326,
              53.0945701
            ],
            [
              -2.4358596,
              53.0949682
            ],
            [
              -2.4363589,
              53.0958452
            ],
            [
              -2.4364321,
              53.0959616
            ],
            [
              -2.4370135,
              53.0968867
            ],
            [
              -2.437412,
              53.0975058
            ],
            [
              -2.4377874,
              53.0981287
            ],
            [
              -2.4379095,
              53.0983325
            ],
            [
              -2.4382581,
              53.0989146
            ],
            [
              -2.438666,
              53.0996471
            ],
            [
              -2.4387972,
              53.0998813
            ],
            [
              -2.4395074,
              53.1012182
            ],
            [
              -2.4398761,
              53.1018818
            ],
            [
              -2.4402046,
              53.1024828
            ],
            [
              -2.4402767,
              53.1026223
            ],
            [
              -2.4407509,
              53.1034277
            ],
            [
              -2.4414635,
              53.1046377
            ],
            [
              -2.4434154,
              53.1080332
            ],
            [
              -2.444988,
              53.1107414
            ],
            [
              -2.4464417,
              53.1132804
            ],
            [
              -2.4469918,
              53.1142389
            ],
            [
              -2.4482415,
              53.1164165
            ],
            [
              -2.449081,
              53.1178685
            ],
            [
              -2.4499243,
              53.1193348
            ],
            [
              -2.4518035,
              53.1226107
            ],
            [
              -2.4525303,
              53.1238822
            ],
            [
              -2.4531462,
              53.1249543
            ],
            [
              -2.4541649,
              53.1267276
            ],
            [
              -2.4573589,
              53.1322763
            ],
            [
              -2.4588604,
              53.1348822
            ],
            [
              -2.4600067,
              53.1368692
            ],
            [
              -2.4600471,
              53.136939
            ],
            [
              -2.4620321,
              53.1403638
            ],
            [
              -2.4633531,
              53.1426649
            ],
            [
              -2.4639995,
              53.1437927
            ],
            [
              -2.4647006,
              53.1450087
            ],
            [
              -2.4655507,
              53.1464882
            ],
            [
              -2.4659229,
              53.1471337
            ],
            [
              -2.4679209,
              53.150599
            ],
            [
              -2.4691037,
              53.1526483
            ],
            [
              -2.4702549,
              53.1546442
            ],
            [
              -2.4704191,
              53.1549289
            ],
            [
              -2.4727975,
              53.159046
            ],
            [
              -2.4728029,
              53.1590553
            ],
            [
              -2.4736511,
              53.1605192
            ],
            [
              -2.4754402,
              53.1636261
            ],
            [
              -2.4766327,
              53.1656943
            ],
            [
              -2.4774619,
              53.1671137
            ],
            [
              -2.4781827,
              53.1683657
            ],
            [
              -2.4784174,
              53.1687733
            ],
            [
              -2.4796287,
              53.1708766
            ],
            [
              -2.4806376,
              53.172614
            ],
            [
              -2.4811801,
              53.1735597
            ],
            [
              -2.4815384,
              53.1741752
            ],
            [
              -2.4827952,
              53.1764008
            ],
            [
              -2.4830369,
              53.1768056
            ],
            [
              -2.4836397,
              53.1777201
            ],
            [
              -2.484258,
              53.1786335
            ],
            [
              -2.4847116,
              53.179261
            ],
            [
              -2.4851016,
              53.1797891
            ],
            [
              -2.4855012,
              53.1803147
            ],
            [
              -2.4859304,
              53.1808211
            ],
            [
              -2.4862536,
              53.1812155
            ],
            [
              -2.4863408,
              53.1813162
            ],
            [
              -2.4873894,
              53.1825392
            ],
            [
              -2.4887841,
              53.1841531
            ],
            [
              -2.4893072,
              53.1847558
            ],
            [
              -2.4899128,
              53.1854627
            ],
            [
              -2.4908036,
              53.186501
            ],
            [
              -2.491126,
              53.1868614
            ],
            [
              -2.4913235,
              53.1870832
            ],
            [
              -2.4920517,
              53.1879026
            ],
            [
              -2.4924982,
              53.188401
            ],
            [
              -2.4928046,
              53.1887345
            ],
            [
              -2.4932499,
              53.189233
            ],
            [
              -2.4933554,
              53.1893597
            ],
            [
              -2.4938367,
              53.1899071
            ],
            [
              -2.4940198,
              53.1901153
            ],
            [
              -2.4940547,
              53.1901557
            ],
            [
              -2.4947259,
              53.1909315
            ],
            [
              -2.503572,
              53.2011737
            ],
            [
              -2.5038259,
              53.2014598
            ],
            [
              -2.5044517,
              53.2021649
            ],
            [
              -2.5051574,
              53.2028692
            ],
            [
              -2.5088771,
              53.2063234
            ],
            [
              -2.5099786,
              53.2073235
            ],
            [
              -2.5182366,
              53.2148199
            ],
            [
              -2.5198784,
              53.2162445
            ],
            [
              -2.5200193,
              53.2163671
            ],
            [
              -2.5235176,
              53.2195476
            ],
            [
              -2.5327565,
              53.2279461
            ],
            [
              -2.5337106,
              53.2288133
            ],
            [
              -2.5345463,
              53.2295584
            ],
            [
              -2.5352615,
              53.2301496
            ],
            [
              -2.5361387,
              53.2308352
            ],
            [
              -2.5365871,
              53.2311736
            ],
            [
              -2.5378655,
              53.2321076
            ],
            [
              -2.5423871,
              53.2354253
            ],
            [
              -2.5427564,
              53.2356874
            ],
            [
              -2.5432927,
              53.236068
            ],
            [
              -2.54412,
              53.2366367
            ],
            [
              -2.5449516,
              53.2371569
            ],
            [
              -2.5461764,
              53.237877
            ],
            [
              -2.5469251,
              53.2382851
            ],
            [
              -2.5521949,
              53.2409246
            ],
            [
              -2.5539093,
              53.2417832
            ],
            [
              -2.5552838,
              53.2424747
            ],
            [
              -2.5588153,
              53.2442514
            ],
            [
              -2.5654802,
              53.2475845
            ],
            [
              -2.5677711,
              53.248781
            ],
            [
              -2.5685606,
              53.2491794
            ],
            [
              -2.5693817,
              53.2495984
            ],
            [
              -2.5698019,
              53.2498024
            ],
            [
              -2.5704247,
              53.250115
            ],
            [
              -2.5713681,
              53.2505951
            ],
            [
              -2.5843696,
              53.2571176
            ],
            [
              -2.5845125,
              53.2571896
            ],
            [
              -2.5874424,
              53.2586699
            ],
            [
              -2.5914318,
              53.2606652
            ],
            [
              -2.5915954,
              53.2607461
            ],
            [
              -2.5934136,
              53.2616582
            ],
            [
              -2.5987135,
              53.2643167
            ],
            [
              -2.600108,
              53.2650157
            ],
            [
              -2.6014389,
              53.265633
            ],
            [
              -2.602769,
              53.2662973
            ],
            [
              -2.6041657,
              53.2669912
            ],
            [
              -2.6048828,
              53.2673561
            ],
            [
              -2.6058103,
              53.2678281
            ],
            [
              -2.6077578,
              53.2687946
            ],
            [
              -2.6097191,
              53.2697831
            ],
            [
              -2.6098117,
              53.2698297
            ],
            [
              -2.6143224,
              53.2720968
            ],
            [
              -2.6155995,
              53.2727709
            ],
            [
              -2.6168257,
              53.2734657
            ],
            [
              -2.6180012,
              53.2741745
            ],
            [
              -2.6190599,
              53.2748443
            ],
            [
              -2.6200905,
              53.2755384
            ],
            [
              -2.6211193,
              53.2762756
            ],
            [
              -2.6221118,
              53.2770263
            ],
            [
              -2.6230923,
              53.2778182
            ],
            [
              -2.6232599,
              53.2779612
            ],
            [
              -2.6246536,
              53.2791643
            ],
            [
              -2.6254015,
              53.2798457
            ],
            [
              -2.626108,
              53.2805201
            ],
            [
              -2.6267335,
              53.2811673
            ],
            [
              -2.6268739,
              53.2813201
            ],
            [
              -2.62705,
              53.2815119
            ],
            [
              -2.6303283,
              53.285077
            ],
            [
              -2.6305967,
              53.2853693
            ],
            [
              -2.631224,
              53.286129
            ],
            [
              -2.6318072,
              53.286943
            ],
            [
              -2.6322184,
              53.2876041
            ],
            [
              -2.6325808,
              53.2883096
            ],
            [
              -2.6327201,
              53.2886282
            ],
            [
              -2.6329107,
              53.2890638
            ],
            [
              -2.6331895,
              53.2898151
            ],
            [
              -2.6333852,
              53.2904015
            ],
            [
              -2.6337471,
              53.2916256
            ],
            [
              -2.6341772,
              53.293112
            ],
            [
              -2.6343717,
              53.2937224
            ],
            [
              -2.6345031,
              53.2941683
            ],
            [
              -2.6347212,
              53.2949006
            ],
            [
              -2.6349779,
              53.2957728
            ],
            [
              -2.6352318,
              53.2965494
            ],
            [
              -2.6354356,
              53.2970708
            ],
            [
              -2.6356002,
              53.2974482
            ],
            [
              -2.6356431,
              53.2975418
            ],
            [
              -2.6359062,
              53.2981003
            ],
            [
              -2.636202,
              53.2986181
            ],
            [
              -2.6364888,
              53.2991022
            ],
            [
              -2.6365296,
              53.2991665
            ],
            [
              -2.6369413,
              53.2998156
            ],
            [
              -2.6373202,
              53.3003734
            ],
            [
              -2.6376199,
              53.300795
            ],
            [
              -2.6380804,
              53.3013969
            ],
            [
              -2.6385533,
              53.3019494
            ],
            [
              -2.6389192,
              53.3023679
            ],
            [
              -2.6390483,
              53.3025107
            ],
            [
              -2.6393775,
              53.3028748
            ],
            [
              -2.6394521,
              53.3029572
            ],
            [
              -2.6396011,
              53.3031276
            ],
            [
              -2.6400247,
              53.3036121
            ],
            [
              -2.6406557,
              53.3043503
            ],
            [
              -2.6411422,
              53.3048834
            ],
            [
              -2.6415166,
              53.3053395
            ],
            [
              -2.6417899,
              53.305697
            ],
            [
              -2.6420637,
              53.3060692
            ],
            [
              -2.6423999,
              53.3065421
            ],
            [
              -2.6430254,
              53.3074285
            ],
            [
              -2.6436965,
              53.3085297
            ],
            [
              -2.6444461,
              53.3096692
            ],
            [
              -2.6448331,
              53.3102813
            ],
            [
              -2.6449962,
              53.3105322
            ],
            [
              -2.6459226,
              53.3119576
            ],
            [
              -2.6470284,
              53.3136426
            ],
            [
              -2.648093,
              53.3152576
            ],
            [
              -2.6491494,
              53.316915
            ],
            [
              -2.6495605,
              53.3176789
            ],
            [
              -2.6499919,
              53.3186465
            ],
            [
              -2.6510167,
              53.321028
            ],
            [
              -2.6519196,
              53.3232754
            ],
            [
              -2.652153,
              53.3240448
            ],
            [
              -2.6522558,
              53.3244401
            ],
            [
              -2.6523868,
              53.3249439
            ],
            [
              -2.6527437,
              53.3265449
            ],
            [
              -2.6528578,
              53.3269972
            ],
            [
              -2.6530835,
              53.3281174
            ],
            [
              -2.6532753,
              53.3293431
            ],
            [
              -2.6533438,
              53.3299506
            ],
            [
              -2.6534089,
              53.3316359
            ],
            [
              -2.653369,
              53.3326648
            ],
            [
              -2.6533407,
              53.3331768
            ],
            [
              -2.6533684,
              53.3336641
            ],
            [
              -2.6533106,
              53.3341461
            ],
            [
              -2.6533029,
              53.3342109
            ],
            [
              -2.6532495,
              53.3345162
            ],
            [
              -2.6530313,
              53.3354939
            ],
            [
              -2.6530125,
              53.3355933
            ],
            [
              -2.6528518,
              53.3364443
            ],
            [
              -2.6526038,
              53.3373976
            ],
            [
              -2.6524668,
              53.3378743
            ],
            [
              -2.6523346,
              53.3383132
            ],
            [
              -2.6521394,
              53.3389166
            ],
            [
              -2.6515859,
              53.3402481
            ],
            [
              -2.6511443,
              53.3411866
            ],
            [
              -2.6506472,
              53.3420995
            ],
            [
              -2.6503955,
              53.3425477
            ],
            [
              -2.6500792,
              53.3430704
            ],
            [
              -2.6497701,
              53.3435603
            ],
            [
              -2.6493022,
              53.3442463
            ],
            [
              -2.6488163,
              53.344914
            ],
            [
              -2.6483315,
              53.3455519
            ],
            [
              -2.6478299,
              53.346164
            ],
            [
              -2.6477588,
              53.3462474
            ],
            [
              -2.6472522,
              53.3468419
            ],
            [
              -2.6466778,
              53.3474786
            ],
            [
              -2.6465029,
              53.3476654
            ],
            [
              -2.6456562,
              53.3485303
            ],
            [
              -2.644955,
              53.3492239
            ],
            [
              -2.6446672,
              53.3495011
            ],
            [
              -2.6443663,
              53.3497791
            ],
            [
              -2.6436659,
              53.3503949
            ],
            [
              -2.6429622,
              53.3509891
            ],
            [
              -2.6417883,
              53.3519287
            ],
            [
              -2.6411766,
              53.3524023
            ],
            [
              -2.6405543,
              53.3528517
            ],
            [
              -2.6391716,
              53.3538204
            ],
            [
              -2.637527,
              53.3549306
            ],
            [
              -2.6343575,
              53.3569166
            ],
            [
              -2.6337026,
              53.3573063
            ],
            [
              -2.6249298,
              53.3625256
            ],
            [
              -2.6248663,
              53.362565
            ],
            [
              -2.6247117,
              53.362658
            ],
            [
              -2.6243413,
              53.3628871
            ],
            [
              -2.6238468,
              53.3631769
            ],
            [
              -2.6230222,
              53.3636603
            ],
            [
              -2.6219944,
              53.3642661
            ],
            [
              -2.6219842,
              53.3642721
            ],
            [
              -2.620067,
              53.365373
            ],
            [
              -2.6196289,
              53.3656468
            ],
            [
              -2.618883,
              53.366097
            ],
            [
              -2.6180188,
              53.3666206
            ],
            [
              -2.6172968,
              53.3670471
            ],
            [
              -2.6171741,
              53.3671187
            ],
            [
              -2.6155172,
              53.3680851
            ],
            [
              -2.6140155,
              53.3689729
            ],
            [
              -2.6126706,
              53.3697621
            ],
            [
              -2.6105552,
              53.3710126
            ],
            [
              -2.6094391,
              53.3716804
            ],
            [
              -2.6086786,
              53.3721785
            ],
            [
              -2.6079807,
              53.3726786
            ],
            [
              -2.6071261,
              53.3733928
            ],
            [
              -2.6065712,
              53.3739214
            ],
            [
              -2.6063697,
              53.374131
            ],
            [
              -2.6061175,
              53.3743932
            ],
            [
              -2.6054351,
              53.3751217
            ],
            [
              -2.6049091,
              53.3756785
            ],
            [
              -2.6045932,
              53.3760597
            ],
            [
              -2.6043264,
              53.3764519
            ],
            [
              -2.6039866,
              53.3769469
            ],
            [
              -2.6036092,
              53.3775927
            ],
            [
              -2.6033368,
              53.3781231
            ],
            [
              -2.6030989,
              53.3786751
            ],
            [
              -2.6029187,
              53.3792009
            ],
            [
              -2.6027635,
              53.37976
            ],
            [
              -2.6025775,
              53.3807074
            ],
            [
              -2.602515,
              53.3810333
            ],
            [
              -2.6025095,
              53.3812001
            ],
            [
              -2.6025024,
              53.3816689
            ],
            [
              -2.6024979,
              53.3823197
            ],
            [
              -2.6025045,
              53.3826284
            ],
            [
              -2.6025087,
              53.3827964
            ],
            [
              -2.6025105,
              53.3829628
            ],
            [
              -2.6025125,
              53.3830212
            ],
            [
              -2.6025172,
              53.3830798
            ],
            [
              -2.6025305,
              53.3831908
            ],
            [
              -2.6025397,
              53.3832506
            ],
            [
              -2.6026171,
              53.3837615
            ],
            [
              -2.602656,
              53.3839015
            ],
            [
              -2.6027287,
              53.3842756
            ],
            [
              -2.6027545,
              53.384408
            ],
            [
              -2.6028399,
              53.3847649
            ],
            [
              -2.6029892,
              53.3853184
            ],
            [
              -2.6031073,
              53.3857577
            ],
            [
              -2.6032173,
              53.3862076
            ],
            [
              -2.6033555,
              53.3867027
            ],
            [
              -2.6035921,
              53.3875051
            ],
            [
              -2.6037291,
              53.3879602
            ],
            [
              -2.6038993,
              53.3885825
            ],
            [
              -2.6040484,
              53.3893606
            ],
            [
              -2.6040957,
              53.3897433
            ],
            [
              -2.6041086,
              53.3900978
            ],
            [
              -2.6041071,
              53.3904073
            ],
            [
              -2.6040948,
              53.3906987
            ],
            [
              -2.6040595,
              53.3911085
            ],
            [
              -2.6039658,
              53.3917315
            ],
            [
              -2.6038662,
              53.3920847
            ],
            [
              -2.6037626,
              53.3924801
            ],
            [
              -2.6035772,
              53.3930096
            ],
            [
              -2.6035701,
              53.39303
            ],
            [
              -2.6033246,
              53.3935955
            ],
            [
              -2.6030542,
              53.3941255
            ],
            [
              -2.6028574,
              53.3944983
            ],
            [
              -2.6026904,
              53.3947645
            ],
            [
              -2.6025555,
              53.3949977
            ],
            [
              -2.6020354,
              53.395823
            ],
            [
              -2.6014058,
              53.3967635
            ],
            [
              -2.6007734,
              53.3977418
            ],
            [
              -2.6004604,
              53.3982387
            ],
            [
              -2.6003463,
              53.3984637
            ],
            [
              -2.600236,
              53.3986903
            ],
            [
              -2.6001105,
              53.3989958
            ],
            [
              -2.6000097,
              53.3993403
            ],
            [
              -2.5999119,
              53.3998289
            ],
            [
              -2.5998864,
              53.4001939
            ],
            [
              -2.5998857,
              53.4004485
            ],
            [
              -2.5999133,
              53.4007402
            ],
            [
              -2.5999445,
              53.4009224
            ],
            [
              -2.6000155,
              53.4012835
            ],
            [
              -2.600121,
              53.4016301
            ],
            [
              -2.6002529,
              53.4019928
            ],
            [
              -2.6005356,
              53.4027066
            ],
            [
              -2.6005516,
              53.4027498
            ],
            [
              -2.6010585,
              53.4041227
            ],
            [
              -2.6012877,
              53.4047772
            ],
            [
              -2.6015007,
              53.405409
            ],
            [
              -2.6017803,
              53.4062748
            ],
            [
              -2.6025612,
              53.4086295
            ],
            [
              -2.6025856,
              53.408701
            ],
            [
              -2.6029961,
              53.4099508
            ],
            [
              -2.6030095,
              53.4099917
            ],
            [
              -2.6033094,
              53.4108867
            ],
            [
              -2.6034464,
              53.4112932
            ],
            [
              -2.6036391,
              53.411872
            ],
            [
              -2.6038038,
              53.4123659
            ],
            [
              -2.6039766,
              53.4128394
            ],
            [
              -2.6041033,
              53.4131561
            ],
            [
              -2.6042073,
              53.4134075
            ],
            [
              -2.6043752,
              53.4137852
            ],
            [
              -2.6046286,
              53.4143139
            ],
            [
              -2.6049334,
              53.4149072
            ],
            [
              -2.6053613,
              53.4156857
            ],
            [
              -2.6056757,
              53.4162161
            ],
            [
              -2.6062046,
              53.4170414
            ],
            [
              -2.6068173,
              53.4179142
            ],
            [
              -2.6074898,
              53.4187992
            ],
            [
              -2.6081984,
              53.4196745
            ],
            [
              -2.6090465,
              53.4206761
            ],
            [
              -2.609672,
              53.4214069
            ],
            [
              -2.6097116,
              53.4214562
            ],
            [
              -2.6102212,
              53.4220563
            ],
            [
              -2.6104072,
              53.4222726
            ],
            [
              -2.6104616,
              53.4223359
            ],
            [
              -2.6110459,
              53.4230005
            ],
            [
              -2.6116834,
              53.4236727
            ],
            [
              -2.6123189,
              53.4242907
            ],
            [
              -2.6128701,
              53.4247857
            ],
            [
              -2.6136492,
              53.4254347
            ],
            [
              -2.6143073,
              53.4259441
            ],
            [
              -2.6150057,
              53.4264561
            ],
            [
              -2.6157797,
              53.4269737
            ],
            [
              -2.6167219,
              53.4275851
            ],
            [
              -2.6176283,
              53.4282123
            ],
            [
              -2.6183826,
              53.4287833
            ],
            [
              -2.6191169,
              53.4293902
            ],
            [
              -2.6198907,
              53.4300686
            ],
            [
              -2.6202335,
              53.430386
            ],
            [
              -2.6206374,
              53.4307768
            ],
            [
              -2.6209163,
              53.4310643
            ],
            [
              -2.6212742,
              53.4314407
            ],
            [
              -2.6213432,
              53.4315274
            ],
            [
              -2.6215452,
              53.4317564
            ],
            [
              -2.6219981,
              53.4323146
            ],
            [
              -2.6221416,
              53.4325066
            ],
            [
              -2.6222838,
              53.4327109
            ],
            [
              -2.6224267,
              53.4329311
            ],
            [
              -2.6225965,
              53.4332391
            ],
            [
              -2.622714,
              53.4334796
            ],
            [
              -2.6228244,
              53.4337433
            ],
            [
              -2.6229144,
              53.4339964
            ],
            [
              -2.6230045,
              53.4343174
            ],
            [
              -2.62306,
              53.4346127
            ],
            [
              -2.6230868,
              53.4349125
            ],
            [
              -2.6231085,
              53.435155
            ],
            [
              -2.6231086,
              53.4354148
            ],
            [
              -2.6230931,
              53.4356347
            ],
            [
              -2.6230738,
              53.4358521
            ],
            [
              -2.6230284,
              53.4361274
            ],
            [
              -2.6229852,
              53.436376
            ],
            [
              -2.6229714,
              53.4364248
            ],
            [
              -2.6228713,
              53.4367233
            ],
            [
              -2.6227573,
              53.4370151
            ],
            [
              -2.6226695,
              53.437207
            ],
            [
              -2.6224646,
              53.4375853
            ],
            [
              -2.6222204,
              53.4379618
            ],
            [
              -2.6219239,
              53.4383683
            ],
            [
              -2.6215637,
              53.4387895
            ],
            [
              -2.6182853,
              53.4421314
            ],
            [
              -2.6167918,
              53.4436462
            ],
            [
              -2.6167554,
              53.443683
            ],
            [
              -2.6161933,
              53.444254
            ],
            [
              -2.6160813,
              53.4443653
            ],
            [
              -2.6137687,
              53.4467107
            ],
            [
              -2.612755,
              53.4477392
            ],
            [
              -2.6119039,
              53.4485987
            ],
            [
              -2.6116773,
              53.4488273
            ],
            [
              -2.6114406,
              53.449066
            ],
            [
              -2.6108522,
              53.4496632
            ],
            [
              -2.607343,
              53.4532079
            ],
            [
              -2.6070132,
              53.4535462
            ],
            [
              -2.6060203,
              53.4545537
            ],
            [
              -2.6029891,
              53.4576257
            ],
            [
              -2.6015855,
              53.4590438
            ],
            [
              -2.6010025,
              53.459639
            ],
            [
              -2.6007879,
              53.4598673
            ],
            [
              -2.6005261,
              53.4601652
            ],
            [
              -2.6003053,
              53.4604346
            ],
            [
              -2.6002226,
              53.4605442
            ],
            [
              -2.6000209,
              53.4608219
            ],
            [
              -2.5998545,
              53.4610859
            ],
            [
              -2.5996695,
              53.4614123
            ],
            [
              -2.5994921,
              53.4617784
            ],
            [
              -2.5993655,
              53.4620724
            ],
            [
              -2.599258,
              53.4623538
            ],
            [
              -2.5991463,
              53.4626702
            ],
            [
              -2.598973,
              53.463302
            ],
            [
              -2.5988908,
              53.4637082
            ],
            [
              -2.5987877,
              53.4642044
            ],
            [
              -2.5987052,
              53.4646209
            ],
            [
              -2.5985449,
              53.4652437
            ],
            [
              -2.5984332,
              53.4656114
            ],
            [
              -2.5982837,
              53.4660657
            ],
            [
              -2.5981238,
              53.4664981
            ],
            [
              -2.5980066,
              53.4668174
            ],
            [
              -2.5978804,
              53.4671377
            ],
            [
              -2.5978688,
              53.4671629
            ],
            [
              -2.5974488,
              53.4680762
            ],
            [
              -2.5971381,
              53.4686487
            ],
            [
              -2.5968998,
              53.4691128
            ],
            [
              -2.5966325,
              53.4696883
            ],
            [
              -2.5963729,
              53.4703692
            ],
            [
              -2.596182,
              53.47092
            ],
            [
              -2.5960177,
              53.4714312
            ],
            [
              -2.5959875,
              53.4715253
            ],
            [
              -2.5959325,
              53.4716963
            ],
            [
              -2.5957261,
              53.4724425
            ],
            [
              -2.5956351,
              53.4728051
            ],
            [
              -2.5954377,
              53.4737429
            ],
            [
              -2.5952798,
              53.4747576
            ],
            [
              -2.5952059,
              53.4754055
            ],
            [
              -2.5951968,
              53.4754741
            ],
            [
              -2.5951885,
              53.4755693
            ],
            [
              -2.5951681,
              53.4757524
            ],
            [
              -2.5950423,
              53.4767259
            ],
            [
              -2.5948947,
              53.4777415
            ],
            [
              -2.59482,
              53.4783392
            ],
            [
              -2.5947859,
              53.4790098
            ],
            [
              -2.5947941,
              53.4799435
            ],
            [
              -2.5948026,
              53.4804562
            ],
            [
              -2.5948749,
              53.4822314
            ],
            [
              -2.5950017,
              53.4840604
            ],
            [
              -2.5951402,
              53.4850326
            ],
            [
              -2.5952934,
              53.4858117
            ],
            [
              -2.5955908,
              53.4870491
            ],
            [
              -2.5959343,
              53.4882767
            ],
            [
              -2.5962971,
              53.4893082
            ],
            [
              -2.5963672,
              53.4894962
            ],
            [
              -2.5965489,
              53.4899998
            ],
            [
              -2.5967455,
              53.4905026
            ],
            [
              -2.5968385,
              53.4907319
            ],
            [
              -2.5976601,
              53.492757
            ],
            [
              -2.5982874,
              53.4943428
            ],
            [
              -2.598808,
              53.4956176
            ],
            [
              -2.599485,
              53.4972996
            ],
            [
              -2.6003275,
              53.499377
            ],
            [
              -2.6007892,
              53.5005217
            ],
            [
              -2.6010345,
              53.501123
            ],
            [
              -2.6012447,
              53.5016382
            ],
            [
              -2.6019131,
              53.5032824
            ],
            [
              -2.6020097,
              53.5035214
            ],
            [
              -2.6020378,
              53.5035909
            ],
            [
              -2.6023672,
              53.5044057
            ],
            [
              -2.6026535,
              53.5051211
            ],
            [
              -2.6031944,
              53.5064504
            ],
            [
              -2.6036222,
              53.5075669
            ],
            [
              -2.6038619,
              53.5082686
            ],
            [
              -2.6043064,
              53.5094267
            ],
            [
              -2.6046664,
              53.5103555
            ],
            [
              -2.6049664,
              53.5110234
            ],
            [
              -2.6053574,
              53.5119211
            ],
            [
              -2.6056414,
              53.5125253
            ],
            [
              -2.6059548,
              53.5131799
            ],
            [
              -2.6064454,
              53.5142805
            ],
            [
              -2.6065735,
              53.5146209
            ],
            [
              -2.606757,
              53.5150542
            ],
            [
              -2.606978,
              53.515579
            ],
            [
              -2.6072369,
              53.5161889
            ],
            [
              -2.6075321,
              53.5168031
            ],
            [
              -2.6078146,
              53.517371
            ],
            [
              -2.608136,
              53.5179617
            ],
            [
              -2.6081854,
              53.5180524
            ],
            [
              -2.6085061,
              53.5186116
            ],
            [
              -2.6089041,
              53.5193063
            ],
            [
              -2.6091728,
              53.5197561
            ],
            [
              -2.6094193,
              53.5201522
            ],
            [
              -2.6096617,
              53.5205468
            ],
            [
              -2.6099746,
              53.5210243
            ],
            [
              -2.6102885,
              53.5214933
            ],
            [
              -2.6106289,
              53.5219573
            ],
            [
              -2.6110815,
              53.522521
            ],
            [
              -2.6116934,
              53.5232463
            ],
            [
              -2.6120337,
              53.5236497
            ],
            [
              -2.612783,
              53.5245006
            ],
            [
              -2.6131362,
              53.5249203
            ],
            [
              -2.6137565,
              53.5256262
            ],
            [
              -2.6147159,
              53.5267284
            ],
            [
              -2.615534,
              53.5276723
            ],
            [
              -2.6160195,
              53.5282351
            ],
            [
              -2.6165808,
              53.5288758
            ],
            [
              -2.616926,
              53.5292794
            ],
            [
              -2.6173024,
              53.5297112
            ],
            [
              -2.6180882,
              53.5306168
            ],
            [
              -2.6185362,
              53.5311381
            ],
            [
              -2.6192335,
              53.531948
            ],
            [
              -2.6198362,
              53.5326385
            ],
            [
              -2.6206632,
              53.5336176
            ],
            [
              -2.621628,
              53.5347367
            ],
            [
              -2.6219716,
              53.5351285
            ],
            [
              -2.6225399,
              53.5357766
            ],
            [
              -2.6229028,
              53.5361942
            ],
            [
              -2.623199,
              53.5365372
            ],
            [
              -2.6237477,
              53.5371714
            ],
            [
              -2.6243799,
              53.5379072
            ],
            [
              -2.6247546,
              53.5383528
            ],
            [
              -2.6249914,
              53.5386344
            ],
            [
              -2.6255169,
              53.5392344
            ],
            [
              -2.6258657,
              53.5395972
            ],
            [
              -2.6260371,
              53.5397758
            ],
            [
              -2.6263568,
              53.540085
            ],
            [
              -2.6265143,
              53.5402174
            ],
            [
              -2.6267614,
              53.5404252
            ],
            [
              -2.6271424,
              53.5407026
            ],
            [
              -2.6275586,
              53.540974
            ],
            [
              -2.6279114,
              53.5411775
            ],
            [
              -2.6283192,
              53.5413914
            ],
            [
              -2.6288802,
              53.5416663
            ],
            [
              -2.6297645,
              53.5420724
            ],
            [
              -2.6301788,
              53.5422507
            ],
            [
              -2.632054,
              53.5429736
            ],
            [
              -2.6339029,
              53.5436848
            ],
            [
              -2.6340832,
              53.5437629
            ],
            [
              -2.6350006,
              53.5441364
            ],
            [
              -2.6352418,
              53.5442513
            ],
            [
              -2.6358878,
              53.5445644
            ],
            [
              -2.6360003,
              53.5446174
            ],
            [
              -2.6361697,
              53.5447114
            ],
            [
              -2.6368179,
              53.5450766
            ],
            [
              -2.6374116,
              53.5454764
            ],
            [
              -2.6377144,
              53.5456971
            ],
            [
              -2.6383834,
              53.5462693
            ],
            [
              -2.6389389,
              53.5468526
            ],
            [
              -2.6393597,
              53.5475175
            ],
            [
              -2.6394466,
              53.5476489
            ],
            [
              -2.6397715,
              53.5481403
            ],
            [
              -2.6399421,
              53.5485628
            ],
            [
              -2.6400323,
              53.548833
            ],
            [
              -2.6401058,
              53.5491047
            ],
            [
              -2.6402009,
              53.5496389
            ],
            [
              -2.6402599,
              53.5501471
            ],
            [
              -2.6402695,
              53.5503902
            ],
            [
              -2.6402801,
              53.5506563
            ],
            [
              -2.6403219,
              53.551675
            ],
            [
              -2.6403368,
              53.5519637
            ],
            [
              -2.6405117,
              53.5560783
            ],
            [
              -2.6405371,
              53.5565338
            ],
            [
              -2.6405423,
              53.5566285
            ],
            [
              -2.6406528,
              53.5603221
            ],
            [
              -2.640451,
              53.5633516
            ],
            [
              -2.6401399,
              53.568029
            ],
            [
              -2.6399572,
              53.5707747
            ],
            [
              -2.6398982,
              53.5717324
            ],
            [
              -2.6398364,
              53.5727337
            ],
            [
              -2.6398116,
              53.5731355
            ],
            [
              -2.6397697,
              53.573815
            ],
            [
              -2.6397864,
              53.5755289
            ],
            [
              -2.6398856,
              53.5772215
            ],
            [
              -2.6400677,
              53.5789673
            ],
            [
              -2.6403682,
              53.580759
            ],
            [
              -2.640377,
              53.5808071
            ],
            [
              -2.6404251,
              53.5810216
            ],
            [
              -2.6409606,
              53.5834106
            ],
            [
              -2.641821,
              53.5866139
            ],
            [
              -2.6421853,
              53.5878694
            ],
            [
              -2.6423341,
              53.5882701
            ],
            [
              -2.6425112,
              53.5886195
            ],
            [
              -2.643796,
              53.5912759
            ],
            [
              -2.6464906,
              53.5966239
            ],
            [
              -2.6465545,
              53.5967434
            ],
            [
              -2.6510759,
              53.6057705
            ],
            [
              -2.65307,
              53.6098337
            ],
            [
              -2.6534819,
              53.6106729
            ],
            [
              -2.6547071,
              53.6131222
            ],
            [
              -2.6552862,
              53.6143547
            ],
            [
              -2.6557836,
              53.6155891
            ],
            [
              -2.6585287,
              53.6221586
            ],
            [
              -2.6586289,
              53.6223985
            ],
            [
              -2.6595187,
              53.6244818
            ],
            [
              -2.6595477,
              53.6245462
            ],
            [
              -2.659613,
              53.6247056
            ],
            [
              -2.6596464,
              53.624785
            ],
            [
              -2.660417,
              53.6266371
            ],
            [
              -2.6629729,
              53.6327573
            ],
            [
              -2.6636811,
              53.6344528
            ],
            [
              -2.6649863,
              53.6375
            ],
            [
              -2.6662663,
              53.6405628
            ],
            [
              -2.6665083,
              53.6411924
            ],
            [
              -2.6667278,
              53.6418213
            ],
            [
              -2.66708,
              53.6431068
            ],
            [
              -2.6671213,
              53.6432676
            ],
            [
              -2.6675159,
              53.6448048
            ],
            [
              -2.6682083,
              53.6474399
            ],
            [
              -2.6683161,
              53.6478783
            ],
            [
              -2.6684447,
              53.6484045
            ],
            [
              -2.6692809,
              53.6518267
            ],
            [
              -2.6695623,
              53.6528866
            ],
            [
              -2.6695891,
              53.6530036
            ],
            [
              -2.6702197,
              53.6555216
            ],
            [
              -2.6703544,
              53.6560336
            ],
            [
              -2.6707242,
              53.657337
            ],
            [
              -2.6715817,
              53.6606698
            ],
            [
              -2.6731514,
              53.6666977
            ],
            [
              -2.6732046,
              53.6669048
            ],
            [
              -2.673541,
              53.6681466
            ],
            [
              -2.673655,
              53.6685508
            ],
            [
              -2.6737448,
              53.6688695
            ],
            [
              -2.6743289,
              53.6707271
            ],
            [
              -2.6743989,
              53.6709304
            ],
            [
              -2.6752523,
              53.6731014
            ],
            [
              -2.6768891,
              53.6769021
            ],
            [
              -2.677531,
              53.6783927
            ],
            [
              -2.6775421,
              53.6784184
            ],
            [
              -2.6775674,
              53.6784738
            ],
            [
              -2.6776303,
              53.6786118
            ],
            [
              -2.6777839,
              53.6789523
            ],
            [
              -2.6782174,
              53.6799227
            ],
            [
              -2.6782619,
              53.6800224
            ],
            [
              -2.6784413,
              53.6804201
            ],
            [
              -2.678799,
              53.6812129
            ],
            [
              -2.679745,
              53.6833018
            ],
            [
              -2.6845608,
              53.6939338
            ],
            [
              -2.6853048,
              53.6955947
            ],
            [
              -2.6853595,
              53.6957309
            ],
            [
              -2.6862876,
              53.6980419
            ],
            [
              -2.6865268,
              53.6985703
            ],
            [
              -2.6866046,
              53.6987422
            ],
            [
              -2.6869265,
              53.6994531
            ],
            [
              -2.6870568,
              53.6997295
            ],
            [
              -2.6877768,
              53.7011091
            ],
            [
              -2.6885932,
              53.7028233
            ],
            [
              -2.6907592,
              53.7076008
            ],
            [
              -2.6943688,
              53.7156529
            ],
            [
              -2.6945342,
              53.7160033
            ],
            [
              -2.6960918,
              53.7193791
            ],
            [
              -2.6961732,
              53.7195871
            ],
            [
              -2.6968918,
              53.7214223
            ],
            [
              -2.6983604,
              53.7245295
            ],
            [
              -2.6989105,
              53.7256524
            ],
            [
              -2.6994792,
              53.7267757
            ],
            [
              -2.7003796,
              53.7287172
            ],
            [
              -2.7009504,
              53.7299639
            ],
            [
              -2.7014492,
              53.7310875
            ],
            [
              -2.7019433,
              53.7322738
            ],
            [
              -2.7022356,
              53.7329164
            ],
            [
              -2.7027486,
              53.7340006
            ],
            [
              -2.703009,
              53.7346574
            ],
            [
              -2.7032271,
              53.7353218
            ],
            [
              -2.7033531,
              53.7357276
            ],
            [
              -2.7034665,
              53.7361382
            ],
            [
              -2.703574,
              53.7365427
            ],
            [
              -2.7037565,
              53.7374583
            ],
            [
              -2.703823,
              53.7378663
            ],
            [
              -2.7040155,
              53.7390281
            ],
            [
              -2.7041577,
              53.7398076
            ],
            [
              -2.7042774,
              53.7405196
            ],
            [
              -2.7043552,
              53.740839
            ],
            [
              -2.704387,
              53.7410091
            ],
            [
              -2.7043953,
              53.7410543
            ],
            [
              -2.704554,
              53.7419315
            ],
            [
              -2.7046021,
              53.742217
            ],
            [
              -2.7048222,
              53.743284
            ],
            [
              -2.7050237,
              53.7443761
            ],
            [
              -2.7050456,
              53.7444894
            ],
            [
              -2.7053928,
              53.7462841
            ],
            [
              -2.7058455,
              53.7488064
            ],
            [
              -2.705978,
              53.7495201
            ],
            [
              -2.706075,
              53.7500423
            ],
            [
              -2.7062144,
              53.7507933
            ],
            [
              -2.7063618,
              53.7516289
            ],
            [
              -2.7063781,
              53.7517214
            ],
            [
              -2.7063887,
              53.7517954
            ],
            [
              -2.7063953,
              53.7518316
            ],
            [
              -2.7064346,
              53.752096
            ],
            [
              -2.7064695,
              53.7522888
            ],
            [
              -2.7064864,
              53.7524766
            ],
            [
              -2.7065039,
              53.7526849
            ],
            [
              -2.706549,
              53.7531261
            ],
            [
              -2.7065992,
              53.753497
            ],
            [
              -2.7067246,
              53.754268
            ],
            [
              -2.7067342,
              53.7543272
            ],
            [
              -2.7067383,
              53.7543455
            ],
            [
              -2.706925,
              53.7555368
            ],
            [
              -2.7069765,
              53.7558392
            ],
            [
              -2.7070625,
              53.7563435
            ],
            [
              -2.7072167,
              53.7569424
            ],
            [
              -2.707349,
              53.7573344
            ],
            [
              -2.7075368,
              53.7576953
            ],
            [
              -2.7077683,
              53.7580227
            ],
            [
              -2.7079834,
              53.7582777
            ],
            [
              -2.7082691,
              53.7585689
            ],
            [
              -2.7085712,
              53.7588285
            ],
            [
              -2.7088856,
              53.7590615
            ],
            [
              -2.7091825,
              53.7592495
            ],
            [
              -2.7098765,
              53.7596612
            ],
            [
              -2.7105424,
              53.7600487
            ],
            [
              -2.7108365,
              53.7602323
            ],
            [
              -2.7114496,
              53.7606485
            ],
            [
              -2.7118262,
              53.7609189
            ],
            [
              -2.7124072,
              53.7613668
            ],
            [
              -2.712805,
              53.7617036
            ],
            [
              -2.7131162,
              53.7619885
            ],
            [
              -2.7133768,
              53.7622619
            ],
            [
              -2.7136077,
              53.7624959
            ],
            [
              -2.7143635,
              53.7633761
            ],
            [
              -2.7153031,
              53.7648138
            ],
            [
              -2.7157405,
              53.7656837
            ],
            [
              -2.7159721,
              53.7662541
            ],
            [
              -2.7161578,
              53.7667113
            ],
            [
              -2.7162749,
              53.7670586
            ],
            [
              -2.7165318,
              53.7681447
            ],
            [
              -2.7166277,
              53.7685297
            ],
            [
              -2.7167275,
              53.7688911
            ],
            [
              -2.7168927,
              53.7693912
            ],
            [
              -2.7171345,
              53.7699506
            ],
            [
              -2.7174507,
              53.7706841
            ],
            [
              -2.7178185,
              53.7714837
            ],
            [
              -2.7184333,
              53.7728959
            ],
            [
              -2.7187287,
              53.7735836
            ],
            [
              -2.7189375,
              53.7740555
            ],
            [
              -2.7192217,
              53.7747305
            ],
            [
              -2.7192675,
              53.7748367
            ],
            [
              -2.7197906,
              53.7760496
            ],
            [
              -2.7199712,
              53.7764463
            ],
            [
              -2.7200857,
              53.776669
            ],
            [
              -2.7202895,
              53.7771024
            ],
            [
              -2.720336,
              53.7772012
            ],
            [
              -2.7205857,
              53.7777977
            ],
            [
              -2.7206271,
              53.7778992
            ],
            [
              -2.7210373,
              53.7789148
            ],
            [
              -2.7217907,
              53.7806699
            ],
            [
              -2.7227124,
              53.7827532
            ],
            [
              -2.723237,
              53.7839744
            ],
            [
              -2.723769,
              53.785195
            ],
            [
              -2.7244444,
              53.7867591
            ],
            [
              -2.7246337,
              53.7871936
            ],
            [
              -2.7254344,
              53.7890469
            ],
            [
              -2.7257979,
              53.7898882
            ],
            [
              -2.726233,
              53.790909
            ],
            [
              -2.7266404,
              53.7918825
            ],
            [
              -2.7266771,
              53.7919648
            ],
            [
              -2.7267613,
              53.7921539
            ],
            [
              -2.7274262,
              53.7936468
            ],
            [
              -2.7285246,
              53.7961871
            ],
            [
              -2.7306811,
              53.8011582
            ],
            [
              -2.7308773,
              53.8016105
            ],
            [
              -2.731347,
              53.8026414
            ],
            [
              -2.7318128,
              53.8036964
            ],
            [
              -2.7324228,
              53.8051239
            ],
            [
              -2.7328704,
              53.8062105
            ],
            [
              -2.733515,
              53.8076426
            ],
            [
              -2.7341442,
              53.8090778
            ],
            [
              -2.7344736,
              53.8098848
            ],
            [
              -2.7350621,
              53.8112179
            ],
            [
              -2.7351078,
              53.8113241
            ],
            [
              -2.7356066,
              53.8124814
            ],
            [
              -2.736148,
              53.8137255
            ],
            [
              -2.7364556,
              53.8145332
            ],
            [
              -2.7366259,
              53.8149986
            ],
            [
              -2.7366968,
              53.8152492
            ],
            [
              -2.736782,
              53.8155614
            ],
            [
              -2.736939,
              53.8160822
            ],
            [
              -2.737239,
              53.8170447
            ],
            [
              -2.7373913,
              53.8176839
            ],
            [
              -2.7376717,
              53.8186888
            ],
            [
              -2.7378388,
              53.8194859
            ],
            [
              -2.7380165,
              53.8203543
            ],
            [
              -2.7380488,
              53.8205402
            ],
            [
              -2.7384417,
              53.8223536
            ],
            [
              -2.7388099,
              53.8240693
            ],
            [
              -2.7397802,
              53.8285896
            ],
            [
              -2.7401211,
              53.8304292
            ],
            [
              -2.7402151,
              53.8315107
            ],
            [
              -2.7402062,
              53.8322397
            ],
            [
              -2.7401506,
              53.8330512
            ],
            [
              -2.740057,
              53.8337452
            ],
            [
              -2.7398264,
              53.834794
            ],
            [
              -2.7396052,
              53.8355183
            ],
            [
              -2.7393026,
              53.8363705
            ],
            [
              -2.7390203,
              53.8372157
            ],
            [
              -2.7388342,
              53.83792
            ],
            [
              -2.7388311,
              53.8379316
            ],
            [
              -2.738668,
              53.8388669
            ],
            [
              -2.7385631,
              53.8400624
            ],
            [
              -2.738579,
              53.841123
            ],
            [
              -2.7386663,
              53.8421404
            ],
            [
              -2.7388987,
              53.843412
            ],
            [
              -2.7390963,
              53.8442662
            ],
            [
              -2.7396782,
              53.8467753
            ],
            [
              -2.7399749,
              53.8480883
            ],
            [
              -2.7403102,
              53.849572
            ],
            [
              -2.7403233,
              53.8496232
            ],
            [
              -2.7404796,
              53.8503894
            ],
            [
              -2.7407514,
              53.851515
            ],
            [
              -2.7410065,
              53.8525987
            ],
            [
              -2.7419733,
              53.856877
            ],
            [
              -2.7420031,
              53.8570048
            ],
            [
              -2.7420314,
              53.8571259
            ],
            [
              -2.7422228,
              53.8579167
            ],
            [
              -2.7424935,
              53.8588773
            ],
            [
              -2.7425258,
              53.8590126
            ],
            [
              -2.7426279,
              53.8596734
            ],
            [
              -2.7427759,
              53.8603326
            ],
            [
              -2.7430219,
              53.8613852
            ],
            [
              -2.7430523,
              53.8615155
            ],
            [
              -2.7434094,
              53.8630381
            ],
            [
              -2.7436058,
              53.8638783
            ],
            [
              -2.7439589,
              53.8653423
            ],
            [
              -2.7441306,
              53.8662098
            ],
            [
              -2.7446593,
              53.8685223
            ],
            [
              -2.7456794,
              53.8729019
            ],
            [
              -2.7460808,
              53.8746558
            ],
            [
              -2.7462566,
              53.8757091
            ],
            [
              -2.7462676,
              53.8757749
            ],
            [
              -2.7464083,
              53.8769585
            ],
            [
              -2.7465497,
              53.878244
            ],
            [
              -2.7468424,
              53.8803076
            ],
            [
              -2.7468581,
              53.8804566
            ],
            [
              -2.7469986,
              53.8818263
            ],
            [
              -2.7471084,
              53.8829989
            ],
            [
              -2.7473439,
              53.8844098
            ],
            [
              -2.7473531,
              53.884477
            ],
            [
              -2.7474135,
              53.8853247
            ],
            [
              -2.7474947,
              53.8859358
            ],
            [
              -2.7475175,
              53.8861289
            ],
            [
              -2.74756,
              53.8864435
            ],
            [
              -2.7477152,
              53.8875925
            ],
            [
              -2.7477974,
              53.8882007
            ],
            [
              -2.7478092,
              53.8882938
            ],
            [
              -2.7480893,
              53.8902767
            ],
            [
              -2.748115,
              53.8904588
            ],
            [
              -2.7485004,
              53.8919599
            ],
            [
              -2.748677,
              53.8925285
            ],
            [
              -2.7491128,
              53.8937096
            ],
            [
              -2.7498928,
              53.895814
            ],
            [
              -2.7502746,
              53.8968861
            ],
            [
              -2.7507095,
              53.8980121
            ],
            [
              -2.7512242,
              53.8993424
            ],
            [
              -2.7527962,
              53.9036555
            ],
            [
              -2.753003,
              53.9042228
            ],
            [
              -2.7532791,
              53.9049287
            ],
            [
              -2.7545762,
              53.9084195
            ],
            [
              -2.7549766,
              53.909534
            ],
            [
              -2.7554402,
              53.9108316
            ],
            [
              -2.7560794,
              53.9129837
            ],
            [
              -2.7571203,
              53.9164691
            ],
            [
              -2.757159,
              53.9165983
            ],
            [
              -2.7573871,
              53.917188
            ],
            [
              -2.7575668,
              53.9179476
            ],
            [
              -2.7580108,
              53.9193961
            ],
            [
              -2.7582897,
              53.920306
            ],
            [
              -2.7588542,
              53.9222277
            ],
            [
              -2.759561,
              53.9244561
            ],
            [
              -2.7600045,
              53.925511
            ],
            [
              -2.7604302,
              53.9263446
            ],
            [
              -2.7609814,
              53.927282
            ],
            [
              -2.761462,
              53.9279433
            ],
            [
              -2.7618457,
              53.9284329
            ],
            [
              -2.7619834,
              53.9285862
            ],
            [
              -2.7627427,
              53.9294395
            ],
            [
              -2.7637404,
              53.9305052
            ],
            [
              -2.7640676,
              53.9308548
            ],
            [
              -2.7641241,
              53.930912
            ],
            [
              -2.7650816,
              53.93197
            ],
            [
              -2.766083,
              53.9330399
            ],
            [
              -2.7671296,
              53.9341353
            ],
            [
              -2.7674816,
              53.934496
            ],
            [
              -2.7678097,
              53.9348565
            ],
            [
              -2.7683048,
              53.9353754
            ],
            [
              -2.7691782,
              53.9362979
            ],
            [
              -2.7697409,
              53.9370078
            ],
            [
              -2.7702854,
              53.9377623
            ],
            [
              -2.7706081,
              53.9383068
            ],
            [
              -2.7713604,
              53.9397985
            ],
            [
              -2.7716777,
              53.9407065
            ],
            [
              -2.7718245,
              53.9413167
            ],
            [
              -2.7719407,
              53.9419172
            ],
            [
              -2.7720394,
              53.9433394
            ],
            [
              -2.772001,
              53.9440119
            ],
            [
              -2.7719054,
              53.9447101
            ],
            [
              -2.7717652,
              53.9453301
            ],
            [
              -2.7716013,
              53.945947
            ],
            [
              -2.7714278,
              53.9463846
            ],
            [
              -2.7712937,
              53.946723
            ],
            [
              -2.770931,
              53.9474928
            ],
            [
              -2.7705624,
              53.9482871
            ],
            [
              -2.7702763,
              53.9490662
            ],
            [
              -2.7700206,
              53.9500115
            ],
            [
              -2.7699335,
              53.9506425
            ],
            [
              -2.7698667,
              53.9511906
            ],
            [
              -2.7698491,
              53.9517759
            ],
            [
              -2.7698572,
              53.95224
            ],
            [
              -2.7699088,
              53.9531369
            ],
            [
              -2.7700361,
              53.9544428
            ],
            [
              -2.7701795,
              53.9563357
            ],
            [
              -2.7703664,
              53.9583907
            ],
            [
              -2.770384,
              53.9585172
            ],
            [
              -2.7704765,
              53.9591803
            ],
            [
              -2.7706185,
              53.9599514
            ],
            [
              -2.7706746,
              53.9602255
            ],
            [
              -2.7707053,
              53.9603567
            ],
            [
              -2.7707869,
              53.960791
            ],
            [
              -2.7709039,
              53.961295
            ],
            [
              -2.7710757,
              53.9619337
            ],
            [
              -2.7715103,
              53.9633127
            ],
            [
              -2.7720044,
              53.9646784
            ],
            [
              -2.7722158,
              53.9652109
            ],
            [
              -2.7724355,
              53.9657397
            ],
            [
              -2.7728818,
              53.9667775
            ],
            [
              -2.7733401,
              53.9677003
            ],
            [
              -2.7738594,
              53.9686384
            ],
            [
              -2.7744326,
              53.9695851
            ],
            [
              -2.7755024,
              53.9711618
            ],
            [
              -2.7755365,
              53.9712161
            ],
            [
              -2.7757041,
              53.9714667
            ],
            [
              -2.7757928,
              53.9715946
            ],
            [
              -2.7761153,
              53.9720092
            ],
            [
              -2.7765243,
              53.972535
            ],
            [
              -2.7772469,
              53.973474
            ],
            [
              -2.7787219,
              53.9753149
            ],
            [
              -2.7796389,
              53.9764446
            ],
            [
              -2.7815333,
              53.9787972
            ],
            [
              -2.7822636,
              53.9797157
            ],
            [
              -2.7829381,
              53.9805617
            ],
            [
              -2.7834076,
              53.9812007
            ],
            [
              -2.7842515,
              53.9822122
            ],
            [
              -2.7846783,
              53.9827485
            ],
            [
              -2.7850535,
              53.98322
            ],
            [
              -2.7860106,
              53.9844228
            ],
            [
              -2.7861029,
              53.9845317
            ],
            [
              -2.7867237,
              53.9853107
            ],
            [
              -2.7873781,
              53.9861734
            ],
            [
              -2.7881854,
              53.9874546
            ],
            [
              -2.7885542,
              53.9880963
            ],
            [
              -2.7887124,
              53.9884184
            ],
            [
              -2.7889216,
              53.9888444
            ],
            [
              -2.7895256,
              53.9900742
            ],
            [
              -2.7897339,
              53.9905152
            ],
            [
              -2.790377,
              53.9918793
            ],
            [
              -2.7906985,
              53.9925717
            ],
            [
              -2.7910286,
              53.9933057
            ],
            [
              -2.7913933,
              53.9941155
            ],
            [
              -2.7921315,
              53.9957006
            ],
            [
              -2.7926178,
              53.9969743
            ],
            [
              -2.7927251,
              53.9972554
            ],
            [
              -2.7929418,
              53.9978361
            ],
            [
              -2.7931444,
              53.99845
            ],
            [
              -2.7935102,
              53.9996426
            ],
            [
              -2.793731,
              54.0005409
            ],
            [
              -2.7937953,
              54.0008842
            ],
            [
              -2.7939077,
              54.0014841
            ],
            [
              -2.7939253,
              54.0015688
            ],
            [
              -2.7940089,
              54.0020332
            ],
            [
              -2.7941194,
              54.0031153
            ],
            [
              -2.7941751,
              54.0043006
            ],
            [
              -2.7941705,
              54.0048926
            ],
            [
              -2.7941531,
              54.0053249
            ],
            [
              -2.794133,
              54.0061025
            ],
            [
              -2.7941356,
              54.0069129
            ],
            [
              -2.7941685,
              54.0075728
            ],
            [
              -2.7942298,
              54.0081696
            ],
            [
              -2.7942751,
              54.0085591
            ],
            [
              -2.7943878,
              54.0091999
            ],
            [
              -2.7944468,
              54.0095111
            ],
            [
              -2.794651,
              54.0103773
            ],
            [
              -2.7948837,
              54.0111165
            ],
            [
              -2.7949788,
              54.0114185
            ],
            [
              -2.7954436,
              54.0128763
            ],
            [
              -2.7959338,
              54.0143726
            ],
            [
              -2.7964506,
              54.015962
            ],
            [
              -2.796725,
              54.0167945
            ],
            [
              -2.7969967,
              54.0176518
            ],
            [
              -2.7972134,
              54.0184984
            ],
            [
              -2.7972921,
              54.0189025
            ],
            [
              -2.797375,
              54.0193053
            ],
            [
              -2.7973949,
              54.0194067
            ],
            [
              -2.7975029,
              54.0200472
            ],
            [
              -2.797589,
              54.0207238
            ],
            [
              -2.7976654,
              54.0213327
            ],
            [
              -2.7977346,
              54.0218945
            ],
            [
              -2.7977406,
              54.021943
            ],
            [
              -2.7978383,
              54.0227549
            ],
            [
              -2.7979361,
              54.0235747
            ],
            [
              -2.7980855,
              54.0247741
            ],
            [
              -2.7982479,
              54.0261316
            ],
            [
              -2.798489,
              54.0278246
            ],
            [
              -2.798528,
              54.0283211
            ],
            [
              -2.7985789,
              54.0287998
            ],
            [
              -2.7986617,
              54.0294747
            ],
            [
              -2.7986704,
              54.0296283
            ],
            [
              -2.7987369,
              54.0308032
            ],
            [
              -2.7987731,
              54.0316977
            ],
            [
              -2.7987684,
              54.0325971
            ],
            [
              -2.7987953,
              54.0338788
            ],
            [
              -2.7988111,
              54.0347637
            ],
            [
              -2.79891,
              54.0352797
            ],
            [
              -2.7990695,
              54.035804
            ],
            [
              -2.7991893,
              54.036046
            ],
            [
              -2.7993323,
              54.0362874
            ],
            [
              -2.7994326,
              54.0364484
            ],
            [
              -2.79948,
              54.0365119
            ],
            [
              -2.7995736,
              54.0366345
            ],
            [
              -2.7996787,
              54.0367674
            ],
            [
              -2.7998544,
              54.0369632
            ],
            [
              -2.8001839,
              54.0372909
            ],
            [
              -2.8001991,
              54.037306
            ],
            [
              -2.8006782,
              54.0377116
            ],
            [
              -2.8012687,
              54.038108
            ],
            [
              -2.8017717,
              54.0384216
            ],
            [
              -2.8024147,
              54.0388725
            ],
            [
              -2.8028029,
              54.0391305
            ],
            [
              -2.8032103,
              54.0394203
            ],
            [
              -2.8036719,
              54.0398108
            ],
            [
              -2.8041406,
              54.0402411
            ],
            [
              -2.8045655,
              54.0406782
            ],
            [
              -2.8049928,
              54.0411584
            ],
            [
              -2.8053488,
              54.0416027
            ],
            [
              -2.8055465,
              54.0418597
            ],
            [
              -2.8055651,
              54.041887
            ],
            [
              -2.8056844,
              54.0420879
            ],
            [
              -2.8057804,
              54.0422319
            ],
            [
              -2.8060522,
              54.0427245
            ],
            [
              -2.8062521,
              54.0431569
            ],
            [
              -2.8063588,
              54.0434168
            ],
            [
              -2.8063871,
              54.0434966
            ],
            [
              -2.8064745,
              54.0437521
            ],
            [
              -2.8065959,
              54.04418
            ],
            [
              -2.8066912,
              54.0446452
            ],
            [
              -2.8067606,
              54.0451405
            ],
            [
              -2.8069063,
              54.0465564
            ],
            [
              -2.8069528,
              54.0469894
            ],
            [
              -2.8070106,
              54.0472554
            ],
            [
              -2.8070572,
              54.0473914
            ],
            [
              -2.8071373,
              54.047625
            ],
            [
              -2.8072627,
              54.0479313
            ],
            [
              -2.8073715,
              54.0481543
            ],
            [
              -2.8076717,
              54.0487693
            ],
            [
              -2.8079096,
              54.049257
            ],
            [
              -2.8081501,
              54.0498116
            ],
            [
              -2.8082246,
              54.0500268
            ],
            [
              -2.8083646,
              54.0504542
            ],
            [
              -2.8083845,
              54.0505278
            ],
            [
              -2.8084815,
              54.0508869
            ],
            [
              -2.8084974,
              54.0509794
            ],
            [
              -2.8085723,
              54.051304
            ],
            [
              -2.8086107,
              54.0515534
            ],
            [
              -2.8086314,
              54.0518691
            ],
            [
              -2.8086281,
              54.0525201
            ],
            [
              -2.8086259,
              54.0526209
            ],
            [
              -2.8086278,
              54.0530775
            ],
            [
              -2.8086178,
              54.0535823
            ],
            [
              -2.8086168,
              54.0537593
            ],
            [
              -2.8087904,
              54.056066
            ],
            [
              -2.8088947,
              54.0568594
            ],
            [
              -2.8090339,
              54.0575375
            ],
            [
              -2.8092034,
              54.0581432
            ],
            [
              -2.8092138,
              54.0581802
            ],
            [
              -2.8095807,
              54.0592347
            ],
            [
              -2.810074,
              54.0603315
            ],
            [
              -2.8102112,
              54.0606134
            ],
            [
              -2.8105997,
              54.0614156
            ],
            [
              -2.811166,
              54.0624717
            ],
            [
              -2.811812,
              54.0635056
            ],
            [
              -2.8125047,
              54.0645576
            ],
            [
              -2.8132334,
              54.0655544
            ],
            [
              -2.8140661,
              54.0665324
            ],
            [
              -2.8145005,
              54.0670426
            ],
            [
              -2.8145993,
              54.0671493
            ],
            [
              -2.8164627,
              54.0690796
            ],
            [
              -2.8173013,
              54.0699922
            ],
            [
              -2.8180728,
              54.0709179
            ],
            [
              -2.8188822,
              54.0719977
            ],
            [
              -2.818953,
              54.0720918
            ],
            [
              -2.8196451,
              54.0731511
            ],
            [
              -2.819761,
              54.0733504
            ],
            [
              -2.8199509,
              54.0736933
            ],
            [
              -2.8202713,
              54.0742501
            ],
            [
              -2.8205224,
              54.0747324
            ],
            [
              -2.82055,
              54.0747897
            ],
            [
              -2.820767,
              54.0752785
            ],
            [
              -2.8209244,
              54.0756123
            ],
            [
              -2.8211397,
              54.0762061
            ],
            [
              -2.8213944,
              54.0770584
            ],
            [
              -2.8214888,
              54.0774974
            ],
            [
              -2.8215025,
              54.0775761
            ],
            [
              -2.8215574,
              54.0779942
            ],
            [
              -2.8216097,
              54.0787432
            ],
            [
              -2.8216156,
              54.0791083
            ],
            [
              -2.8215549,
              54.0802308
            ],
            [
              -2.8214879,
              54.0805379
            ],
            [
              -2.821386,
              54.0810719
            ],
            [
              -2.8213439,
              54.0812405
            ],
            [
              -2.8212369,
              54.0816187
            ],
            [
              -2.8207181,
              54.0829755
            ],
            [
              -2.8205554,
              54.0834464
            ],
            [
              -2.8196517,
              54.0854504
            ],
            [
              -2.8195222,
              54.0857409
            ],
            [
              -2.8194742,
              54.0858312
            ],
            [
              -2.8191529,
              54.0864359
            ],
            [
              -2.8187299,
              54.0871424
            ],
            [
              -2.8178727,
              54.0883025
            ],
            [
              -2.8175028,
              54.0887365
            ],
            [
              -2.8166445,
              54.0896725
            ],
            [
              -2.8154278,
              54.0908748
            ],
            [
              -2.8146526,
              54.0915866
            ],
            [
              -2.8141355,
              54.0920329
            ],
            [
              -2.8136791,
              54.0924509
            ],
            [
              -2.8128872,
              54.0931761
            ],
            [
              -2.8121769,
              54.0938287
            ],
            [
              -2.8116716,
              54.094293
            ],
            [
              -2.8015716,
              54.1034452
            ],
            [
              -2.7977711,
              54.1068864
            ],
            [
              -2.7973555,
              54.1072599
            ],
            [
              -2.7969635,
              54.1076158
            ],
            [
              -2.7915433,
              54.1125375
            ],
            [
              -2.7914198,
              54.1126472
            ],
            [
              -2.7893466,
              54.1145346
            ],
            [
              -2.7872221,
              54.1164685
            ],
            [
              -2.7871259,
              54.1165561
            ],
            [
              -2.785798,
              54.1177649
            ],
            [
              -2.7827856,
              54.1204723
            ],
            [
              -2.7821856,
              54.1209711
            ],
            [
              -2.7803428,
              54.1227022
            ],
            [
              -2.7799889,
              54.1230151
            ],
            [
              -2.7795527,
              54.123393
            ],
            [
              -2.7791676,
              54.1237608
            ],
            [
              -2.7786711,
              54.1242041
            ],
            [
              -2.7784301,
              54.124415
            ],
            [
              -2.7780147,
              54.1247641
            ],
            [
              -2.7776044,
              54.1250974
            ],
            [
              -2.7772277,
              54.1253953
            ],
            [
              -2.7770852,
              54.1255042
            ],
            [
              -2.7763142,
              54.1260876
            ],
            [
              -2.7753889,
              54.1267666
            ],
            [
              -2.7739217,
              54.1277631
            ],
            [
              -2.7734899,
              54.1280444
            ],
            [
              -2.7729963,
              54.1283541
            ],
            [
              -2.77247,
              54.1286923
            ],
            [
              -2.7723317,
              54.1287776
            ],
            [
              -2.7718806,
              54.1290502
            ],
            [
              -2.7705583,
              54.1298258
            ],
            [
              -2.7695376,
              54.1303849
            ],
            [
              -2.7695311,
              54.1303885
            ],
            [
              -2.7689624,
              54.1306761
            ],
            [
              -2.7681068,
              54.1310957
            ],
            [
              -2.7666906,
              54.1317888
            ],
            [
              -2.7653763,
              54.132463
            ],
            [
              -2.7642416,
              54.1331066
            ],
            [
              -2.763394,
              54.1336252
            ],
            [
              -2.7624795,
              54.1342261
            ],
            [
              -2.7617231,
              54.1347479
            ],
            [
              -2.7610445,
              54.1352727
            ],
            [
              -2.760374,
              54.1358636
            ],
            [
              -2.7600081,
              54.1361975
            ],
            [
              -2.7596079,
              54.1366091
            ],
            [
              -2.7594683,
              54.1367583
            ],
            [
              -2.7592629,
              54.1369836
            ],
            [
              -2.758728,
              54.1376049
            ],
            [
              -2.7584477,
              54.1379501
            ],
            [
              -2.7580627,
              54.1383989
            ],
            [
              -2.757063,
              54.1395971
            ],
            [
              -2.7547453,
              54.1423748
            ],
            [
              -2.7544864,
              54.1426825
            ],
            [
              -2.7535456,
              54.1437996
            ],
            [
              -2.7524716,
              54.1450869
            ],
            [
              -2.7523901,
              54.1451823
            ],
            [
              -2.7510001,
              54.1467914
            ],
            [
              -2.7503674,
              54.1475855
            ],
            [
              -2.749838,
              54.1483598
            ],
            [
              -2.7496132,
              54.1487207
            ],
            [
              -2.7494178,
              54.1490848
            ],
            [
              -2.7488839,
              54.150235
            ],
            [
              -2.7484256,
              54.1517196
            ],
            [
              -2.7481006,
              54.1534029
            ],
            [
              -2.7480335,
              54.1538287
            ],
            [
              -2.7479875,
              54.1542728
            ],
            [
              -2.7479623,
              54.1548845
            ],
            [
              -2.7478944,
              54.1560905
            ],
            [
              -2.7478631,
              54.1564698
            ],
            [
              -2.7477828,
              54.1574441
            ],
            [
              -2.7475183,
              54.1596969
            ],
            [
              -2.7471414,
              54.1619292
            ],
            [
              -2.7463115,
              54.1652259
            ],
            [
              -2.7453982,
              54.168469
            ],
            [
              -2.7449031,
              54.1703336
            ],
            [
              -2.7448711,
              54.170454
            ],
            [
              -2.7443201,
              54.1724731
            ],
            [
              -2.7441202,
              54.1731976
            ],
            [
              -2.7437603,
              54.1745023
            ],
            [
              -2.7433707,
              54.1759715
            ],
            [
              -2.7432229,
              54.1765288
            ],
            [
              -2.7428397,
              54.1777376
            ],
            [
              -2.7423162,
              54.17886
            ],
            [
              -2.7417405,
              54.1797853
            ],
            [
              -2.741042,
              54.1806613
            ],
            [
              -2.740438,
              54.1813243
            ],
            [
              -2.7402475,
              54.1815333
            ],
            [
              -2.7390931,
              54.182628
            ],
            [
              -2.7379273,
              54.1837378
            ],
            [
              -2.7373553,
              54.1843547
            ],
            [
              -2.7368451,
              54.1849946
            ],
            [
              -2.7363465,
              54.1857333
            ],
            [
              -2.7358784,
              54.1865826
            ],
            [
              -2.7357851,
              54.186771
            ],
            [
              -2.73551,
              54.187401
            ],
            [
              -2.735291,
              54.1880399
            ],
            [
              -2.7351277,
              54.1886763
            ],
            [
              -2.7350082,
              54.1893075
            ],
            [
              -2.7349426,
              54.1899383
            ],
            [
              -2.7349447,
              54.190894
            ],
            [
              -2.7349479,
              54.1909923
            ],
            [
              -2.7350752,
              54.1919261
            ],
            [
              -2.7352494,
              54.1926296
            ],
            [
              -2.7352951,
              54.1928143
            ],
            [
              -2.7355855,
              54.1936644
            ],
            [
              -2.73595,
              54.1945054
            ],
            [
              -2.7367184,
              54.1961797
            ],
            [
              -2.7388016,
              54.200833
            ],
            [
              -2.7388631,
              54.2009655
            ],
            [
              -2.7414995,
              54.2070857
            ],
            [
              -2.7415076,
              54.2071046
            ],
            [
              -2.743908,
              54.2126761
            ],
            [
              -2.7448814,
              54.2158949
            ],
            [
              -2.7452005,
              54.2169502
            ],
            [
              -2.7457645,
              54.2188163
            ],
            [
              -2.7463973,
              54.2208992
            ],
            [
              -2.746542,
              54.2213962
            ],
            [
              -2.7465757,
              54.2215142
            ],
            [
              -2.7470808,
              54.2232852
            ],
            [
              -2.7479895,
              54.2263173
            ],
            [
              -2.7481376,
              54.2268115
            ],
            [
              -2.7488381,
              54.2291486
            ],
            [
              -2.7488975,
              54.2293418
            ],
            [
              -2.7490035,
              54.2296865
            ],
            [
              -2.7493102,
              54.2307128
            ],
            [
              -2.7495523,
              54.2315698
            ],
            [
              -2.7496581,
              54.2320506
            ],
            [
              -2.749729,
              54.2324247
            ],
            [
              -2.7498075,
              54.2329824
            ],
            [
              -2.7498451,
              54.2333977
            ],
            [
              -2.7498668,
              54.2337146
            ],
            [
              -2.7498759,
              54.234153
            ],
            [
              -2.7498631,
              54.2346355
            ],
            [
              -2.7498503,
              54.2349001
            ],
            [
              -2.7498171,
              54.2352709
            ],
            [
              -2.7497377,
              54.2358631
            ],
            [
              -2.7496951,
              54.2361657
            ],
            [
              -2.7496363,
              54.236456
            ],
            [
              -2.7495638,
              54.2367661
            ],
            [
              -2.7494867,
              54.2370748
            ],
            [
              -2.7493403,
              54.2376065
            ],
            [
              -2.7491859,
              54.2381115
            ],
            [
              -2.7491209,
              54.2383498
            ],
            [
              -2.7488359,
              54.2390737
            ],
            [
              -2.7488145,
              54.2391168
            ],
            [
              -2.7487775,
              54.2391912
            ],
            [
              -2.7485196,
              54.2397103
            ],
            [
              -2.748455,
              54.2398402
            ],
            [
              -2.7481579,
              54.2403505
            ],
            [
              -2.7480195,
              54.2405882
            ],
            [
              -2.7472675,
              54.2417185
            ],
            [
              -2.7469355,
              54.242298
            ],
            [
              -2.7466451,
              54.2428746
            ],
            [
              -2.7462943,
              54.24371
            ],
            [
              -2.7461254,
              54.2441563
            ],
            [
              -2.746067,
              54.2443106
            ],
            [
              -2.7459792,
              54.2445425
            ],
            [
              -2.7457892,
              54.2452231
            ],
            [
              -2.7456505,
              54.2459001
            ],
            [
              -2.7455727,
              54.2465121
            ],
            [
              -2.7455333,
              54.2471206
            ],
            [
              -2.745548,
              54.2476589
            ],
            [
              -2.7455885,
              54.2481956
            ],
            [
              -2.7457015,
              54.2488537
            ],
            [
              -2.7458305,
              54.249361
            ],
            [
              -2.745964,
              54.2497461
            ],
            [
              -2.7460208,
              54.24989
            ],
            [
              -2.7461141,
              54.2501317
            ],
            [
              -2.7462276,
              54.2503668
            ],
            [
              -2.7463124,
              54.2505482
            ],
            [
              -2.7464899,
              54.2508653
            ],
            [
              -2.7466238,
              54.2511058
            ],
            [
              -2.7467477,
              54.2512824
            ],
            [
              -2.746752,
              54.2512895
            ],
            [
              -2.746912,
              54.2515093
            ],
            [
              -2.7470052,
              54.2516375
            ],
            [
              -2.7470536,
              54.251704
            ],
            [
              -2.7474551,
              54.2522314
            ],
            [
              -2.7479045,
              54.2527433
            ],
            [
              -2.748712,
              54.2537904
            ],
            [
              -2.7492133,
              54.25462
            ],
            [
              -2.7494603,
              54.2551495
            ],
            [
              -2.7496473,
              54.2556657
            ],
            [
              -2.7497229,
              54.2559334
            ],
            [
              -2.7497606,
              54.2560672
            ],
            [
              -2.7497984,
              54.256201
            ],
            [
              -2.7498953,
              54.2567321
            ],
            [
              -2.7499673,
              54.2578243
            ],
            [
              -2.7498829,
              54.2589601
            ],
            [
              -2.7496584,
              54.260107
            ],
            [
              -2.7494607,
              54.2607586
            ],
            [
              -2.7487265,
              54.2624459
            ],
            [
              -2.7482418,
              54.2632459
            ],
            [
              -2.7478537,
              54.2637593
            ],
            [
              -2.7476602,
              54.2640153
            ],
            [
              -2.747038,
              54.2647599
            ],
            [
              -2.7469903,
              54.2648149
            ],
            [
              -2.7468174,
              54.265014
            ],
            [
              -2.746587,
              54.2652915
            ],
            [
              -2.7455884,
              54.2666824
            ],
            [
              -2.7447699,
              54.2680743
            ],
            [
              -2.7443314,
              54.26896
            ],
            [
              -2.7438607,
              54.2701283
            ],
            [
              -2.743477,
              54.2713096
            ],
            [
              -2.7420718,
              54.2761611
            ],
            [
              -2.7419083,
              54.2767135
            ],
            [
              -2.7417391,
              54.2772801
            ],
            [
              -2.7416992,
              54.2774119
            ],
            [
              -2.7416638,
              54.277529
            ],
            [
              -2.7411352,
              54.2792763
            ],
            [
              -2.7411215,
              54.2793319
            ],
            [
              -2.7406847,
              54.2807174
            ],
            [
              -2.7405074,
              54.2813404
            ],
            [
              -2.7395974,
              54.2843939
            ],
            [
              -2.7393723,
              54.2851366
            ],
            [
              -2.7390716,
              54.2858711
            ],
            [
              -2.7387724,
              54.2864857
            ],
            [
              -2.7384027,
              54.2870673
            ],
            [
              -2.7378116,
              54.2878456
            ],
            [
              -2.7371867,
              54.2885882
            ],
            [
              -2.7367313,
              54.2890887
            ],
            [
              -2.7362178,
              54.289552
            ],
            [
              -2.7335937,
              54.2916522
            ],
            [
              -2.7328361,
              54.2923345
            ],
            [
              -2.7327377,
              54.2924267
            ],
            [
              -2.7318503,
              54.2933149
            ],
            [
              -2.7317814,
              54.293397
            ],
            [
              -2.7313242,
              54.29396
            ],
            [
              -2.7308097,
              54.2946162
            ],
            [
              -2.7305171,
              54.2950035
            ],
            [
              -2.7301045,
              54.2955673
            ],
            [
              -2.7296631,
              54.2961842
            ],
            [
              -2.729017,
              54.2970972
            ],
            [
              -2.72883,
              54.297354
            ],
            [
              -2.7284955,
              54.2978079
            ],
            [
              -2.7281112,
              54.2983163
            ],
            [
              -2.7280482,
              54.2983997
            ],
            [
              -2.7278265,
              54.2986874
            ],
            [
              -2.7277159,
              54.2988274
            ],
            [
              -2.7275909,
              54.2989856
            ],
            [
              -2.7275685,
              54.2990128
            ],
            [
              -2.7273714,
              54.2992662
            ],
            [
              -2.7269284,
              54.2998178
            ],
            [
              -2.7267623,
              54.3000109
            ],
            [
              -2.7265373,
              54.300293
            ],
            [
              -2.7263494,
              54.3005181
            ],
            [
              -2.726003,
              54.3009139
            ],
            [
              -2.7254612,
              54.3014643
            ],
            [
              -2.7247679,
              54.3020817
            ],
            [
              -2.723484,
              54.3031656
            ],
            [
              -2.7231828,
              54.3034214
            ],
            [
              -2.7228057,
              54.3037873
            ],
            [
              -2.7225181,
              54.3040799
            ],
            [
              -2.7222883,
              54.3043456
            ],
            [
              -2.722171,
              54.3044812
            ],
            [
              -2.7219916,
              54.3047301
            ],
            [
              -2.721567,
              54.3053192
            ],
            [
              -2.7213365,
              54.3056963
            ],
            [
              -2.7211213,
              54.3060689
            ],
            [
              -2.7210164,
              54.3062642
            ],
            [
              -2.7209268,
              54.3064974
            ],
            [
              -2.7208177,
              54.3067813
            ],
            [
              -2.7207331,
              54.3070016
            ],
            [
              -2.7206015,
              54.3074592
            ],
            [
              -2.7205657,
              54.3075837
            ],
            [
              -2.7204051,
              54.3081645
            ],
            [
              -2.7203623,
              54.3083973
            ],
            [
              -2.7203152,
              54.3087342
            ],
            [
              -2.7202939,
              54.3089343
            ],
            [
              -2.7202876,
              54.3089933
            ],
            [
              -2.720283,
              54.3090365
            ],
            [
              -2.7202796,
              54.3091063
            ],
            [
              -2.7202669,
              54.3093659
            ],
            [
              -2.7202664,
              54.3095327
            ],
            [
              -2.7202657,
              54.3097535
            ],
            [
              -2.7202655,
              54.3101661
            ],
            [
              -2.7202822,
              54.3103285
            ],
            [
              -2.7203387,
              54.3108779
            ],
            [
              -2.7204003,
              54.3114763
            ],
            [
              -2.7204491,
              54.3119506
            ],
            [
              -2.7205115,
              54.3125569
            ],
            [
              -2.7205408,
              54.3129712
            ],
            [
              -2.7205317,
              54.3133682
            ],
            [
              -2.7204937,
              54.3140418
            ],
            [
              -2.7204909,
              54.3140918
            ],
            [
              -2.7204881,
              54.3141417
            ],
            [
              -2.7204384,
              54.314571
            ],
            [
              -2.7203338,
              54.3150334
            ],
            [
              -2.7202427,
              54.3153901
            ],
            [
              -2.720138,
              54.3157473
            ],
            [
              -2.7198625,
              54.3164386
            ],
            [
              -2.7195076,
              54.3171253
            ],
            [
              -2.7191306,
              54.3178068
            ],
            [
              -2.7188793,
              54.318322
            ],
            [
              -2.7188684,
              54.3183443
            ],
            [
              -2.7188362,
              54.3184103
            ],
            [
              -2.7186121,
              54.3190133
            ],
            [
              -2.718513,
              54.3193382
            ],
            [
              -2.7184402,
              54.3196582
            ],
            [
              -2.7183331,
              54.3203077
            ],
            [
              -2.7182062,
              54.3215668
            ],
            [
              -2.7182003,
              54.3216256
            ],
            [
              -2.7181287,
              54.3226068
            ],
            [
              -2.7181238,
              54.3226741
            ],
            [
              -2.7181329,
              54.3236992
            ],
            [
              -2.7181487,
              54.3247468
            ],
            [
              -2.7182945,
              54.3261052
            ],
            [
              -2.7183195,
              54.326644
            ],
            [
              -2.7183264,
              54.3271855
            ],
            [
              -2.7182863,
              54.327753
            ],
            [
              -2.7182666,
              54.3280769
            ],
            [
              -2.717914,
              54.3320843
            ],
            [
              -2.7178856,
              54.332407
            ],
            [
              -2.7177006,
              54.3346508
            ],
            [
              -2.7176478,
              54.3351618
            ],
            [
              -2.717556,
              54.3356724
            ],
            [
              -2.717294,
              54.3366205
            ],
            [
              -2.7171289,
              54.3370355
            ],
            [
              -2.7169634,
              54.3374252
            ],
            [
              -2.7167693,
              54.3377918
            ],
            [
              -2.7165369,
              54.3381473
            ],
            [
              -2.7163505,
              54.3384406
            ],
            [
              -2.7161411,
              54.3387179
            ],
            [
              -2.7156868,
              54.3392626
            ],
            [
              -2.7150987,
              54.3398431
            ],
            [
              -2.7144632,
              54.3403961
            ],
            [
              -2.7140336,
              54.3407228
            ],
            [
              -2.7135862,
              54.3410437
            ],
            [
              -2.712745,
              54.3415527
            ],
            [
              -2.711851,
              54.3421278
            ],
            [
              -2.710988,
              54.3427349
            ],
            [
              -2.7108451,
              54.3428458
            ],
            [
              -2.7105355,
              54.3431109
            ],
            [
              -2.7102513,
              54.3433783
            ],
            [
              -2.7099051,
              54.3437145
            ],
            [
              -2.709621,
              54.3440604
            ],
            [
              -2.7093133,
              54.3444999
            ],
            [
              -2.7090459,
              54.3449402
            ],
            [
              -2.7088399,
              54.3453941
            ],
            [
              -2.7088321,
              54.3454169
            ],
            [
              -2.7086843,
              54.3458507
            ],
            [
              -2.708346,
              54.3476705
            ],
            [
              -2.7081844,
              54.3482402
            ],
            [
              -2.707991,
              54.3486548
            ],
            [
              -2.7077771,
              54.3490594
            ],
            [
              -2.7072399,
              54.3497922
            ],
            [
              -2.7067279,
              54.3503249
            ],
            [
              -2.7062158,
              54.3507971
            ],
            [
              -2.7058493,
              54.351081
            ],
            [
              -2.7054705,
              54.3513012
            ],
            [
              -2.7044337,
              54.3519087
            ],
            [
              -2.7036795,
              54.3522824
            ],
            [
              -2.7032662,
              54.3524711
            ],
            [
              -2.7028082,
              54.352631
            ],
            [
              -2.7023217,
              54.3528027
            ],
            [
              -2.70181,
              54.3529492
            ],
            [
              -2.701065,
              54.3531307
            ],
            [
              -2.7003875,
              54.3532816
            ],
            [
              -2.6995752,
              54.3534239
            ],
            [
              -2.6961473,
              54.3539352
            ],
            [
              -2.6907118,
              54.3547459
            ],
            [
              -2.6896421,
              54.3548681
            ],
            [
              -2.6888547,
              54.3549511
            ],
            [
              -2.6881773,
              54.3549983
            ],
            [
              -2.6870769,
              54.3550364
            ],
            [
              -2.685954,
              54.3550369
            ],
            [
              -2.6846764,
              54.3549906
            ],
            [
              -2.6815677,
              54.3547739
            ],
            [
              -2.6798609,
              54.354706
            ],
            [
              -2.6775046,
              54.3546661
            ],
            [
              -2.6738589,
              54.3547491
            ],
            [
              -2.6719105,
              54.3548583
            ],
            [
              -2.6698682,
              54.3550697
            ],
            [
              -2.6680712,
              54.35529
            ],
            [
              -2.6667525,
              54.3554687
            ],
            [
              -2.665448,
              54.3556845
            ],
            [
              -2.664528,
              54.3558545
            ],
            [
              -2.6637774,
              54.3560433
            ],
            [
              -2.6622002,
              54.3564676
            ],
            [
              -2.6604457,
              54.3570217
            ],
            [
              -2.6584187,
              54.3577536
            ],
            [
              -2.6573045,
              54.3581064
            ],
            [
              -2.6565426,
              54.3583509
            ],
            [
              -2.65629,
              54.3584161
            ],
            [
              -2.6557587,
              54.3585532
            ],
            [
              -2.6543038,
              54.3589038
            ],
            [
              -2.6531083,
              54.3591442
            ],
            [
              -2.6520345,
              54.3593338
            ],
            [
              -2.650472,
              54.3595475
            ],
            [
              -2.6488704,
              54.3597016
            ],
            [
              -2.6476193,
              54.3597572
            ],
            [
              -2.6458559,
              54.3597849
            ],
            [
              -2.6447759,
              54.3597617
            ],
            [
              -2.6433016,
              54.359691
            ],
            [
              -2.6420268,
              54.3595791
            ],
            [
              -2.6403225,
              54.359381
            ],
            [
              -2.639929,
              54.3593268
            ],
            [
              -2.6378378,
              54.3589532
            ],
            [
              -2.6366566,
              54.3587078
            ],
            [
              -2.6364646,
              54.3586679
            ],
            [
              -2.6351244,
              54.3583205
            ],
            [
              -2.6338253,
              54.3579683
            ],
            [
              -2.6324127,
              54.3576692
            ],
            [
              -2.6310283,
              54.3574469
            ],
            [
              -2.6295803,
              54.3573031
            ],
            [
              -2.6284534,
              54.3572256
            ],
            [
              -2.6272657,
              54.3572068
            ],
            [
              -2.6260523,
              54.3572368
            ],
            [
              -2.6248563,
              54.3573137
            ],
            [
              -2.6239537,
              54.3573925
            ],
            [
              -2.6230654,
              54.357505
            ],
            [
              -2.6214848,
              54.3577987
            ],
            [
              -2.6210565,
              54.357895
            ],
            [
              -2.6203484,
              54.3580642
            ],
            [
              -2.6202758,
              54.3580816
            ],
            [
              -2.61728,
              54.3588506
            ],
            [
              -2.6166867,
              54.3589859
            ],
            [
              -2.6162275,
              54.3590796
            ],
            [
              -2.6158203,
              54.3591506
            ],
            [
              -2.6153063,
              54.3592278
            ],
            [
              -2.614935,
              54.3592749
            ],
            [
              -2.614506,
              54.3593212
            ],
            [
              -2.6141156,
              54.3593504
            ],
            [
              -2.6137506,
              54.3593703
            ],
            [
              -2.6134102,
              54.3593874
            ],
            [
              -2.6131623,
              54.3593942
            ],
            [
              -2.6126031,
              54.3594126
            ],
            [
              -2.6111218,
              54.3594569
            ],
            [
              -2.610439,
              54.3594785
            ],
            [
              -2.6087779,
              54.3595825
            ],
            [
              -2.608439,
              54.3596133
            ],
            [
              -2.6079204,
              54.3596806
            ],
            [
              -2.607162,
              54.3598026
            ],
            [
              -2.6063608,
              54.359981
            ],
            [
              -2.6050539,
              54.3603545
            ],
            [
              -2.6044394,
              54.3605892
            ],
            [
              -2.6041881,
              54.3606852
            ],
            [
              -2.6035668,
              54.3609503
            ],
            [
              -2.6030035,
              54.3612335
            ],
            [
              -2.6022439,
              54.3616855
            ],
            [
              -2.6015616,
              54.3621581
            ],
            [
              -2.6001968,
              54.3631033
            ],
            [
              -2.5992119,
              54.3636846
            ],
            [
              -2.5981937,
              54.364138
            ],
            [
              -2.596872,
              54.3645773
            ],
            [
              -2.5955297,
              54.3648772
            ],
            [
              -2.5943818,
              54.3650531
            ],
            [
              -2.5936221,
              54.3651346
            ],
            [
              -2.5931155,
              54.365189
            ],
            [
              -2.5928322,
              54.3652187
            ],
            [
              -2.5918912,
              54.3653204
            ],
            [
              -2.5903818,
              54.3655352
            ],
            [
              -2.5889027,
              54.3658506
            ],
            [
              -2.5880773,
              54.3660959
            ],
            [
              -2.5872822,
              54.366388
            ],
            [
              -2.5862731,
              54.3668418
            ],
            [
              -2.5856794,
              54.3671647
            ],
            [
              -2.5851493,
              54.3675025
            ],
            [
              -2.5843887,
              54.368046
            ],
            [
              -2.5838061,
              54.3685898
            ],
            [
              -2.5833721,
              54.3690954
            ],
            [
              -2.5829788,
              54.3696845
            ],
            [
              -2.5827215,
              54.3701799
            ],
            [
              -2.5825425,
              54.3706735
            ],
            [
              -2.5824253,
              54.3711417
            ],
            [
              -2.5823852,
              54.3716211
            ],
            [
              -2.5823896,
              54.3723992
            ],
            [
              -2.5824105,
              54.374003
            ],
            [
              -2.5823931,
              54.3746609
            ],
            [
              -2.5823127,
              54.3753039
            ],
            [
              -2.5819669,
              54.3763215
            ],
            [
              -2.5817854,
              54.3767113
            ],
            [
              -2.5811958,
              54.3779773
            ],
            [
              -2.5808772,
              54.3788021
            ],
            [
              -2.5806724,
              54.3796146
            ],
            [
              -2.5805939,
              54.3802212
            ],
            [
              -2.5805617,
              54.3808192
            ],
            [
              -2.5806132,
              54.381344
            ],
            [
              -2.5807097,
              54.3818566
            ],
            [
              -2.5809094,
              54.3825231
            ],
            [
              -2.5811862,
              54.3831267
            ],
            [
              -2.5815852,
              54.3837515
            ],
            [
              -2.5820262,
              54.3843225
            ],
            [
              -2.582538,
              54.3848661
            ],
            [
              -2.5830337,
              54.3853066
            ],
            [
              -2.5835895,
              54.3857409
            ],
            [
              -2.5858178,
              54.3872221
            ],
            [
              -2.5878954,
              54.3885699
            ],
            [
              -2.5880839,
              54.3886922
            ],
            [
              -2.5903429,
              54.3901956
            ],
            [
              -2.5917221,
              54.3910927
            ],
            [
              -2.5953813,
              54.3934868
            ],
            [
              -2.5986331,
              54.3956807
            ],
            [
              -2.5994261,
              54.3963183
            ],
            [
              -2.6001316,
              54.3969702
            ],
            [
              -2.6015023,
              54.3984062
            ],
            [
              -2.6018044,
              54.3987668
            ],
            [
              -2.602073,
              54.3991258
            ],
            [
              -2.6023674,
              54.3995762
            ],
            [
              -2.6025441,
              54.3998466
            ],
            [
              -2.6033617,
              54.4012778
            ],
            [
              -2.6036229,
              54.4018974
            ],
            [
              -2.6038459,
              54.4025188
            ],
            [
              -2.6040348,
              54.4031533
            ],
            [
              -2.6041805,
              54.4037746
            ],
            [
              -2.6043405,
              54.4046352
            ],
            [
              -2.6043876,
              54.4054372
            ],
            [
              -2.6042921,
              54.4061773
            ],
            [
              -2.6042412,
              54.4065778
            ],
            [
              -2.6041356,
              54.4069541
            ],
            [
              -2.6040651,
              54.4071901
            ],
            [
              -2.6039772,
              54.4073731
            ],
            [
              -2.6035417,
              54.4083009
            ],
            [
              -2.6029879,
              54.4091938
            ],
            [
              -2.6023347,
              54.4100786
            ],
            [
              -2.6018155,
              54.4109007
            ],
            [
              -2.6015047,
              54.4114848
            ],
            [
              -2.6012398,
              54.4120623
            ],
            [
              -2.6006065,
              54.413809
            ],
            [
              -2.6003627,
              54.4145262
            ],
            [
              -2.5999053,
              54.4158719
            ],
            [
              -2.5992623,
              54.4179434
            ],
            [
              -2.5990586,
              54.4189452
            ],
            [
              -2.5988969,
              54.4200908
            ],
            [
              -2.5988657,
              54.4203862
            ],
            [
              -2.5988453,
              54.420596
            ],
            [
              -2.5988417,
              54.4206334
            ],
            [
              -2.5987972,
              54.4210655
            ],
            [
              -2.5987583,
              54.42133
            ],
            [
              -2.5986074,
              54.4229483
            ],
            [
              -2.5984926,
              54.4241276
            ],
            [
              -2.5984765,
              54.424327
            ],
            [
              -2.5984319,
              54.4248266
            ],
            [
              -2.5982512,
              54.4268072
            ],
            [
              -2.5981662,
              54.4277797
            ],
            [
              -2.5981362,
              54.4281967
            ],
            [
              -2.5981269,
              54.4286559
            ],
            [
              -2.5981044,
              54.4290909
            ],
            [
              -2.598116,
              54.4297001
            ],
            [
              -2.5981566,
              54.4301636
            ],
            [
              -2.598174,
              54.4303054
            ],
            [
              -2.5983904,
              54.4312286
            ],
            [
              -2.5984423,
              54.4313779
            ],
            [
              -2.5985517,
              54.4316924
            ],
            [
              -2.5986715,
              54.4320367
            ],
            [
              -2.5989621,
              54.4326453
            ],
            [
              -2.5992843,
              54.4332317
            ],
            [
              -2.5996164,
              54.4337896
            ],
            [
              -2.5999221,
              54.4342681
            ],
            [
              -2.600288,
              54.4347437
            ],
            [
              -2.6008507,
              54.4354052
            ],
            [
              -2.6014993,
              54.436059
            ],
            [
              -2.6023222,
              54.4367583
            ],
            [
              -2.6032667,
              54.4374792
            ],
            [
              -2.6042718,
              54.4381591
            ],
            [
              -2.607652,
              54.4401235
            ],
            [
              -2.6091349,
              54.4411188
            ],
            [
              -2.6101471,
              54.4418755
            ],
            [
              -2.6107083,
              54.4423183
            ],
            [
              -2.6115621,
              54.4430434
            ],
            [
              -2.6120443,
              54.4434686
            ],
            [
              -2.6123721,
              54.4437765
            ],
            [
              -2.6127265,
              54.4441024
            ],
            [
              -2.613338,
              54.4447683
            ],
            [
              -2.6137119,
              54.4451903
            ],
            [
              -2.6140365,
              54.4456158
            ],
            [
              -2.6146474,
              54.4464988
            ],
            [
              -2.6148977,
              54.4469607
            ],
            [
              -2.6150707,
              54.4472799
            ],
            [
              -2.6154269,
              54.4480689
            ],
            [
              -2.6155895,
              54.4485767
            ],
            [
              -2.615799,
              54.4493112
            ],
            [
              -2.6158954,
              54.4500467
            ],
            [
              -2.6159041,
              54.4503171
            ],
            [
              -2.6159234,
              54.4509162
            ],
            [
              -2.6160599,
              54.4526796
            ],
            [
              -2.6162098,
              54.4535113
            ],
            [
              -2.6163816,
              54.4542044
            ],
            [
              -2.6165875,
              54.454896
            ],
            [
              -2.6166405,
              54.4550171
            ],
            [
              -2.6166711,
              54.4550872
            ],
            [
              -2.6172079,
              54.4563142
            ],
            [
              -2.6174331,
              54.456791
            ],
            [
              -2.6178824,
              54.4575816
            ],
            [
              -2.6179906,
              54.4577718
            ],
            [
              -2.6180362,
              54.4578521
            ],
            [
              -2.6184179,
              54.4584358
            ],
            [
              -2.6189397,
              54.4591182
            ],
            [
              -2.6195006,
              54.4597914
            ],
            [
              -2.6201505,
              54.4604464
            ],
            [
              -2.6204724,
              54.4607363
            ],
            [
              -2.6208498,
              54.4610989
            ],
            [
              -2.6209883,
              54.4612076
            ],
            [
              -2.6221839,
              54.4621467
            ],
            [
              -2.6236859,
              54.463146
            ],
            [
              -2.6240194,
              54.4633486
            ],
            [
              -2.6264549,
              54.4651025
            ],
            [
              -2.6276384,
              54.4660181
            ],
            [
              -2.6287568,
              54.4669705
            ],
            [
              -2.6306948,
              54.4687844
            ],
            [
              -2.6328312,
              54.471064
            ],
            [
              -2.6348075,
              54.4729752
            ],
            [
              -2.6369515,
              54.4748557
            ],
            [
              -2.6398835,
              54.4774382
            ],
            [
              -2.6413592,
              54.4787036
            ],
            [
              -2.6415825,
              54.4788936
            ],
            [
              -2.6417114,
              54.4789973
            ],
            [
              -2.6434923,
              54.4804308
            ],
            [
              -2.6453961,
              54.4818097
            ],
            [
              -2.6463106,
              54.4823971
            ],
            [
              -2.646535,
              54.4825426
            ],
            [
              -2.6483453,
              54.4836479
            ],
            [
              -2.6501781,
              54.4846672
            ],
            [
              -2.6532812,
              54.4864466
            ],
            [
              -2.6547217,
              54.487262
            ],
            [
              -2.6560156,
              54.4879945
            ],
            [
              -2.6584182,
              54.4892238
            ],
            [
              -2.6595744,
              54.4897825
            ],
            [
              -2.6609257,
              54.4904355
            ],
            [
              -2.6617399,
              54.4908484
            ],
            [
              -2.6624287,
              54.4912844
            ],
            [
              -2.6627027,
              54.4914764
            ],
            [
              -2.6629193,
              54.4916348
            ],
            [
              -2.6631745,
              54.491832
            ],
            [
              -2.6633482,
              54.4919766
            ],
            [
              -2.6635368,
              54.4921387
            ],
            [
              -2.6637743,
              54.4923608
            ],
            [
              -2.6639982,
              54.4925904
            ],
            [
              -2.6641607,
              54.4927674
            ],
            [
              -2.6643491,
              54.4929779
            ],
            [
              -2.6645207,
              54.4931871
            ],
            [
              -2.6646228,
              54.493317
            ],
            [
              -2.6647486,
              54.4934771
            ],
            [
              -2.6650371,
              54.4938371
            ],
            [
              -2.6653791,
              54.4943039
            ],
            [
              -2.6656518,
              54.4946439
            ],
            [
              -2.6659265,
              54.4949633
            ],
            [
              -2.6663097,
              54.4953581
            ],
            [
              -2.6669687,
              54.4960296
            ],
            [
              -2.6672832,
              54.4963574
            ],
            [
              -2.6677748,
              54.4968624
            ],
            [
              -2.6684622,
              54.4976185
            ],
            [
              -2.6686003,
              54.497803
            ],
            [
              -2.6688949,
              54.4981968
            ],
            [
              -2.6691346,
              54.4986202
            ],
            [
              -2.6692283,
              54.4987856
            ],
            [
              -2.6695065,
              54.4994005
            ],
            [
              -2.6696557,
              54.4999086
            ],
            [
              -2.6697201,
              54.500216
            ],
            [
              -2.6697768,
              54.5005537
            ],
            [
              -2.6698108,
              54.5010933
            ],
            [
              -2.6698348,
              54.5016247
            ],
            [
              -2.6697902,
              54.5020875
            ],
            [
              -2.6697157,
              54.5026227
            ],
            [
              -2.6696204,
              54.5031439
            ],
            [
              -2.6691611,
              54.5047685
            ],
            [
              -2.66894,
              54.505712
            ],
            [
              -2.6687823,
              54.5066482
            ],
            [
              -2.6686986,
              54.5075882
            ],
            [
              -2.6686752,
              54.5085257
            ],
            [
              -2.6686478,
              54.5093293
            ],
            [
              -2.668458,
              54.5148916
            ],
            [
              -2.6684546,
              54.5149777
            ],
            [
              -2.6684295,
              54.5158967
            ],
            [
              -2.668427,
              54.5159866
            ],
            [
              -2.6684196,
              54.5162574
            ],
            [
              -2.6684815,
              54.5172934
            ],
            [
              -2.668494,
              54.5173922
            ],
            [
              -2.6685593,
              54.5179087
            ],
            [
              -2.6686532,
              54.5185303
            ],
            [
              -2.6687658,
              54.5190888
            ],
            [
              -2.6689481,
              54.5198562
            ],
            [
              -2.6691004,
              54.5203711
            ],
            [
              -2.6692803,
              54.520876
            ],
            [
              -2.6694734,
              54.5213795
            ],
            [
              -2.6698168,
              54.5220873
            ],
            [
              -2.669876,
              54.5221936
            ],
            [
              -2.6700471,
              54.5224936
            ],
            [
              -2.6708492,
              54.5238434
            ],
            [
              -2.6714828,
              54.5250264
            ],
            [
              -2.6718147,
              54.5258127
            ],
            [
              -2.6720184,
              54.5264786
            ],
            [
              -2.6721726,
              54.5271799
            ],
            [
              -2.6723119,
              54.5278765
            ],
            [
              -2.6723389,
              54.5279995
            ],
            [
              -2.6724641,
              54.5285711
            ],
            [
              -2.672737,
              54.5293502
            ],
            [
              -2.6730493,
              54.5299553
            ],
            [
              -2.6734192,
              54.5305586
            ],
            [
              -2.6738436,
              54.5311611
            ],
            [
              -2.6743465,
              54.5317557
            ],
            [
              -2.6750351,
              54.5324204
            ],
            [
              -2.675745,
              54.533119
            ],
            [
              -2.6768001,
              54.5339156
            ],
            [
              -2.6778036,
              54.534603
            ],
            [
              -2.6780047,
              54.5347408
            ],
            [
              -2.6788552,
              54.5352205
            ],
            [
              -2.6817908,
              54.5367055
            ],
            [
              -2.682574,
              54.5371854
            ],
            [
              -2.6833131,
              54.5376708
            ],
            [
              -2.6839328,
              54.5381308
            ],
            [
              -2.6844828,
              54.5385954
            ],
            [
              -2.6853589,
              54.5394468
            ],
            [
              -2.6859538,
              54.5401377
            ],
            [
              -2.6864699,
              54.540807
            ],
            [
              -2.686853,
              54.5413841
            ],
            [
              -2.6870244,
              54.5416422
            ],
            [
              -2.6871003,
              54.5417565
            ],
            [
              -2.6874094,
              54.5422511
            ],
            [
              -2.6879357,
              54.543148
            ],
            [
              -2.6882158,
              54.5436646
            ],
            [
              -2.6884232,
              54.5440714
            ],
            [
              -2.6885011,
              54.5442243
            ],
            [
              -2.688728,
              54.5447193
            ],
            [
              -2.6889441,
              54.5452293
            ],
            [
              -2.6891133,
              54.5456734
            ],
            [
              -2.6892738,
              54.5461648
            ],
            [
              -2.6894193,
              54.5466657
            ],
            [
              -2.6895123,
              54.5470382
            ],
            [
              -2.6895771,
              54.5473325
            ],
            [
              -2.6896451,
              54.547742
            ],
            [
              -2.6896796,
              54.5480226
            ],
            [
              -2.6897109,
              54.5484428
            ],
            [
              -2.6897096,
              54.5490156
            ],
            [
              -2.6896841,
              54.5497104
            ],
            [
              -2.6895829,
              54.5504027
            ],
            [
              -2.6893877,
              54.5513194
            ],
            [
              -2.6889838,
              54.5527228
            ],
            [
              -2.6889098,
              54.5530943
            ],
            [
              -2.6888192,
              54.5535489
            ],
            [
              -2.6887053,
              54.5543748
            ],
            [
              -2.6886576,
              54.5553862
            ],
            [
              -2.6886417,
              54.5558824
            ],
            [
              -2.6885532,
              54.556366
            ],
            [
              -2.6883232,
              54.5569572
            ],
            [
              -2.688093,
              54.5575631
            ],
            [
              -2.6878083,
              54.5580282
            ],
            [
              -2.687768,
              54.5580827
            ],
            [
              -2.687512,
              54.5584288
            ],
            [
              -2.6874524,
              54.5585094
            ],
            [
              -2.6870898,
              54.5589223
            ],
            [
              -2.6869188,
              54.5591055
            ],
            [
              -2.6866912,
              54.5593495
            ],
            [
              -2.6862606,
              54.5597544
            ],
            [
              -2.6853757,
              54.5605596
            ],
            [
              -2.6846113,
              54.5613737
            ],
            [
              -2.6842582,
              54.5618569
            ],
            [
              -2.6839456,
              54.5623447
            ],
            [
              -2.6834102,
              54.5633441
            ],
            [
              -2.6830545,
              54.564316
            ],
            [
              -2.6828814,
              54.5651682
            ],
            [
              -2.6827971,
              54.5656981
            ],
            [
              -2.6827806,
              54.5662307
            ],
            [
              -2.6828736,
              54.5670603
            ],
            [
              -2.6830419,
              54.5677556
            ],
            [
              -2.6831453,
              54.568089
            ],
            [
              -2.6832729,
              54.568358
            ],
            [
              -2.6833013,
              54.5684178
            ],
            [
              -2.6834399,
              54.5687141
            ],
            [
              -2.6834601,
              54.5687541
            ],
            [
              -2.6846245,
              54.5710617
            ],
            [
              -2.6850662,
              54.5720181
            ],
            [
              -2.6853931,
              54.5729734
            ],
            [
              -2.6855403,
              54.5735563
            ],
            [
              -2.6856308,
              54.5741943
            ],
            [
              -2.6856716,
              54.5746276
            ],
            [
              -2.6856645,
              54.5750525
            ],
            [
              -2.6856511,
              54.5756909
            ],
            [
              -2.6856463,
              54.5757294
            ],
            [
              -2.6855692,
              54.5763466
            ],
            [
              -2.6854033,
              54.577644
            ],
            [
              -2.6854063,
              54.5781642
            ],
            [
              -2.6854335,
              54.5783915
            ],
            [
              -2.6854912,
              54.5787088
            ],
            [
              -2.6857501,
              54.5795356
            ],
            [
              -2.6859789,
              54.579983
            ],
            [
              -2.6862646,
              54.5804194
            ],
            [
              -2.6867691,
              54.5810192
            ],
            [
              -2.6873864,
              54.5815988
            ],
            [
              -2.6879782,
              54.5820656
            ],
            [
              -2.688728,
              54.5825926
            ],
            [
              -2.689035,
              54.5827663
            ],
            [
              -2.6893089,
              54.5829213
            ],
            [
              -2.6902235,
              54.5833809
            ],
            [
              -2.6928139,
              54.5845305
            ],
            [
              -2.6936434,
              54.5850183
            ],
            [
              -2.6940272,
              54.5852767
            ],
            [
              -2.6943576,
              54.5855429
            ],
            [
              -2.6950477,
              54.5862045
            ],
            [
              -2.6954772,
              54.5867415
            ],
            [
              -2.6958705,
              54.5874395
            ],
            [
              -2.6960388,
              54.5877797
            ],
            [
              -2.6961347,
              54.5881235
            ],
            [
              -2.6962911,
              54.5889385
            ],
            [
              -2.6966884,
              54.5910088
            ],
            [
              -2.6972802,
              54.5945492
            ],
            [
              -2.6973506,
              54.5950653
            ],
            [
              -2.6973767,
              54.597059
            ],
            [
              -2.6973758,
              54.5977892
            ],
            [
              -2.6974244,
              54.5984958
            ],
            [
              -2.6976061,
              54.5998748
            ],
            [
              -2.6978747,
              54.6008452
            ],
            [
              -2.6982511,
              54.6017904
            ],
            [
              -2.6985892,
              54.6024915
            ],
            [
              -2.6989998,
              54.603191
            ],
            [
              -2.6999898,
              54.6045301
            ],
            [
              -2.7008406,
              54.605406
            ],
            [
              -2.7010445,
              54.605616
            ],
            [
              -2.7016888,
              54.6061866
            ],
            [
              -2.7024148,
              54.6067474
            ],
            [
              -2.7038227,
              54.6077842
            ],
            [
              -2.7051547,
              54.608818
            ],
            [
              -2.7062271,
              54.6097172
            ],
            [
              -2.7071955,
              54.6106236
            ],
            [
              -2.7085574,
              54.6120323
            ],
            [
              -2.7087511,
              54.6122526
            ],
            [
              -2.7097956,
              54.6134403
            ],
            [
              -2.7100043,
              54.613695
            ],
            [
              -2.7100676,
              54.6137723
            ],
            [
              -2.7111194,
              54.6152252
            ],
            [
              -2.7119981,
              54.6166789
            ],
            [
              -2.7123135,
              54.6173983
            ],
            [
              -2.7126761,
              54.6183478
            ],
            [
              -2.7127116,
              54.6184637
            ],
            [
              -2.7128031,
              54.618763
            ],
            [
              -2.712966,
              54.6193026
            ],
            [
              -2.713086,
              54.6198593
            ],
            [
              -2.7131272,
              54.6201383
            ],
            [
              -2.7132459,
              54.6209426
            ],
            [
              -2.7133051,
              54.6223824
            ],
            [
              -2.7132891,
              54.6234999
            ],
            [
              -2.7133008,
              54.6239149
            ],
            [
              -2.7133471,
              54.6245916
            ],
            [
              -2.7133476,
              54.6245952
            ],
            [
              -2.7134058,
              54.6250209
            ],
            [
              -2.7134755,
              54.6253877
            ],
            [
              -2.7135821,
              54.6258622
            ],
            [
              -2.7137387,
              54.6263948
            ],
            [
              -2.7139354,
              54.6269172
            ],
            [
              -2.7141354,
              54.6273531
            ],
            [
              -2.7142902,
              54.6276353
            ],
            [
              -2.7143571,
              54.6277653
            ],
            [
              -2.7146074,
              54.6281706
            ],
            [
              -2.7147687,
              54.6284114
            ],
            [
              -2.7150902,
              54.6288367
            ],
            [
              -2.7153169,
              54.6291146
            ],
            [
              -2.7155837,
              54.6294081
            ],
            [
              -2.7158211,
              54.6296619
            ],
            [
              -2.7160813,
              54.6299135
            ],
            [
              -2.7163683,
              54.6301747
            ],
            [
              -2.7166969,
              54.6304553
            ],
            [
              -2.7169611,
              54.6306657
            ],
            [
              -2.7173205,
              54.630937
            ],
            [
              -2.7176655,
              54.6311811
            ],
            [
              -2.7180125,
              54.6314102
            ],
            [
              -2.7183501,
              54.6316174
            ],
            [
              -2.7189499,
              54.6319675
            ],
            [
              -2.7195816,
              54.6322982
            ],
            [
              -2.7200376,
              54.6325125
            ],
            [
              -2.720578,
              54.6327597
            ],
            [
              -2.7211364,
              54.6329925
            ],
            [
              -2.7219764,
              54.6333008
            ],
            [
              -2.7223182,
              54.6334139
            ],
            [
              -2.7229632,
              54.6336272
            ],
            [
              -2.7233812,
              54.6337383
            ],
            [
              -2.7248539,
              54.6341298
            ],
            [
              -2.7269335,
              54.6346182
            ],
            [
              -2.7292566,
              54.6351184
            ],
            [
              -2.7311455,
              54.635469
            ],
            [
              -2.7330647,
              54.6357747
            ],
            [
              -2.7351226,
              54.6360398
            ],
            [
              -2.7373178,
              54.6362886
            ],
            [
              -2.740607,
              54.6366778
            ],
            [
              -2.7408313,
              54.6367043
            ],
            [
              -2.7436347,
              54.637116
            ],
            [
              -2.7463503,
              54.6375773
            ],
            [
              -2.749096,
              54.638144
            ],
            [
              -2.7501383,
              54.638395
            ],
            [
              -2.7511625,
              54.6386637
            ],
            [
              -2.753255,
              54.6392796
            ],
            [
              -2.7545053,
              54.639725
            ],
            [
              -2.7552091,
              54.6400177
            ],
            [
              -2.7558535,
              54.6403144
            ],
            [
              -2.7570731,
              54.6409594
            ],
            [
              -2.7580671,
              54.6416003
            ],
            [
              -2.758714,
              54.6420737
            ],
            [
              -2.758858,
              54.6421908
            ],
            [
              -2.7593149,
              54.6425623
            ],
            [
              -2.7601969,
              54.6433632
            ],
            [
              -2.7610135,
              54.6442177
            ],
            [
              -2.7612141,
              54.6444575
            ],
            [
              -2.7617269,
              54.6451057
            ],
            [
              -2.7620392,
              54.6455005
            ],
            [
              -2.7626378,
              54.6462316
            ],
            [
              -2.7629592,
              54.6465802
            ],
            [
              -2.763017,
              54.6466363
            ],
            [
              -2.7632404,
              54.6468496
            ],
            [
              -2.7636098,
              54.6471585
            ],
            [
              -2.7645548,
              54.6478855
            ],
            [
              -2.7647658,
              54.6480436
            ],
            [
              -2.765042,
              54.6482591
            ],
            [
              -2.7654134,
              54.6485681
            ],
            [
              -2.7657354,
              54.6488711
            ],
            [
              -2.765931,
              54.64907
            ],
            [
              -2.7662529,
              54.649446
            ],
            [
              -2.7664302,
              54.6496956
            ],
            [
              -2.7668559,
              54.6504717
            ],
            [
              -2.7671072,
              54.6512184
            ],
            [
              -2.7671688,
              54.651596
            ],
            [
              -2.767178,
              54.6517328
            ],
            [
              -2.7671941,
              54.6519713
            ],
            [
              -2.7671944,
              54.6522237
            ],
            [
              -2.7671718,
              54.6525009
            ],
            [
              -2.7671507,
              54.6526786
            ],
            [
              -2.7671167,
              54.6528773
            ],
            [
              -2.7670573,
              54.6531117
            ],
            [
              -2.7670163,
              54.6532646
            ],
            [
              -2.7669739,
              54.6533745
            ],
            [
              -2.766913,
              54.6535539
            ],
            [
              -2.7668834,
              54.6536212
            ],
            [
              -2.7667463,
              54.6539328
            ],
            [
              -2.7664583,
              54.6544307
            ],
            [
              -2.7662546,
              54.6547144
            ],
            [
              -2.7660832,
              54.6549309
            ],
            [
              -2.7658744,
              54.6551668
            ],
            [
              -2.765724,
              54.6553302
            ],
            [
              -2.7644953,
              54.6564348
            ],
            [
              -2.7636851,
              54.6571103
            ],
            [
              -2.7625428,
              54.6580282
            ],
            [
              -2.7622456,
              54.658267
            ],
            [
              -2.7620608,
              54.6584155
            ],
            [
              -2.7609145,
              54.6593366
            ],
            [
              -2.7604673,
              54.6597254
            ],
            [
              -2.7600752,
              54.6601127
            ],
            [
              -2.7599448,
              54.6602505
            ],
            [
              -2.7598493,
              54.660349
            ],
            [
              -2.7595686,
              54.6606836
            ],
            [
              -2.7593063,
              54.6610371
            ],
            [
              -2.7590714,
              54.6614122
            ],
            [
              -2.7588796,
              54.661782
            ],
            [
              -2.7587974,
              54.6619466
            ],
            [
              -2.7587357,
              54.6621269
            ],
            [
              -2.7586237,
              54.6624742
            ],
            [
              -2.7585955,
              54.6625845
            ],
            [
              -2.7585321,
              54.6628895
            ],
            [
              -2.7585032,
              54.6630817
            ],
            [
              -2.7584703,
              54.6633006
            ],
            [
              -2.7584429,
              54.6637723
            ],
            [
              -2.7584705,
              54.6640228
            ],
            [
              -2.7585592,
              54.6645238
            ],
            [
              -2.7587475,
              54.6651572
            ],
            [
              -2.7589611,
              54.6656264
            ],
            [
              -2.759279,
              54.6661898
            ],
            [
              -2.7596297,
              54.6666542
            ],
            [
              -2.760093,
              54.6671503
            ],
            [
              -2.7601934,
              54.667244
            ],
            [
              -2.7605851,
              54.6676094
            ],
            [
              -2.762655,
              54.6693636
            ],
            [
              -2.7633484,
              54.6699441
            ],
            [
              -2.7647923,
              54.671153
            ],
            [
              -2.7651382,
              54.6714546
            ],
            [
              -2.7752259,
              54.6799455
            ],
            [
              -2.7778236,
              54.6821318
            ],
            [
              -2.7801694,
              54.6841064
            ],
            [
              -2.7807898,
              54.6846689
            ],
            [
              -2.7813562,
              54.6852662
            ],
            [
              -2.7818393,
              54.6858676
            ],
            [
              -2.7822904,
              54.6864947
            ],
            [
              -2.7826455,
              54.6871331
            ],
            [
              -2.7830271,
              54.687998
            ],
            [
              -2.7832872,
              54.6888806
            ],
            [
              -2.7834008,
              54.6896191
            ],
            [
              -2.7834411,
              54.6899971
            ],
            [
              -2.7834487,
              54.6903657
            ],
            [
              -2.7834241,
              54.690791
            ],
            [
              -2.7833668,
              54.6912058
            ],
            [
              -2.7832546,
              54.6917413
            ],
            [
              -2.7832039,
              54.6919834
            ],
            [
              -2.7828154,
              54.6930064
            ],
            [
              -2.7821983,
              54.6945016
            ],
            [
              -2.7819486,
              54.6955708
            ],
            [
              -2.7818169,
              54.6966329
            ],
            [
              -2.7818085,
              54.696974
            ],
            [
              -2.7819056,
              54.6977589
            ],
            [
              -2.7820675,
              54.6984708
            ],
            [
              -2.7822743,
              54.6991755
            ],
            [
              -2.7825303,
              54.6997982
            ],
            [
              -2.7828318,
              54.7004239
            ],
            [
              -2.7829166,
              54.700566
            ],
            [
              -2.7835513,
              54.7016295
            ],
            [
              -2.7841993,
              54.7027576
            ],
            [
              -2.7851882,
              54.7044791
            ],
            [
              -2.7864452,
              54.7066496
            ],
            [
              -2.7877165,
              54.7088246
            ],
            [
              -2.7883786,
              54.7099467
            ],
            [
              -2.7889313,
              54.7108922
            ],
            [
              -2.790363,
              54.7133645
            ],
            [
              -2.7932879,
              54.7184149
            ],
            [
              -2.7945444,
              54.7205748
            ],
            [
              -2.7946425,
              54.7207483
            ],
            [
              -2.7965213,
              54.7239747
            ],
            [
              -2.7965643,
              54.7240502
            ],
            [
              -2.7975567,
              54.725755
            ],
            [
              -2.7978663,
              54.7262862
            ],
            [
              -2.7979698,
              54.7264638
            ],
            [
              -2.7990463,
              54.7283109
            ],
            [
              -2.8005618,
              54.7308859
            ],
            [
              -2.8006804,
              54.7310899
            ],
            [
              -2.8017313,
              54.7328983
            ],
            [
              -2.8028748,
              54.7348802
            ],
            [
              -2.8031301,
              54.7353172
            ],
            [
              -2.8038374,
              54.7365279
            ],
            [
              -2.8048058,
              54.7381964
            ],
            [
              -2.8065467,
              54.7411874
            ],
            [
              -2.8105626,
              54.7481045
            ],
            [
              -2.81065,
              54.7482551
            ],
            [
              -2.8115059,
              54.7494486
            ],
            [
              -2.81199,
              54.7499976
            ],
            [
              -2.8125038,
              54.7505379
            ],
            [
              -2.8136502,
              54.7515782
            ],
            [
              -2.8148243,
              54.7526172
            ],
            [
              -2.8153997,
              54.7531526
            ],
            [
              -2.8159729,
              54.7536954
            ],
            [
              -2.8170238,
              54.7547834
            ],
            [
              -2.8179771,
              54.7558885
            ],
            [
              -2.818833,
              54.7569924
            ],
            [
              -2.818988,
              54.757211
            ],
            [
              -2.8192115,
              54.7575331
            ],
            [
              -2.8194908,
              54.7579356
            ],
            [
              -2.8199687,
              54.7586922
            ],
            [
              -2.8204993,
              54.7597377
            ],
            [
              -2.8209127,
              54.7608023
            ],
            [
              -2.8210598,
              54.7613584
            ],
            [
              -2.8211723,
              54.7619182
            ],
            [
              -2.8213237,
              54.7630662
            ],
            [
              -2.8214674,
              54.7640079
            ],
            [
              -2.821475,
              54.7640425
            ],
            [
              -2.8214767,
              54.7640503
            ],
            [
              -2.8215714,
              54.7644795
            ],
            [
              -2.8217195,
              54.7649821
            ],
            [
              -2.8217483,
              54.765063
            ],
            [
              -2.8219578,
              54.7656223
            ],
            [
              -2.8223241,
              54.7664195
            ],
            [
              -2.8224221,
              54.7666009
            ],
            [
              -2.8228644,
              54.7673346
            ],
            [
              -2.8233623,
              54.768052
            ],
            [
              -2.823858,
              54.768672
            ],
            [
              -2.824393,
              54.7692795
            ],
            [
              -2.8256397,
              54.7704641
            ],
            [
              -2.8266201,
              54.7712341
            ],
            [
              -2.8277156,
              54.7719775
            ],
            [
              -2.8288387,
              54.7726658
            ],
            [
              -2.8300276,
              54.7733062
            ],
            [
              -2.8311571,
              54.7738363
            ],
            [
              -2.8312462,
              54.7738781
            ],
            [
              -2.8325583,
              54.7744169
            ],
            [
              -2.8339277,
              54.7749092
            ],
            [
              -2.8346431,
              54.7751443
            ],
            [
              -2.8353691,
              54.7753697
            ],
            [
              -2.8357553,
              54.7754967
            ],
            [
              -2.837745,
              54.7762232
            ],
            [
              -2.8396968,
              54.7770225
            ],
            [
              -2.8414009,
              54.777864
            ],
            [
              -2.8429377,
              54.7787523
            ],
            [
              -2.8442352,
              54.7796492
            ],
            [
              -2.8454882,
              54.7806801
            ],
            [
              -2.8464878,
              54.7816646
            ],
            [
              -2.8473698,
              54.7826745
            ],
            [
              -2.8481183,
              54.7837668
            ],
            [
              -2.8482186,
              54.7839518
            ],
            [
              -2.8487346,
              54.7849038
            ],
            [
              -2.848775,
              54.7849916
            ],
            [
              -2.8496278,
              54.7867686
            ],
            [
              -2.8500779,
              54.7874921
            ],
            [
              -2.8505741,
              54.7881997
            ],
            [
              -2.8514982,
              54.7893614
            ],
            [
              -2.8524405,
              54.7905294
            ],
            [
              -2.8544487,
              54.7930308
            ],
            [
              -2.8545158,
              54.7931141
            ],
            [
              -2.8560147,
              54.794974
            ],
            [
              -2.8568186,
              54.7959797
            ],
            [
              -2.8575409,
              54.7969964
            ],
            [
              -2.8575978,
              54.797086
            ],
            [
              -2.8578202,
              54.7974551
            ],
            [
              -2.8580699,
              54.7979173
            ],
            [
              -2.8583515,
              54.7984385
            ],
            [
              -2.8588169,
              54.7994305
            ],
            [
              -2.8588608,
              54.7995433
            ],
            [
              -2.8591373,
              54.8001741
            ],
            [
              -2.8602445,
              54.8027211
            ],
            [
              -2.86088,
              54.8041829
            ],
            [
              -2.8613068,
              54.80519
            ],
            [
              -2.8616571,
              54.8061958
            ],
            [
              -2.8619182,
              54.8072028
            ],
            [
              -2.8619976,
              54.8082322
            ],
            [
              -2.862018,
              54.809081
            ],
            [
              -2.8620074,
              54.8095068
            ],
            [
              -2.8619352,
              54.8099206
            ],
            [
              -2.8617781,
              54.8108196
            ],
            [
              -2.8616269,
              54.8117253
            ],
            [
              -2.8615676,
              54.8125548
            ],
            [
              -2.8616142,
              54.8133797
            ],
            [
              -2.8616379,
              54.8136195
            ],
            [
              -2.8616396,
              54.8136287
            ],
            [
              -2.8617502,
              54.8142461
            ],
            [
              -2.8619048,
              54.8146891
            ],
            [
              -2.8620645,
              54.8151164
            ],
            [
              -2.8622854,
              54.8155836
            ],
            [
              -2.8625336,
              54.8160503
            ],
            [
              -2.8631575,
              54.8169631
            ],
            [
              -2.8637887,
              54.8176866
            ],
            [
              -2.8644958,
              54.81839
            ],
            [
              -2.8651847,
              54.8189637
            ],
            [
              -2.8659239,
              54.8195054
            ],
            [
              -2.8674373,
              54.8204734
            ],
            [
              -2.8675003,
              54.8205115
            ],
            [
              -2.8687163,
              54.8212459
            ],
            [
              -2.8699938,
              54.8220156
            ],
            [
              -2.8715753,
              54.8229684
            ],
            [
              -2.8718664,
              54.8231496
            ],
            [
              -2.8726755,
              54.82365
            ],
            [
              -2.8740436,
              54.8244961
            ],
            [
              -2.8748371,
              54.8251158
            ],
            [
              -2.8754798,
              54.8257682
            ],
            [
              -2.8760961,
              54.8266189
            ],
            [
              -2.8764929,
              54.8274901
            ],
            [
              -2.8766481,
              54.8281293
            ],
            [
              -2.876699,
              54.8284509
            ],
            [
              -2.8766895,
              54.828771
            ],
            [
              -2.8765774,
              54.8298054
            ],
            [
              -2.8765207,
              54.8301023
            ],
            [
              -2.8765173,
              54.8301159
            ],
            [
              -2.8761901,
              54.8314361
            ],
            [
              -2.8761046,
              54.8320939
            ],
            [
              -2.8760942,
              54.8327394
            ],
            [
              -2.8761704,
              54.8333791
            ],
            [
              -2.876336,
              54.8340064
            ],
            [
              -2.8765122,
              54.8346214
            ],
            [
              -2.8766379,
              54.8349116
            ],
            [
              -2.8767704,
              54.8352176
            ],
            [
              -2.8771088,
              54.8358405
            ],
            [
              -2.8775124,
              54.8364471
            ],
            [
              -2.8781024,
              54.8371745
            ],
            [
              -2.8787754,
              54.8378885
            ],
            [
              -2.880165,
              54.8393005
            ],
            [
              -2.881132,
              54.8403545
            ],
            [
              -2.8819401,
              54.8412767
            ],
            [
              -2.8820619,
              54.8414157
            ],
            [
              -2.8837929,
              54.8435606
            ],
            [
              -2.8842707,
              54.8442824
            ],
            [
              -2.8848329,
              54.8452996
            ],
            [
              -2.8861587,
              54.8477109
            ],
            [
              -2.8866414,
              54.8488335
            ],
            [
              -2.8868409,
              54.849408
            ],
            [
              -2.8870002,
              54.8499592
            ],
            [
              -2.8872592,
              54.8510495
            ],
            [
              -2.8873885,
              54.8521351
            ],
            [
              -2.887463,
              54.8529564
            ],
            [
              -2.8874778,
              54.85312
            ],
            [
              -2.8875309,
              54.8536113
            ],
            [
              -2.8875907,
              54.8540293
            ],
            [
              -2.887601,
              54.8541014
            ],
            [
              -2.887705,
              54.8545951
            ],
            [
              -2.88786,
              54.855084
            ],
            [
              -2.888015,
              54.8555692
            ],
            [
              -2.8882225,
              54.8560377
            ],
            [
              -2.8885415,
              54.8567265
            ],
            [
              -2.8889279,
              54.8574133
            ],
            [
              -2.8898321,
              54.8587173
            ],
            [
              -2.8903652,
              54.8593234
            ],
            [
              -2.8909151,
              54.8599026
            ],
            [
              -2.891482,
              54.8604476
            ],
            [
              -2.8920977,
              54.8609747
            ],
            [
              -2.8927218,
              54.8614435
            ],
            [
              -2.8933736,
              54.8619103
            ],
            [
              -2.8940976,
              54.862366
            ],
            [
              -2.8948312,
              54.8628009
            ],
            [
              -2.8957688,
              54.8632795
            ],
            [
              -2.8969956,
              54.8639056
            ],
            [
              -2.8991823,
              54.8649896
            ],
            [
              -2.9046367,
              54.867726
            ],
            [
              -2.9048337,
              54.8678248
            ],
            [
              -2.9050532,
              54.8679269
            ],
            [
              -2.9072619,
              54.8690533
            ],
            [
              -2.9087031,
              54.8697882
            ],
            [
              -2.9107467,
              54.8709014
            ],
            [
              -2.9126271,
              54.87207
            ],
            [
              -2.9138867,
              54.8729904
            ],
            [
              -2.9151284,
              54.8739804
            ],
            [
              -2.9152957,
              54.874119
            ],
            [
              -2.9156413,
              54.8744068
            ],
            [
              -2.9158402,
              54.8745743
            ],
            [
              -2.9164223,
              54.8750697
            ],
            [
              -2.917302,
              54.8758598
            ],
            [
              -2.9177419,
              54.8763181
            ],
            [
              -2.9179885,
              54.8766257
            ],
            [
              -2.9183025,
              54.8770172
            ],
            [
              -2.9189922,
              54.8779618
            ],
            [
              -2.9197782,
              54.8791377
            ],
            [
              -2.9201774,
              54.8797253
            ],
            [
              -2.9205375,
              54.8801928
            ],
            [
              -2.9212014,
              54.8810048
            ],
            [
              -2.9213284,
              54.8811475
            ],
            [
              -2.9218332,
              54.8817146
            ],
            [
              -2.9220636,
              54.8819501
            ],
            [
              -2.9222738,
              54.882165
            ],
            [
              -2.9226672,
              54.8825181
            ],
            [
              -2.9231144,
              54.8828822
            ],
            [
              -2.9238339,
              54.8834063
            ],
            [
              -2.9246514,
              54.8839592
            ],
            [
              -2.9262713,
              54.8850547
            ],
            [
              -2.926382,
              54.8851325
            ],
            [
              -2.9264616,
              54.8851884
            ],
            [
              -2.9273821,
              54.8858352
            ],
            [
              -2.9277849,
              54.8861203
            ],
            [
              -2.927828,
              54.8861508
            ],
            [
              -2.9282361,
              54.8864566
            ],
            [
              -2.9285362,
              54.8867079
            ],
            [
              -2.9292027,
              54.8873543
            ],
            [
              -2.929767,
              54.887922
            ],
            [
              -2.9299271,
              54.8880847
            ],
            [
              -2.9300328,
              54.888194
            ],
            [
              -2.9301653,
              54.888331
            ],
            [
              -2.9303061,
              54.8884766
            ],
            [
              -2.9305148,
              54.8887021
            ],
            [
              -2.9307897,
              54.8890496
            ],
            [
              -2.9309746,
              54.8892547
            ],
            [
              -2.9311766,
              54.8894714
            ],
            [
              -2.9311941,
              54.8894866
            ],
            [
              -2.9313661,
              54.8896357
            ],
            [
              -2.9316386,
              54.8898246
            ],
            [
              -2.9319038,
              54.8900002
            ],
            [
              -2.9321983,
              54.8901797
            ],
            [
              -2.9331189,
              54.8905993
            ],
            [
              -2.933454,
              54.8907502
            ],
            [
              -2.9338939,
              54.8909435
            ],
            [
              -2.9342226,
              54.8910564
            ],
            [
              -2.9344029,
              54.8911266
            ],
            [
              -2.9356508,
              54.8915449
            ],
            [
              -2.936212,
              54.8917568
            ],
            [
              -2.9365172,
              54.891872
            ],
            [
              -2.9371543,
              54.8921367
            ],
            [
              -2.9373452,
              54.8922334
            ],
            [
              -2.9382242,
              54.8926808
            ],
            [
              -2.9384849,
              54.8928403
            ],
            [
              -2.9385168,
              54.8928598
            ],
            [
              -2.9390036,
              54.8931537
            ],
            [
              -2.9391931,
              54.893272
            ],
            [
              -2.940204,
              54.8937978
            ],
            [
              -2.9412025,
              54.8942737
            ],
            [
              -2.94174,
              54.8945543
            ],
            [
              -2.9422457,
              54.894867
            ],
            [
              -2.942967,
              54.8953688
            ],
            [
              -2.9433622,
              54.8956818
            ],
            [
              -2.9436333,
              54.8959309
            ],
            [
              -2.944226,
              54.8965276
            ],
            [
              -2.9447116,
              54.8970121
            ],
            [
              -2.9449803,
              54.8972529
            ],
            [
              -2.9452716,
              54.8974936
            ],
            [
              -2.9462366,
              54.8982764
            ],
            [
              -2.94711,
              54.8989739
            ],
            [
              -2.9477698,
              54.8995017
            ],
            [
              -2.9479677,
              54.8996444
            ],
            [
              -2.9481608,
              54.8998031
            ],
            [
              -2.9485203,
              54.900069
            ],
            [
              -2.9489065,
              54.9003384
            ],
            [
              -2.9491306,
              54.9004941
            ],
            [
              -2.9500277,
              54.9011173
            ],
            [
              -2.9509772,
              54.9017373
            ],
            [
              -2.9527421,
              54.9029309
            ],
            [
              -2.9533268,
              54.9033596
            ],
            [
              -2.9541592,
              54.9040012
            ],
            [
              -2.9547767,
              54.904446
            ],
            [
              -2.9552441,
              54.9048469
            ],
            [
              -2.9559281,
              54.9053912
            ],
            [
              -2.9564549,
              54.9058338
            ],
            [
              -2.9565673,
              54.9059333
            ],
            [
              -2.9570933,
              54.9064052
            ],
            [
              -2.9575868,
              54.9068555
            ],
            [
              -2.9580576,
              54.9073428
            ],
            [
              -2.9585221,
              54.9078408
            ],
            [
              -2.9589151,
              54.908274
            ],
            [
              -2.9593196,
              54.9087572
            ],
            [
              -2.9595494,
              54.9090476
            ],
            [
              -2.9600958,
              54.9097383
            ],
            [
              -2.9609616,
              54.9108289
            ],
            [
              -2.9619365,
              54.9120421
            ],
            [
              -2.962524,
              54.9128057
            ],
            [
              -2.9630604,
              54.9134764
            ],
            [
              -2.9634939,
              54.9140361
            ],
            [
              -2.9641902,
              54.9149406
            ],
            [
              -2.9650668,
              54.9160133
            ],
            [
              -2.965771,
              54.9169073
            ],
            [
              -2.9667906,
              54.9182014
            ],
            [
              -2.9668131,
              54.9182301
            ],
            [
              -2.9680388,
              54.9197963
            ],
            [
              -2.9711842,
              54.9237693
            ],
            [
              -2.9728496,
              54.9258696
            ],
            [
              -2.9741129,
              54.9274743
            ],
            [
              -2.9761357,
              54.9300408
            ],
            [
              -2.9777464,
              54.932072
            ],
            [
              -2.9787378,
              54.9333345
            ],
            [
              -2.9836536,
              54.9395549
            ],
            [
              -2.9839516,
              54.9399319
            ],
            [
              -2.9848134,
              54.94102
            ],
            [
              -2.9873673,
              54.9442446
            ],
            [
              -2.9891616,
              54.9465098
            ],
            [
              -2.990049,
              54.9476504
            ],
            [
              -2.9909543,
              54.9487845
            ],
            [
              -2.9916907,
              54.9497019
            ],
            [
              -2.992208,
              54.9503462
            ],
            [
              -2.9934439,
              54.9519153
            ],
            [
              -2.9946909,
              54.9534779
            ],
            [
              -2.9959244,
              54.9550431
            ],
            [
              -2.9981007,
              54.957802
            ],
            [
              -2.999796,
              54.9598279
            ],
            [
              -3.0003713,
              54.9605153
            ],
            [
              -3.0013605,
              54.9615521
            ],
            [
              -3.0020941,
              54.9622628
            ],
            [
              -3.0028745,
              54.9629915
            ],
            [
              -3.0051279,
              54.9649251
            ],
            [
              -3.0067776,
              54.9662951
            ],
            [
              -3.007506,
              54.9668785
            ],
            [
              -3.0090281,
              54.9681455
            ],
            [
              -3.0104539,
              54.9693435
            ],
            [
              -3.0107557,
              54.969593
            ],
            [
              -3.0128314,
              54.9713091
            ],
            [
              -3.0139538,
              54.972249
            ],
            [
              -3.0165729,
              54.9744202
            ],
            [
              -3.0174508,
              54.9751663
            ],
            [
              -3.0191617,
              54.9765679
            ],
            [
              -3.0193283,
              54.9767052
            ],
            [
              -3.0194179,
              54.976779
            ],
            [
              -3.0208242,
              54.9779378
            ],
            [
              -3.0225695,
              54.9793916
            ],
            [
              -3.0231137,
              54.9798402
            ],
            [
              -3.023865,
              54.9804595
            ],
            [
              -3.0248797,
              54.9813185
            ],
            [
              -3.0259935,
              54.9822428
            ],
            [
              -3.0277019,
              54.9836575
            ],
            [
              -3.0292528,
              54.9849342
            ],
            [
              -3.0297861,
              54.985378
            ],
            [
              -3.0308055,
              54.9862162
            ],
            [
              -3.0312779,
              54.986606
            ],
            [
              -3.0319927,
              54.987189
            ],
            [
              -3.0323047,
              54.9874436
            ],
            [
              -3.0332707,
              54.9882669
            ],
            [
              -3.0343563,
              54.9891586
            ],
            [
              -3.0350638,
              54.9897396
            ],
            [
              -3.035815,
              54.9903716
            ],
            [
              -3.03656,
              54.990975
            ],
            [
              -3.0367518,
              54.9911315
            ],
            [
              -3.0390249,
              54.9930154
            ],
            [
              -3.0391652,
              54.9931318
            ],
            [
              -3.0402359,
              54.9940297
            ],
            [
              -3.0414135,
              54.9950078
            ],
            [
              -3.0415008,
              54.9950793
            ],
            [
              -3.0425927,
              54.9959737
            ],
            [
              -3.0431124,
              54.9964146
            ],
            [
              -3.0442713,
              54.9973464
            ],
            [
              -3.0443605,
              54.9974165
            ],
            [
              -3.0445022,
              54.9975343
            ],
            [
              -3.0449336,
              54.9979089
            ],
            [
              -3.0454889,
              54.9983848
            ],
            [
              -3.0467541,
              54.9995779
            ],
            [
              -3.0477956,
              55.0006468
            ],
            [
              -3.0483145,
              55.0012731
            ],
            [
              -3.0485917,
              55.001608
            ],
            [
              -3.0489216,
              55.0020542
            ],
            [
              -3.0491276,
              55.0023316
            ],
            [
              -3.0491991,
              55.0024474
            ],
            [
              -3.0493008,
              55.002612
            ],
            [
              -3.0498126,
              55.0034171
            ],
            [
              -3.0502624,
              55.004122
            ],
            [
              -3.0508339,
              55.0050565
            ],
            [
              -3.0513952,
              55.0059441
            ],
            [
              -3.0518605,
              55.0066234
            ],
            [
              -3.0523604,
              55.0072666
            ],
            [
              -3.0525865,
              55.0075482
            ],
            [
              -3.0529931,
              55.0079878
            ],
            [
              -3.0535186,
              55.008556
            ],
            [
              -3.0540057,
              55.0090129
            ],
            [
              -3.0545181,
              55.0094464
            ],
            [
              -3.0558914,
              55.0104538
            ],
            [
              -3.0567221,
              55.0109886
            ],
            [
              -3.0575725,
              55.0115006
            ],
            [
              -3.0580987,
              55.0118006
            ],
            [
              -3.0586638,
              55.0120912
            ],
            [
              -3.0594887,
              55.0124764
            ],
            [
              -3.0599565,
              55.0126953
            ],
            [
              -3.0600991,
              55.0127565
            ],
            [
              -3.0602596,
              55.0128205
            ],
            [
              -3.0608975,
              55.0130748
            ],
            [
              -3.061231,
              55.0132043
            ],
            [
              -3.0613372,
              55.0132402
            ],
            [
              -3.0615642,
              55.013317
            ],
            [
              -3.0621317,
              55.0135089
            ],
            [
              -3.0630366,
              55.0138095
            ],
            [
              -3.0640154,
              55.0140801
            ],
            [
              -3.0650634,
              55.0143483
            ],
            [
              -3.0661313,
              55.0145796
            ],
            [
              -3.0674824,
              55.0148222
            ],
            [
              -3.0688801,
              55.0150334
            ],
            [
              -3.0708037,
              55.0153105
            ],
            [
              -3.0718205,
              55.015457
            ],
            [
              -3.0728673,
              55.0156058
            ],
            [
              -3.0730251,
              55.0156282
            ],
            [
              -3.0781642,
              55.0163585
            ],
            [
              -3.0851076,
              55.0173452
            ],
            [
              -3.0973527,
              55.0190852
            ],
            [
              -3.0974544,
              55.0190997
            ],
            [
              -3.1019074,
              55.0197376
            ],
            [
              -3.1020456,
              55.0197569
            ],
            [
              -3.1028451,
              55.0198716
            ],
            [
              -3.1090021,
              55.0207533
            ],
            [
              -3.1095881,
              55.0208329
            ],
            [
              -3.1167434,
              55.0218499
            ],
            [
              -3.1187628,
              55.0221379
            ],
            [
              -3.1205943,
              55.0223991
            ],
            [
              -3.1218245,
              55.0225717
            ],
            [
              -3.1229711,
              55.0227326
            ],
            [
              -3.1244537,
              55.0229064
            ],
            [
              -3.1249248,
              55.0229437
            ],
            [
              -3.1259971,
              55.0230388
            ],
            [
              -3.1270271,
              55.0231004
            ],
            [
              -3.1276906,
              55.02314
            ],
            [
              -3.1295516,
              55.023152
            ],
            [
              -3.1308561,
              55.0231131
            ],
            [
              -3.1316271,
              55.0230718
            ],
            [
              -3.1331125,
              55.0230262
            ],
            [
              -3.1343359,
              55.0230193
            ],
            [
              -3.1356529,
              55.0230434
            ],
            [
              -3.1369111,
              55.0231083
            ],
            [
              -3.1381252,
              55.0232118
            ],
            [
              -3.1394327,
              55.0233618
            ],
            [
              -3.1407079,
              55.0235445
            ],
            [
              -3.1445233,
              55.0242626
            ],
            [
              -3.1477095,
              55.024898
            ],
            [
              -3.1482918,
              55.0250141
            ],
            [
              -3.1517014,
              55.0256847
            ],
            [
              -3.1572416,
              55.0267742
            ],
            [
              -3.159324,
              55.0271956
            ],
            [
              -3.1602453,
              55.0273842
            ],
            [
              -3.1617219,
              55.0277357
            ],
            [
              -3.1631251,
              55.0281131
            ],
            [
              -3.1643541,
              55.0284765
            ],
            [
              -3.1655728,
              55.0288944
            ],
            [
              -3.1661024,
              55.02908
            ],
            [
              -3.1667494,
              55.0293274
            ],
            [
              -3.16791,
              55.0297869
            ],
            [
              -3.1698,
              55.0306837
            ],
            [
              -3.1714581,
              55.0316877
            ],
            [
              -3.172756,
              55.0326584
            ],
            [
              -3.1738356,
              55.0336751
            ],
            [
              -3.1742916,
              55.034143
            ],
            [
              -3.174409,
              55.0342634
            ],
            [
              -3.1749433,
              55.0348532
            ],
            [
              -3.1760061,
              55.0360314
            ],
            [
              -3.1764432,
              55.0364333
            ],
            [
              -3.1772827,
              55.0371993
            ],
            [
              -3.177503,
              55.0373676
            ],
            [
              -3.1781782,
              55.037882
            ],
            [
              -3.1789125,
              55.0383834
            ],
            [
              -3.1797812,
              55.0389167
            ],
            [
              -3.1807131,
              55.0394338
            ],
            [
              -3.1815974,
              55.0398911
            ],
            [
              -3.1825562,
              55.0403395
            ],
            [
              -3.1837295,
              55.0408443
            ],
            [
              -3.1849653,
              55.0413146
            ],
            [
              -3.1860826,
              55.0416858
            ],
            [
              -3.1872385,
              55.0420191
            ],
            [
              -3.188499,
              55.0423283
            ],
            [
              -3.1898165,
              55.0425907
            ],
            [
              -3.1911947,
              55.0428206
            ],
            [
              -3.1932875,
              55.0431696
            ],
            [
              -3.1972298,
              55.043827
            ],
            [
              -3.198627,
              55.04406
            ],
            [
              -3.2003543,
              55.0444155
            ],
            [
              -3.2019844,
              55.0448299
            ],
            [
              -3.2031338,
              55.0451726
            ],
            [
              -3.2042083,
              55.0455396
            ],
            [
              -3.2051053,
              55.0458814
            ],
            [
              -3.205948,
              55.0462521
            ],
            [
              -3.2068583,
              55.0466776
            ],
            [
              -3.2077229,
              55.047129
            ],
            [
              -3.2091299,
              55.0479609
            ],
            [
              -3.210396,
              55.048825
            ],
            [
              -3.2111856,
              55.0494748
            ],
            [
              -3.2119288,
              55.0501399
            ],
            [
              -3.2126675,
              55.050939
            ],
            [
              -3.2133294,
              55.0517625
            ],
            [
              -3.2137555,
              55.0524239
            ],
            [
              -3.2138876,
              55.0526126
            ],
            [
              -3.2141163,
              55.0529394
            ],
            [
              -3.2144719,
              55.053479
            ],
            [
              -3.2147012,
              55.0538268
            ],
            [
              -3.2150038,
              55.054286
            ],
            [
              -3.2157205,
              55.0553735
            ],
            [
              -3.2168997,
              55.0570881
            ],
            [
              -3.2176004,
              55.057944
            ],
            [
              -3.2184219,
              55.0588038
            ],
            [
              -3.2197746,
              55.0599675
            ],
            [
              -3.2205456,
              55.0605231
            ],
            [
              -3.2213675,
              55.0610589
            ],
            [
              -3.2222802,
              55.0615738
            ],
            [
              -3.2232467,
              55.0620663
            ],
            [
              -3.2244175,
              55.0626139
            ],
            [
              -3.2249683,
              55.0628432
            ],
            [
              -3.2256577,
              55.0631302
            ],
            [
              -3.2267027,
              55.0635054
            ],
            [
              -3.2282765,
              55.0640052
            ],
            [
              -3.2292581,
              55.064275
            ],
            [
              -3.2302494,
              55.0645321
            ],
            [
              -3.2304954,
              55.0645913
            ],
            [
              -3.2310774,
              55.0647197
            ],
            [
              -3.2319793,
              55.0648957
            ],
            [
              -3.2331369,
              55.0651039
            ],
            [
              -3.2343552,
              55.0652761
            ],
            [
              -3.2357789,
              55.0654357
            ],
            [
              -3.2371748,
              55.0655519
            ],
            [
              -3.2375418,
              55.0655705
            ],
            [
              -3.2383994,
              55.065614
            ],
            [
              -3.2395801,
              55.0656373
            ],
            [
              -3.2407686,
              55.0656391
            ],
            [
              -3.2419852,
              55.0655984
            ],
            [
              -3.2431007,
              55.0655381
            ],
            [
              -3.244144,
              55.0654566
            ],
            [
              -3.2452354,
              55.0653422
            ],
            [
              -3.2463092,
              55.0652068
            ],
            [
              -3.2492973,
              55.0647807
            ],
            [
              -3.2508985,
              55.0646128
            ],
            [
              -3.2523547,
              55.064513
            ],
            [
              -3.2536823,
              55.0644531
            ],
            [
              -3.254651,
              55.0644358
            ],
            [
              -3.2562654,
              55.064446
            ],
            [
              -3.2578224,
              55.0645197
            ],
            [
              -3.2588555,
              55.0645916
            ],
            [
              -3.2599972,
              55.0647115
            ],
            [
              -3.2610467,
              55.0648382
            ],
            [
              -3.2623136,
              55.0650317
            ],
            [
              -3.2636142,
              55.0652761
            ],
            [
              -3.2639452,
              55.0653498
            ],
            [
              -3.2649178,
              55.0655663
            ],
            [
              -3.2661535,
              55.0658623
            ],
            [
              -3.2676567,
              55.0661636
            ],
            [
              -3.2689524,
              55.0663861
            ],
            [
              -3.2697771,
              55.0665046
            ],
            [
              -3.2712332,
              55.0666746
            ],
            [
              -3.2721651,
              55.066762
            ],
            [
              -3.2730913,
              55.0668267
            ],
            [
              -3.2744058,
              55.0668869
            ],
            [
              -3.2756993,
              55.0668989
            ],
            [
              -3.2764555,
              55.0668962
            ],
            [
              -3.2771734,
              55.0668806
            ],
            [
              -3.2791663,
              55.0667706
            ],
            [
              -3.2809447,
              55.0666591
            ],
            [
              -3.2870657,
              55.0662344
            ],
            [
              -3.2917386,
              55.0659101
            ],
            [
              -3.2964811,
              55.0655894
            ],
            [
              -3.2976629,
              55.065508
            ],
            [
              -3.2988579,
              55.0654492
            ],
            [
              -3.3000713,
              55.0654372
            ],
            [
              -3.3012761,
              55.0654537
            ],
            [
              -3.302335,
              55.065502
            ],
            [
              -3.3033747,
              55.0655879
            ],
            [
              -3.3054689,
              55.0658553
            ],
            [
              -3.3064965,
              55.0660416
            ],
            [
              -3.3067401,
              55.0660961
            ],
            [
              -3.307473,
              55.0662601
            ],
            [
              -3.3084522,
              55.0665164
            ],
            [
              -3.3093679,
              55.0667873
            ],
            [
              -3.3109396,
              55.0673695
            ],
            [
              -3.311774,
              55.0677387
            ],
            [
              -3.3125526,
              55.0681312
            ],
            [
              -3.3139639,
              55.0689595
            ],
            [
              -3.3151512,
              55.0698327
            ],
            [
              -3.3159802,
              55.0705541
            ],
            [
              -3.3167063,
              55.0712935
            ],
            [
              -3.3173173,
              55.0720566
            ],
            [
              -3.3178334,
              55.0728673
            ],
            [
              -3.3181438,
              55.0735395
            ],
            [
              -3.3183726,
              55.0742152
            ],
            [
              -3.3185465,
              55.0748656
            ],
            [
              -3.3186229,
              55.0755181
            ],
            [
              -3.3186221,
              55.0766248
            ],
            [
              -3.3186221,
              55.0766693
            ],
            [
              -3.3180487,
              55.083281
            ],
            [
              -3.3179638,
              55.0844974
            ],
            [
              -3.3179121,
              55.0850112
            ],
            [
              -3.31782,
              55.0867586
            ],
            [
              -3.3177636,
              55.0874315
            ],
            [
              -3.3176634,
              55.088629
            ],
            [
              -3.3176042,
              55.0893356
            ],
            [
              -3.3174963,
              55.0906205
            ],
            [
              -3.3174568,
              55.0912667
            ],
            [
              -3.3174889,
              55.091901
            ],
            [
              -3.317599,
              55.0924587
            ],
            [
              -3.3176616,
              55.0927174
            ],
            [
              -3.3177437,
              55.0930273
            ],
            [
              -3.3178261,
              55.0932788
            ],
            [
              -3.3179688,
              55.0936608
            ],
            [
              -3.3181806,
              55.0941507
            ],
            [
              -3.3184336,
              55.0946138
            ],
            [
              -3.3187387,
              55.0950943
            ],
            [
              -3.3191019,
              55.0955866
            ],
            [
              -3.3195067,
              55.0960706
            ],
            [
              -3.3198761,
              55.0964599
            ],
            [
              -3.3203304,
              55.0968881
            ],
            [
              -3.3207852,
              55.0972931
            ],
            [
              -3.3214318,
              55.0978058
            ],
            [
              -3.3220023,
              55.0981951
            ],
            [
              -3.3226672,
              55.0985868
            ],
            [
              -3.3234399,
              55.0990636
            ],
            [
              -3.3242252,
              55.0994596
            ],
            [
              -3.3250658,
              55.099862
            ],
            [
              -3.3259215,
              55.1002214
            ],
            [
              -3.3266626,
              55.1004968
            ],
            [
              -3.3274022,
              55.1007418
            ],
            [
              -3.327774,
              55.1008546
            ],
            [
              -3.3284231,
              55.1010357
            ],
            [
              -3.3290138,
              55.1011841
            ],
            [
              -3.3294757,
              55.1012896
            ],
            [
              -3.3299273,
              55.1013843
            ],
            [
              -3.3329269,
              55.1019302
            ],
            [
              -3.3344756,
              55.1022691
            ],
            [
              -3.3359864,
              55.10266
            ],
            [
              -3.3374541,
              55.1031014
            ],
            [
              -3.3388734,
              55.1035919
            ],
            [
              -3.3402394,
              55.1041296
            ],
            [
              -3.3404967,
              55.1042296
            ],
            [
              -3.3410115,
              55.1044687
            ],
            [
              -3.341991,
              55.1049236
            ],
            [
              -3.3435739,
              55.1057871
            ],
            [
              -3.3443881,
              55.1062911
            ],
            [
              -3.3451649,
              55.1068102
            ],
            [
              -3.3464181,
              55.1078262
            ],
            [
              -3.3474308,
              55.1088331
            ],
            [
              -3.3483028,
              55.1098601
            ],
            [
              -3.3491928,
              55.1110974
            ],
            [
              -3.349837,
              55.1124042
            ],
            [
              -3.3509041,
              55.1150698
            ],
            [
              -3.351383,
              55.1162963
            ],
            [
              -3.351707,
              55.1171362
            ],
            [
              -3.3520269,
              55.1179349
            ],
            [
              -3.3523314,
              55.1187021
            ],
            [
              -3.3523762,
              55.118815
            ],
            [
              -3.3524934,
              55.1191181
            ],
            [
              -3.3528029,
              55.1199017
            ],
            [
              -3.3529341,
              55.1202378
            ],
            [
              -3.353492,
              55.1216724
            ],
            [
              -3.3537635,
              55.1223983
            ],
            [
              -3.3539104,
              55.1227688
            ],
            [
              -3.3544461,
              55.1241776
            ],
            [
              -3.3549641,
              55.1255012
            ],
            [
              -3.3552967,
              55.126221
            ],
            [
              -3.3554491,
              55.1265731
            ],
            [
              -3.3555515,
              55.12687
            ],
            [
              -3.3556501,
              55.1271851
            ],
            [
              -3.356215,
              55.128574
            ],
            [
              -3.3566472,
              55.1296964
            ],
            [
              -3.3586223,
              55.1348254
            ],
            [
              -3.3590011,
              55.1358882
            ],
            [
              -3.3594495,
              55.1369285
            ],
            [
              -3.359976,
              55.1378523
            ],
            [
              -3.3606274,
              55.1387666
            ],
            [
              -3.3611279,
              55.1394139
            ],
            [
              -3.3613076,
              55.1396463
            ],
            [
              -3.3620524,
              55.14052
            ],
            [
              -3.3650886,
              55.1436832
            ],
            [
              -3.3656117,
              55.1442473
            ],
            [
              -3.3684981,
              55.1471649
            ],
            [
              -3.3693389,
              55.1479891
            ],
            [
              -3.3711677,
              55.1497818
            ],
            [
              -3.3738478,
              55.1525118
            ],
            [
              -3.3767097,
              55.15542
            ],
            [
              -3.3849207,
              55.1637626
            ],
            [
              -3.3850748,
              55.163913
            ],
            [
              -3.3858502,
              55.164702
            ],
            [
              -3.3888548,
              55.1677589
            ],
            [
              -3.3926094,
              55.1716026
            ],
            [
              -3.3945893,
              55.1739041
            ],
            [
              -3.394735,
              55.1740777
            ],
            [
              -3.3965062,
              55.176189
            ],
            [
              -3.3977519,
              55.1776722
            ],
            [
              -3.3989923,
              55.1791545
            ],
            [
              -3.400205,
              55.1806457
            ],
            [
              -3.4012591,
              55.1821379
            ],
            [
              -3.4020806,
              55.1835823
            ],
            [
              -3.402135,
              55.1836779
            ],
            [
              -3.4028761,
              55.1852662
            ],
            [
              -3.4032953,
              55.1865016
            ],
            [
              -3.4036766,
              55.1880989
            ],
            [
              -3.4038591,
              55.1896963
            ],
            [
              -3.4039184,
              55.1906961
            ],
            [
              -3.403855,
              55.1923566
            ],
            [
              -3.403702,
              55.1934102
            ],
            [
              -3.4033525,
              55.1950273
            ],
            [
              -3.4033239,
              55.1951594
            ],
            [
              -3.4028325,
              55.1969147
            ],
            [
              -3.4017771,
              55.2004057
            ],
            [
              -3.4013603,
              55.2018168
            ],
            [
              -3.3998236,
              55.2070226
            ],
            [
              -3.3992307,
              55.2090308
            ],
            [
              -3.3992148,
              55.2090796
            ],
            [
              -3.3990634,
              55.2095937
            ],
            [
              -3.3976253,
              55.2144198
            ],
            [
              -3.3976038,
              55.2144902
            ],
            [
              -3.3971485,
              55.2160244
            ],
            [
              -3.3964708,
              55.2183131
            ],
            [
              -3.3959378,
              55.2201131
            ],
            [
              -3.395927,
              55.2201523
            ],
            [
              -3.3941258,
              55.2262319
            ],
            [
              -3.3938476,
              55.2276541
            ],
            [
              -3.3937135,
              55.2291276
            ],
            [
              -3.3937433,
              55.2305933
            ],
            [
              -3.3937967,
              55.2314125
            ],
            [
              -3.3938663,
              55.2318598
            ],
            [
              -3.3939228,
              55.232223
            ],
            [
              -3.394288,
              55.2339313
            ],
            [
              -3.3943122,
              55.2340405
            ],
            [
              -3.3945215,
              55.235058
            ],
            [
              -3.3948287,
              55.2365245
            ],
            [
              -3.395512,
              55.2396203
            ],
            [
              -3.3955504,
              55.2397748
            ],
            [
              -3.3956693,
              55.2403204
            ],
            [
              -3.3958982,
              55.2413708
            ],
            [
              -3.3960044,
              55.241858
            ],
            [
              -3.396053,
              55.2420937
            ],
            [
              -3.3961907,
              55.2427302
            ],
            [
              -3.3970672,
              55.2467816
            ],
            [
              -3.3972922,
              55.2477901
            ],
            [
              -3.3973406,
              55.2480069
            ],
            [
              -3.3977913,
              55.2499739
            ],
            [
              -3.3982805,
              55.2515722
            ],
            [
              -3.3988563,
              55.2531467
            ],
            [
              -3.3996136,
              55.2548623
            ],
            [
              -3.4000093,
              55.2556536
            ],
            [
              -3.4001187,
              55.2558614
            ],
            [
              -3.4004444,
              55.2564802
            ],
            [
              -3.4009595,
              55.257357
            ],
            [
              -3.4015445,
              55.258226
            ],
            [
              -3.4018226,
              55.2586362
            ],
            [
              -3.4021253,
              55.2590418
            ],
            [
              -3.4027502,
              55.2598514
            ],
            [
              -3.4028589,
              55.2599782
            ],
            [
              -3.4033435,
              55.2605436
            ],
            [
              -3.4036894,
              55.2609279
            ],
            [
              -3.4052075,
              55.2626143
            ],
            [
              -3.4065014,
              55.2638827
            ],
            [
              -3.4065701,
              55.26395
            ],
            [
              -3.4078547,
              55.2652092
            ],
            [
              -3.4100423,
              55.2673205
            ],
            [
              -3.4182103,
              55.2752024
            ],
            [
              -3.4193456,
              55.2763175
            ],
            [
              -3.4197762,
              55.2767404
            ],
            [
              -3.4199581,
              55.276919
            ],
            [
              -3.4203877,
              55.2773411
            ],
            [
              -3.4208064,
              55.2778042
            ],
            [
              -3.4212203,
              55.2783478
            ],
            [
              -3.4214894,
              55.2787625
            ],
            [
              -3.4219244,
              55.2794882
            ],
            [
              -3.421979,
              55.2796167
            ],
            [
              -3.4225914,
              55.281058
            ],
            [
              -3.4228831,
              55.2816801
            ],
            [
              -3.423217,
              55.2823182
            ],
            [
              -3.4234697,
              55.2827639
            ],
            [
              -3.4238074,
              55.2832512
            ],
            [
              -3.4243751,
              55.2839572
            ],
            [
              -3.4248319,
              55.2844671
            ],
            [
              -3.4253177,
              55.2849635
            ],
            [
              -3.4262471,
              55.2857767
            ],
            [
              -3.4270583,
              55.2864048
            ],
            [
              -3.4279166,
              55.2869731
            ],
            [
              -3.4286294,
              55.287407
            ],
            [
              -3.4294143,
              55.2878411
            ],
            [
              -3.4300574,
              55.2881681
            ],
            [
              -3.4305611,
              55.2884027
            ],
            [
              -3.4313007,
              55.2887264
            ],
            [
              -3.4323926,
              55.2891654
            ],
            [
              -3.4330328,
              55.2894029
            ],
            [
              -3.4336679,
              55.2896384
            ],
            [
              -3.436052,
              55.290484
            ],
            [
              -3.4363573,
              55.2906107
            ],
            [
              -3.4372329,
              55.2909921
            ],
            [
              -3.4380775,
              55.2913914
            ],
            [
              -3.4396421,
              55.2921796
            ],
            [
              -3.4399059,
              55.2923223
            ],
            [
              -3.4407351,
              55.2927709
            ],
            [
              -3.4412616,
              55.2930887
            ],
            [
              -3.4417719,
              55.2934157
            ],
            [
              -3.4426295,
              55.2940288
            ],
            [
              -3.4434175,
              55.2946623
            ],
            [
              -3.4441603,
              55.2953396
            ],
            [
              -3.4447693,
              55.2959145
            ],
            [
              -3.4450961,
              55.2962577
            ],
            [
              -3.4463019,
              55.2975317
            ],
            [
              -3.4474819,
              55.2988178
            ],
            [
              -3.4476588,
              55.2990052
            ],
            [
              -3.4480855,
              55.2994571
            ],
            [
              -3.448613,
              55.3001127
            ],
            [
              -3.4512567,
              55.3029673
            ],
            [
              -3.4514509,
              55.303177
            ],
            [
              -3.4517657,
              55.3035169
            ],
            [
              -3.4518268,
              55.3035829
            ],
            [
              -3.4519921,
              55.3037593
            ],
            [
              -3.4529874,
              55.3047831
            ],
            [
              -3.4540169,
              55.3058977
            ],
            [
              -3.45483,
              55.3067699
            ],
            [
              -3.4549723,
              55.306924
            ],
            [
              -3.4555925,
              55.3075955
            ],
            [
              -3.4556084,
              55.3076127
            ],
            [
              -3.4563529,
              55.3084226
            ],
            [
              -3.4564935,
              55.3085756
            ],
            [
              -3.4565872,
              55.3086775
            ],
            [
              -3.4568814,
              55.309005
            ],
            [
              -3.457273,
              55.3094409
            ],
            [
              -3.4585904,
              55.3108523
            ],
            [
              -3.4594224,
              55.3117705
            ],
            [
              -3.4595934,
              55.3119592
            ],
            [
              -3.4603623,
              55.3127661
            ],
            [
              -3.4607775,
              55.3132105
            ],
            [
              -3.4612286,
              55.3137013
            ],
            [
              -3.4620002,
              55.3144549
            ],
            [
              -3.4625944,
              55.3149929
            ],
            [
              -3.4631406,
              55.3154271
            ],
            [
              -3.4636895,
              55.3158308
            ],
            [
              -3.4654159,
              55.317067
            ],
            [
              -3.4665823,
              55.3179555
            ],
            [
              -3.4673442,
              55.3185944
            ],
            [
              -3.4684653,
              55.3196518
            ],
            [
              -3.4694338,
              55.3207493
            ],
            [
              -3.4697568,
              55.3211154
            ],
            [
              -3.4703872,
              55.3219401
            ],
            [
              -3.4710434,
              55.322785
            ],
            [
              -3.4717472,
              55.3236451
            ],
            [
              -3.4723877,
              55.3243647
            ],
            [
              -3.4731039,
              55.3251167
            ],
            [
              -3.4732021,
              55.3252165
            ],
            [
              -3.4738391,
              55.3258637
            ],
            [
              -3.4745439,
              55.3265466
            ],
            [
              -3.4752653,
              55.3272489
            ],
            [
              -3.4768439,
              55.3287937
            ],
            [
              -3.4784221,
              55.3303472
            ],
            [
              -3.4789839,
              55.330887
            ],
            [
              -3.4794906,
              55.331399
            ],
            [
              -3.4805006,
              55.3323736
            ],
            [
              -3.4809888,
              55.3328515
            ],
            [
              -3.4825283,
              55.3343585
            ],
            [
              -3.4833372,
              55.3351019
            ],
            [
              -3.4842058,
              55.3358486
            ],
            [
              -3.4848709,
              55.3363719
            ],
            [
              -3.4854895,
              55.3367904
            ],
            [
              -3.4860464,
              55.3371645
            ],
            [
              -3.4864448,
              55.3374116
            ],
            [
              -3.4868579,
              55.337648
            ],
            [
              -3.487697,
              55.3381277
            ],
            [
              -3.4883788,
              55.338493
            ],
            [
              -3.4890612,
              55.338826
            ],
            [
              -3.4898284,
              55.3391659
            ],
            [
              -3.490507,
              55.3394436
            ],
            [
              -3.4912526,
              55.3397283
            ],
            [
              -3.4919763,
              55.3399902
            ],
            [
              -3.4926908,
              55.3402261
            ],
            [
              -3.4935532,
              55.340486
            ],
            [
              -3.4948548,
              55.3408591
            ],
            [
              -3.4958279,
              55.3411482
            ],
            [
              -3.496303,
              55.3413039
            ],
            [
              -3.4968576,
              55.3415041
            ],
            [
              -3.4978032,
              55.3418545
            ],
            [
              -3.497991,
              55.3419349
            ],
            [
              -3.4988645,
              55.3423088
            ],
            [
              -3.4996261,
              55.3426621
            ],
            [
              -3.5003767,
              55.3430454
            ],
            [
              -3.5010245,
              55.3434018
            ],
            [
              -3.501764,
              55.3438455
            ],
            [
              -3.5024494,
              55.3442738
            ],
            [
              -3.5026234,
              55.3443963
            ],
            [
              -3.5027158,
              55.3444638
            ],
            [
              -3.5035841,
              55.3450983
            ],
            [
              -3.5045952,
              55.3459487
            ],
            [
              -3.5053245,
              55.3466181
            ],
            [
              -3.5056731,
              55.3469916
            ],
            [
              -3.5061222,
              55.3474951
            ],
            [
              -3.5065595,
              55.3480355
            ],
            [
              -3.5071299,
              55.3488391
            ],
            [
              -3.5078247,
              55.3498735
            ],
            [
              -3.508255,
              55.3504633
            ],
            [
              -3.5087024,
              55.3510168
            ],
            [
              -3.5092317,
              55.3516082
            ],
            [
              -3.5098244,
              55.3522122
            ],
            [
              -3.5103121,
              55.3526502
            ],
            [
              -3.5110761,
              55.3532909
            ],
            [
              -3.5112091,
              55.3534027
            ],
            [
              -3.5115878,
              55.353721
            ],
            [
              -3.5120773,
              55.3541419
            ],
            [
              -3.512921,
              55.354828
            ],
            [
              -3.5138764,
              55.355639
            ],
            [
              -3.5147736,
              55.3564878
            ],
            [
              -3.5153305,
              55.3571264
            ],
            [
              -3.5156453,
              55.3575322
            ],
            [
              -3.5160106,
              55.3580531
            ],
            [
              -3.5163272,
              55.3585948
            ],
            [
              -3.516599,
              55.3591155
            ],
            [
              -3.5168066,
              55.3595952
            ],
            [
              -3.5170687,
              55.3603642
            ],
            [
              -3.5172183,
              55.3611254
            ],
            [
              -3.5172553,
              55.3616219
            ],
            [
              -3.5172678,
              55.3621267
            ],
            [
              -3.5172529,
              55.3624766
            ],
            [
              -3.5172132,
              55.3628051
            ],
            [
              -3.5170971,
              55.3634468
            ],
            [
              -3.516905,
              55.3641686
            ],
            [
              -3.5167819,
              55.3645548
            ],
            [
              -3.5166149,
              55.3649408
            ],
            [
              -3.5161775,
              55.3660006
            ],
            [
              -3.5159911,
              55.3664524
            ],
            [
              -3.5157733,
              55.3670581
            ],
            [
              -3.5156053,
              55.3676871
            ],
            [
              -3.5154396,
              55.3686171
            ],
            [
              -3.515405,
              55.369351
            ],
            [
              -3.515434,
              55.369821
            ],
            [
              -3.5155202,
              55.3705304
            ],
            [
              -3.5156711,
              55.3710981
            ],
            [
              -3.5158296,
              55.3716473
            ],
            [
              -3.5160583,
              55.3721979
            ],
            [
              -3.5163296,
              55.3727598
            ],
            [
              -3.5165917,
              55.3732196
            ],
            [
              -3.5172695,
              55.3741986
            ],
            [
              -3.5176862,
              55.3747145
            ],
            [
              -3.518152,
              55.3752121
            ],
            [
              -3.5186193,
              55.3756727
            ],
            [
              -3.5191465,
              55.3761347
            ],
            [
              -3.5196216,
              55.3765387
            ],
            [
              -3.5202575,
              55.3770453
            ],
            [
              -3.5212432,
              55.3778875
            ],
            [
              -3.5216122,
              55.3782666
            ],
            [
              -3.5222051,
              55.3788976
            ],
            [
              -3.5225796,
              55.3793874
            ],
            [
              -3.5227604,
              55.3796506
            ],
            [
              -3.5229236,
              55.3798881
            ],
            [
              -3.5232683,
              55.3804699
            ],
            [
              -3.5235702,
              55.3810556
            ],
            [
              -3.5240356,
              55.3821719
            ],
            [
              -3.5242381,
              55.3828097
            ],
            [
              -3.5243903,
              55.3834403
            ],
            [
              -3.5244951,
              55.3845969
            ],
            [
              -3.5245042,
              55.3847437
            ],
            [
              -3.5245773,
              55.3859298
            ],
            [
              -3.5247236,
              55.3867977
            ],
            [
              -3.5249516,
              55.3876279
            ],
            [
              -3.5250805,
              55.3879845
            ],
            [
              -3.5253127,
              55.3885187
            ],
            [
              -3.5256088,
              55.3890997
            ],
            [
              -3.525956,
              55.3896842
            ],
            [
              -3.5262085,
              55.3900499
            ],
            [
              -3.5264608,
              55.3903878
            ],
            [
              -3.5270237,
              55.3910744
            ],
            [
              -3.5279243,
              55.3919706
            ],
            [
              -3.528511,
              55.3924564
            ],
            [
              -3.5285478,
              55.3924868
            ],
            [
              -3.529207,
              55.3930208
            ],
            [
              -3.5299403,
              55.3935562
            ],
            [
              -3.5305548,
              55.3939626
            ],
            [
              -3.5312355,
              55.3943701
            ],
            [
              -3.5319549,
              55.3947637
            ],
            [
              -3.5327143,
              55.3951257
            ],
            [
              -3.5333065,
              55.3953883
            ],
            [
              -3.534083,
              55.3957183
            ],
            [
              -3.5347567,
              55.3959574
            ],
            [
              -3.5352545,
              55.396123
            ],
            [
              -3.5367362,
              55.3965353
            ],
            [
              -3.5373509,
              55.3967112
            ],
            [
              -3.5379488,
              55.3968822
            ],
            [
              -3.5384458,
              55.397014
            ],
            [
              -3.5391559,
              55.3972034
            ],
            [
              -3.5402035,
              55.3974617
            ],
            [
              -3.5413499,
              55.3976753
            ],
            [
              -3.5425647,
              55.3978727
            ],
            [
              -3.5429419,
              55.3979333
            ],
            [
              -3.543506,
              55.3980268
            ],
            [
              -3.5443579,
              55.3981708
            ],
            [
              -3.5458874,
              55.3984742
            ],
            [
              -3.5478581,
              55.3989721
            ],
            [
              -3.548282,
              55.3991007
            ],
            [
              -3.5489161,
              55.3993017
            ],
            [
              -3.5499366,
              55.3996652
            ],
            [
              -3.5505398,
              55.3998907
            ],
            [
              -3.5507012,
              55.399951
            ],
            [
              -3.551559,
              55.4003167
            ],
            [
              -3.5530501,
              55.4010316
            ],
            [
              -3.5537138,
              55.4013874
            ],
            [
              -3.5544211,
              55.4018337
            ],
            [
              -3.5549732,
              55.4022053
            ],
            [
              -3.5555542,
              55.4026466
            ],
            [
              -3.5559531,
              55.4029611
            ],
            [
              -3.5563329,
              55.4032977
            ],
            [
              -3.5567577,
              55.4036925
            ],
            [
              -3.5575296,
              55.4043007
            ],
            [
              -3.5587162,
              55.4051859
            ],
            [
              -3.5594142,
              55.4056341
            ],
            [
              -3.56008,
              55.4060263
            ],
            [
              -3.5609008,
              55.4064607
            ],
            [
              -3.5617524,
              55.4068775
            ],
            [
              -3.5632739,
              55.4075247
            ],
            [
              -3.5641925,
              55.4078766
            ],
            [
              -3.5650881,
              55.408178
            ],
            [
              -3.5657202,
              55.4083786
            ],
            [
              -3.5663985,
              55.4085681
            ],
            [
              -3.5673746,
              55.4088259
            ],
            [
              -3.5683906,
              55.4090613
            ],
            [
              -3.5697622,
              55.4093168
            ],
            [
              -3.5701521,
              55.4093806
            ],
            [
              -3.5717901,
              55.4096925
            ],
            [
              -3.5729921,
              55.4099689
            ],
            [
              -3.5738469,
              55.4101997
            ],
            [
              -3.5746276,
              55.4104233
            ],
            [
              -3.5756571,
              55.4107737
            ],
            [
              -3.5763835,
              55.4110306
            ],
            [
              -3.5776699,
              55.411556
            ],
            [
              -3.5785421,
              55.411948
            ],
            [
              -3.579391,
              55.4123695
            ],
            [
              -3.5797624,
              55.4125687
            ],
            [
              -3.5800907,
              55.4127579
            ],
            [
              -3.5807142,
              55.413143
            ],
            [
              -3.5811518,
              55.4134371
            ],
            [
              -3.5816024,
              55.4137518
            ],
            [
              -3.5820117,
              55.4140591
            ],
            [
              -3.582179,
              55.4141847
            ],
            [
              -3.5822616,
              55.4142467
            ],
            [
              -3.5826265,
              55.4145401
            ],
            [
              -3.5830214,
              55.4148576
            ],
            [
              -3.5833731,
              55.4151739
            ],
            [
              -3.5835759,
              55.4153563
            ],
            [
              -3.5840829,
              55.41586
            ],
            [
              -3.5844331,
              55.4162334
            ],
            [
              -3.5846906,
              55.4165199
            ],
            [
              -3.5849813,
              55.416869
            ],
            [
              -3.5853253,
              55.4173422
            ],
            [
              -3.5853982,
              55.417443
            ],
            [
              -3.5855433,
              55.4176436
            ],
            [
              -3.5858142,
              55.4179841
            ],
            [
              -3.5860685,
              55.4183379
            ],
            [
              -3.586325,
              55.4186428
            ],
            [
              -3.5865011,
              55.4188677
            ],
            [
              -3.5867394,
              55.4191287
            ],
            [
              -3.5870477,
              55.4194622
            ],
            [
              -3.5877141,
              55.4200877
            ],
            [
              -3.5880181,
              55.420353
            ],
            [
              -3.588297,
              55.4205819
            ],
            [
              -3.5886988,
              55.420886
            ],
            [
              -3.5891161,
              55.4212096
            ],
            [
              -3.5895395,
              55.4215003
            ],
            [
              -3.590018,
              55.4217946
            ],
            [
              -3.5905006,
              55.4220818
            ],
            [
              -3.5913796,
              55.4225811
            ],
            [
              -3.5916539,
              55.4227252
            ],
            [
              -3.5921672,
              55.4229895
            ],
            [
              -3.5932828,
              55.423482
            ],
            [
              -3.5943798,
              55.4239041
            ],
            [
              -3.5947513,
              55.4240272
            ],
            [
              -3.5955674,
              55.4242977
            ],
            [
              -3.5966405,
              55.4246075
            ],
            [
              -3.5973333,
              55.4247958
            ],
            [
              -3.5979882,
              55.4249618
            ],
            [
              -3.5986462,
              55.4251068
            ],
            [
              -3.5993257,
              55.4252453
            ],
            [
              -3.6006951,
              55.425489
            ],
            [
              -3.6017595,
              55.4256346
            ],
            [
              -3.603051,
              55.425796
            ],
            [
              -3.6086061,
              55.4264576
            ],
            [
              -3.6089606,
              55.4264998
            ],
            [
              -3.6091911,
              55.4265272
            ],
            [
              -3.6110345,
              55.4267288
            ],
            [
              -3.6122702,
              55.4268784
            ],
            [
              -3.6131984,
              55.4269941
            ],
            [
              -3.6132744,
              55.4270031
            ],
            [
              -3.6142523,
              55.4271182
            ],
            [
              -3.6171692,
              55.4274496
            ],
            [
              -3.6232815,
              55.4281679
            ],
            [
              -3.6298029,
              55.4289343
            ],
            [
              -3.6321289,
              55.4293135
            ],
            [
              -3.6336283,
              55.4295882
            ],
            [
              -3.6351014,
              55.4298974
            ],
            [
              -3.6372056,
              55.4304133
            ],
            [
              -3.6373398,
              55.4304462
            ],
            [
              -3.63931,
              55.4309847
            ],
            [
              -3.6405903,
              55.4313882
            ],
            [
              -3.641832,
              55.4318035
            ],
            [
              -3.6479118,
              55.4338572
            ],
            [
              -3.6485684,
              55.4340854
            ],
            [
              -3.6499986,
              55.4346685
            ],
            [
              -3.6500227,
              55.4346783
            ],
            [
              -3.6509817,
              55.435105
            ],
            [
              -3.651716,
              55.4354937
            ],
            [
              -3.652586,
              55.4359703
            ],
            [
              -3.653419,
              55.4365256
            ],
            [
              -3.6544329,
              55.4372947
            ],
            [
              -3.6554509,
              55.4381839
            ],
            [
              -3.6560358,
              55.4388138
            ],
            [
              -3.6562137,
              55.4390276
            ],
            [
              -3.6566736,
              55.4396477
            ],
            [
              -3.6567761,
              55.4397993
            ],
            [
              -3.6571413,
              55.4403998
            ],
            [
              -3.6575109,
              55.4411629
            ],
            [
              -3.6576998,
              55.4417508
            ],
            [
              -3.6578453,
              55.442263
            ],
            [
              -3.6579122,
              55.4428554
            ],
            [
              -3.6579241,
              55.4430217
            ],
            [
              -3.6579479,
              55.4433527
            ],
            [
              -3.6579051,
              55.4440942
            ],
            [
              -3.6578252,
              55.4447382
            ],
            [
              -3.6574733,
              55.4458008
            ],
            [
              -3.6570564,
              55.4466902
            ],
            [
              -3.6564267,
              55.4476287
            ],
            [
              -3.6557457,
              55.4483887
            ],
            [
              -3.6551746,
              55.4489376
            ],
            [
              -3.6539576,
              55.4499572
            ],
            [
              -3.6524434,
              55.4509301
            ],
            [
              -3.6509517,
              55.4518454
            ],
            [
              -3.6507847,
              55.4519581
            ],
            [
              -3.6478838,
              55.453916
            ],
            [
              -3.6470835,
              55.4546007
            ],
            [
              -3.6464904,
              55.4551986
            ],
            [
              -3.6461243,
              55.4556681
            ],
            [
              -3.6456996,
              55.456191
            ],
            [
              -3.6446928,
              55.4577718
            ],
            [
              -3.6443015,
              55.4589643
            ],
            [
              -3.6442892,
              55.4590647
            ],
            [
              -3.6441945,
              55.4598356
            ],
            [
              -3.6442314,
              55.4605455
            ],
            [
              -3.6442273,
              55.4607693
            ],
            [
              -3.6442848,
              55.4614631
            ],
            [
              -3.644527,
              55.4623642
            ],
            [
              -3.6448048,
              55.4630823
            ],
            [
              -3.6453303,
              55.4642543
            ],
            [
              -3.6461241,
              55.4653365
            ],
            [
              -3.6461638,
              55.4653907
            ],
            [
              -3.646345,
              55.4656221
            ],
            [
              -3.6469378,
              55.466379
            ],
            [
              -3.6475313,
              55.4669371
            ],
            [
              -3.6479798,
              55.4673588
            ],
            [
              -3.6480737,
              55.4674485
            ],
            [
              -3.6485802,
              55.4679325
            ],
            [
              -3.6495968,
              55.4686911
            ],
            [
              -3.6505268,
              55.4693209
            ],
            [
              -3.650719,
              55.4694452
            ],
            [
              -3.6515316,
              55.4698964
            ],
            [
              -3.6522645,
              55.4703314
            ],
            [
              -3.6526525,
              55.4705351
            ],
            [
              -3.6532697,
              55.4708592
            ],
            [
              -3.6542567,
              55.4712728
            ],
            [
              -3.6562776,
              55.4719642
            ],
            [
              -3.6575857,
              55.4723006
            ],
            [
              -3.6585364,
              55.4724995
            ],
            [
              -3.6585721,
              55.4725063
            ],
            [
              -3.6598835,
              55.4727571
            ],
            [
              -3.6606836,
              55.4728799
            ],
            [
              -3.6618993,
              55.4730195
            ],
            [
              -3.6631024,
              55.4731092
            ],
            [
              -3.664245,
              55.4731353
            ],
            [
              -3.6648523,
              55.4731329
            ],
            [
              -3.6653812,
              55.4731297
            ],
            [
              -3.6657124,
              55.4731176
            ],
            [
              -3.6670921,
              55.473067
            ],
            [
              -3.6690215,
              55.4728792
            ],
            [
              -3.6712284,
              55.4726302
            ],
            [
              -3.6726988,
              55.4725089
            ],
            [
              -3.672732,
              55.4725062
            ],
            [
              -3.6736938,
              55.4724712
            ],
            [
              -3.6745862,
              55.472461
            ],
            [
              -3.6754043,
              55.4724909
            ],
            [
              -3.6755564,
              55.4724957
            ],
            [
              -3.6766019,
              55.472557
            ],
            [
              -3.6776037,
              55.472652
            ],
            [
              -3.6789613,
              55.472843
            ],
            [
              -3.6807774,
              55.4732279
            ],
            [
              -3.6822316,
              55.473623
            ],
            [
              -3.6831941,
              55.4739639
            ],
            [
              -3.6845514,
              55.4745431
            ],
            [
              -3.6852968,
              55.4749311
            ],
            [
              -3.6861732,
              55.4754346
            ],
            [
              -3.6862756,
              55.4755002
            ],
            [
              -3.6870021,
              55.4759652
            ],
            [
              -3.6880226,
              55.4768801
            ],
            [
              -3.6881302,
              55.4769923
            ],
            [
              -3.6887656,
              55.4776913
            ],
            [
              -3.6890684,
              55.4781479
            ],
            [
              -3.6892664,
              55.4784464
            ],
            [
              -3.6897202,
              55.479319
            ],
            [
              -3.6900262,
              55.4802883
            ],
            [
              -3.6900486,
              55.4806473
            ],
            [
              -3.6901057,
              55.4815618
            ],
            [
              -3.6900518,
              55.4821299
            ],
            [
              -3.6899397,
              55.4826771
            ],
            [
              -3.689683,
              55.4834091
            ],
            [
              -3.6894016,
              55.4842117
            ],
            [
              -3.6888725,
              55.4856321
            ],
            [
              -3.6878159,
              55.4883471
            ],
            [
              -3.68722,
              55.4899066
            ],
            [
              -3.6871165,
              55.4901808
            ],
            [
              -3.6869165,
              55.4907
            ],
            [
              -3.686758,
              55.4911214
            ],
            [
              -3.686668,
              55.4913397
            ],
            [
              -3.6866112,
              55.4914795
            ],
            [
              -3.6864988,
              55.4917321
            ],
            [
              -3.6863522,
              55.4920376
            ],
            [
              -3.6862177,
              55.4922806
            ],
            [
              -3.6861649,
              55.4923733
            ],
            [
              -3.6860073,
              55.4926352
            ],
            [
              -3.6858681,
              55.492856
            ],
            [
              -3.6857247,
              55.4930779
            ],
            [
              -3.6855456,
              55.4933362
            ],
            [
              -3.6853644,
              55.4935945
            ],
            [
              -3.6852743,
              55.4937228
            ],
            [
              -3.6850948,
              55.4939795
            ],
            [
              -3.6849521,
              55.4941903
            ],
            [
              -3.6848178,
              55.4943952
            ],
            [
              -3.6846703,
              55.4946304
            ],
            [
              -3.6845477,
              55.4948444
            ],
            [
              -3.6844015,
              55.4951227
            ],
            [
              -3.6842637,
              55.4954093
            ],
            [
              -3.68415,
              55.4956873
            ],
            [
              -3.6840446,
              55.4959665
            ],
            [
              -3.6839648,
              55.4962411
            ],
            [
              -3.6838891,
              55.4965393
            ],
            [
              -3.683843,
              55.4968086
            ],
            [
              -3.6838047,
              55.497093
            ],
            [
              -3.6837894,
              55.4972414
            ],
            [
              -3.6837825,
              55.4973875
            ],
            [
              -3.6837733,
              55.4975192
            ],
            [
              -3.6837703,
              55.497651
            ],
            [
              -3.6837727,
              55.4977955
            ],
            [
              -3.6837816,
              55.4980561
            ],
            [
              -3.6838227,
              55.4984371
            ],
            [
              -3.6838754,
              55.4987477
            ],
            [
              -3.6839375,
              55.4990376
            ],
            [
              -3.6839992,
              55.4993086
            ],
            [
              -3.6840363,
              55.4994817
            ],
            [
              -3.6841736,
              55.5000423
            ],
            [
              -3.68421,
              55.5001872
            ],
            [
              -3.684321,
              55.5006395
            ],
            [
              -3.684505,
              55.5014222
            ],
            [
              -3.6846002,
              55.5018037
            ],
            [
              -3.6847542,
              55.5024072
            ],
            [
              -3.6851824,
              55.5042662
            ],
            [
              -3.6854687,
              55.5054144
            ],
            [
              -3.6856259,
              55.5063395
            ],
            [
              -3.6857096,
              55.5074589
            ],
            [
              -3.6856957,
              55.508572
            ],
            [
              -3.6856052,
              55.5095302
            ],
            [
              -3.6854026,
              55.5104942
            ],
            [
              -3.6852701,
              55.5110383
            ],
            [
              -3.6852398,
              55.5111628
            ],
            [
              -3.685027,
              55.51184
            ],
            [
              -3.6847077,
              55.5126647
            ],
            [
              -3.6839955,
              55.5140875
            ],
            [
              -3.683182,
              55.515399
            ],
            [
              -3.6825958,
              55.5161707
            ],
            [
              -3.6819813,
              55.5169489
            ],
            [
              -3.6818817,
              55.5170713
            ],
            [
              -3.6809972,
              55.5180604
            ],
            [
              -3.6798138,
              55.5191708
            ],
            [
              -3.6795143,
              55.5194581
            ],
            [
              -3.6776091,
              55.5212853
            ],
            [
              -3.6750984,
              55.5236669
            ],
            [
              -3.6732676,
              55.5254169
            ],
            [
              -3.6719705,
              55.5266609
            ],
            [
              -3.6710567,
              55.5276931
            ],
            [
              -3.6705641,
              55.5282597
            ],
            [
              -3.6701863,
              55.5287536
            ],
            [
              -3.6691893,
              55.530092
            ],
            [
              -3.6682308,
              55.5314921
            ],
            [
              -3.6681082,
              55.531657
            ],
            [
              -3.6670806,
              55.5331375
            ],
            [
              -3.6667558,
              55.5336055
            ],
            [
              -3.6650354,
              55.5361625
            ],
            [
              -3.6640167,
              55.537522
            ],
            [
              -3.6634426,
              55.5381788
            ],
            [
              -3.6627973,
              55.5388476
            ],
            [
              -3.6623823,
              55.539265
            ],
            [
              -3.6619464,
              55.5396599
            ],
            [
              -3.6610427,
              55.5404394
            ],
            [
              -3.6590393,
              55.541944
            ],
            [
              -3.6581428,
              55.5425644
            ],
            [
              -3.6568981,
              55.5433043
            ],
            [
              -3.6543577,
              55.5446424
            ],
            [
              -3.6534706,
              55.5450172
            ],
            [
              -3.6528431,
              55.5452783
            ],
            [
              -3.6512565,
              55.545945
            ],
            [
              -3.650187,
              55.5463698
            ],
            [
              -3.6466189,
              55.5477869
            ],
            [
              -3.6435468,
              55.549023
            ],
            [
              -3.6430286,
              55.5492264
            ],
            [
              -3.6428974,
              55.5492779
            ],
            [
              -3.6413506,
              55.549885
            ],
            [
              -3.6400502,
              55.5504895
            ],
            [
              -3.6392391,
              55.5508828
            ],
            [
              -3.6385269,
              55.5512825
            ],
            [
              -3.6373931,
              55.5520029
            ],
            [
              -3.6367136,
              55.5524819
            ],
            [
              -3.6361068,
              55.5529815
            ],
            [
              -3.6358216,
              55.5532491
            ],
            [
              -3.6356211,
              55.5534533
            ],
            [
              -3.635469,
              55.5536276
            ],
            [
              -3.6347276,
              55.5545329
            ],
            [
              -3.634226,
              55.5553315
            ],
            [
              -3.6339015,
              55.5560684
            ],
            [
              -3.6335981,
              55.5570397
            ],
            [
              -3.633057,
              55.5592409
            ],
            [
              -3.6330019,
              55.5593946
            ],
            [
              -3.6327261,
              55.5601633
            ],
            [
              -3.6324501,
              55.5608545
            ],
            [
              -3.6316158,
              55.5626068
            ],
            [
              -3.6311585,
              55.5633704
            ],
            [
              -3.6306766,
              55.5641343
            ],
            [
              -3.6280459,
              55.5677981
            ],
            [
              -3.6278095,
              55.5681204
            ],
            [
              -3.6266257,
              55.5697343
            ],
            [
              -3.6252918,
              55.5716352
            ],
            [
              -3.6245409,
              55.5727201
            ],
            [
              -3.6243832,
              55.5729266
            ],
            [
              -3.6237218,
              55.5737928
            ],
            [
              -3.6228187,
              55.574879
            ],
            [
              -3.6218614,
              55.5759355
            ],
            [
              -3.621103,
              55.5767188
            ],
            [
              -3.6202979,
              55.577469
            ],
            [
              -3.6194558,
              55.5781932
            ],
            [
              -3.6185185,
              55.5788604
            ],
            [
              -3.6184118,
              55.5789309
            ],
            [
              -3.617183,
              55.5797424
            ],
            [
              -3.6158315,
              55.5806826
            ],
            [
              -3.6151534,
              55.581226
            ],
            [
              -3.6144139,
              55.5818417
            ],
            [
              -3.613112,
              55.5830749
            ],
            [
              -3.6123041,
              55.5838901
            ],
            [
              -3.6115448,
              55.584783
            ],
            [
              -3.6107671,
              55.5858212
            ],
            [
              -3.6106104,
              55.5860425
            ],
            [
              -3.6100865,
              55.5867822
            ],
            [
              -3.6095486,
              55.5876522
            ],
            [
              -3.6090438,
              55.5885466
            ],
            [
              -3.6090326,
              55.5885669
            ],
            [
              -3.6079678,
              55.5905069
            ],
            [
              -3.6078187,
              55.5907625
            ],
            [
              -3.6077775,
              55.5908331
            ],
            [
              -3.6067069,
              55.5927701
            ],
            [
              -3.6057036,
              55.5945523
            ],
            [
              -3.6051252,
              55.595595
            ],
            [
              -3.6048795,
              55.5960379
            ],
            [
              -3.6042686,
              55.597139
            ],
            [
              -3.6036498,
              55.5982544
            ],
            [
              -3.6031557,
              55.5992531
            ],
            [
              -3.6030084,
              55.5996511
            ],
            [
              -3.6028374,
              55.6001133
            ],
            [
              -3.6025991,
              55.6009693
            ],
            [
              -3.6024418,
              55.6018671
            ],
            [
              -3.6023921,
              55.6026498
            ],
            [
              -3.602382,
              55.6033678
            ],
            [
              -3.6024391,
              55.6040399
            ],
            [
              -3.6025026,
              55.6045404
            ],
            [
              -3.6025254,
              55.6047204
            ],
            [
              -3.6025897,
              55.6050588
            ],
            [
              -3.6027713,
              55.6057365
            ],
            [
              -3.6030359,
              55.6065302
            ],
            [
              -3.6032126,
              55.606921
            ],
            [
              -3.6034096,
              55.6073033
            ],
            [
              -3.6037929,
              55.6079392
            ],
            [
              -3.6045479,
              55.6089522
            ],
            [
              -3.6050324,
              55.609498
            ],
            [
              -3.6051488,
              55.6096291
            ],
            [
              -3.6056476,
              55.6101019
            ],
            [
              -3.606013,
              55.610472
            ],
            [
              -3.606536,
              55.610909
            ],
            [
              -3.6081269,
              55.6121077
            ],
            [
              -3.6103524,
              55.613506
            ],
            [
              -3.6127498,
              55.6147777
            ],
            [
              -3.6175091,
              55.6170763
            ],
            [
              -3.621476,
              55.618992
            ],
            [
              -3.6272955,
              55.6218208
            ],
            [
              -3.6290209,
              55.6226655
            ],
            [
              -3.6305283,
              55.6235554
            ],
            [
              -3.6316563,
              55.6243439
            ],
            [
              -3.6327827,
              55.625248
            ],
            [
              -3.6335372,
              55.6259994
            ],
            [
              -3.6348258,
              55.6275457
            ],
            [
              -3.6354065,
              55.6284552
            ],
            [
              -3.635861,
              55.6293944
            ],
            [
              -3.636216,
              55.6302716
            ],
            [
              -3.6368365,
              55.6323875
            ],
            [
              -3.6370919,
              55.6334916
            ],
            [
              -3.6371583,
              55.633972
            ],
            [
              -3.6372444,
              55.6345945
            ],
            [
              -3.6373783,
              55.6363261
            ],
            [
              -3.6373692,
              55.6371802
            ],
            [
              -3.6372737,
              55.6380566
            ],
            [
              -3.6370642,
              55.6391027
            ],
            [
              -3.6367748,
              55.6401737
            ],
            [
              -3.6362194,
              55.6421648
            ],
            [
              -3.6356349,
              55.6441725
            ],
            [
              -3.63543,
              55.6448765
            ],
            [
              -3.6346808,
              55.6475942
            ],
            [
              -3.6339543,
              55.6502938
            ],
            [
              -3.6331878,
              55.6530302
            ],
            [
              -3.6328978,
              55.6541252
            ],
            [
              -3.6328274,
              55.6543731
            ],
            [
              -3.6327212,
              55.6547466
            ],
            [
              -3.6318421,
              55.6577644
            ],
            [
              -3.6317501,
              55.6583986
            ],
            [
              -3.6316855,
              55.6590771
            ],
            [
              -3.6316874,
              55.6596458
            ],
            [
              -3.6317224,
              55.6602003
            ],
            [
              -3.6319893,
              55.6614935
            ],
            [
              -3.6323366,
              55.6625182
            ],
            [
              -3.6327022,
              55.6632742
            ],
            [
              -3.6327999,
              55.6634762
            ],
            [
              -3.6332261,
              55.664183
            ],
            [
              -3.633863,
              55.6650819
            ],
            [
              -3.6345495,
              55.6658297
            ],
            [
              -3.6347886,
              55.6660775
            ],
            [
              -3.6350108,
              55.6662963
            ],
            [
              -3.637461,
              55.6683796
            ],
            [
              -3.6377416,
              55.6686063
            ],
            [
              -3.6378785,
              55.6687311
            ],
            [
              -3.6401205,
              55.670619
            ],
            [
              -3.6409521,
              55.6713009
            ],
            [
              -3.6419154,
              55.6720907
            ],
            [
              -3.6432386,
              55.6731703
            ],
            [
              -3.6445476,
              55.6742803
            ],
            [
              -3.6468823,
              55.6762327
            ],
            [
              -3.648063,
              55.677224
            ],
            [
              -3.6492123,
              55.6781673
            ],
            [
              -3.6495954,
              55.6784976
            ],
            [
              -3.6497928,
              55.6786678
            ],
            [
              -3.6501223,
              55.678952
            ],
            [
              -3.6507045,
              55.6794541
            ],
            [
              -3.6510748,
              55.6797734
            ],
            [
              -3.651759,
              55.6803392
            ],
            [
              -3.6529693,
              55.681326
            ],
            [
              -3.653241,
              55.6815553
            ],
            [
              -3.654604,
              55.6827033
            ],
            [
              -3.6556814,
              55.683586
            ],
            [
              -3.6559827,
              55.6838452
            ],
            [
              -3.6570598,
              55.6847264
            ],
            [
              -3.6582447,
              55.6857168
            ],
            [
              -3.6583788,
              55.6858275
            ],
            [
              -3.6585425,
              55.6859629
            ],
            [
              -3.6587331,
              55.6861171
            ],
            [
              -3.6589344,
              55.6862809
            ],
            [
              -3.6593926,
              55.6866458
            ],
            [
              -3.6594329,
              55.6866779
            ],
            [
              -3.6600784,
              55.6871524
            ],
            [
              -3.6602424,
              55.6872729
            ],
            [
              -3.6610048,
              55.6878248
            ],
            [
              -3.661214,
              55.6879782
            ],
            [
              -3.6613965,
              55.6881423
            ],
            [
              -3.6615557,
              55.688302
            ],
            [
              -3.6616911,
              55.6884579
            ],
            [
              -3.661783,
              55.6885905
            ],
            [
              -3.661858,
              55.6887406
            ],
            [
              -3.6618965,
              55.688914
            ],
            [
              -3.6619261,
              55.6890563
            ],
            [
              -3.6619343,
              55.6891694
            ],
            [
              -3.6619301,
              55.6892898
            ],
            [
              -3.6619105,
              55.6894195
            ],
            [
              -3.6618644,
              55.6895832
            ],
            [
              -3.6617952,
              55.6897387
            ],
            [
              -3.6617176,
              55.6898682
            ],
            [
              -3.6616227,
              55.6899908
            ],
            [
              -3.6615224,
              55.6900896
            ],
            [
              -3.6614237,
              55.6901868
            ],
            [
              -3.6612274,
              55.6903463
            ],
            [
              -3.6610325,
              55.6904751
            ],
            [
              -3.6608684,
              55.6905731
            ],
            [
              -3.6606802,
              55.690671
            ],
            [
              -3.6604911,
              55.6907564
            ],
            [
              -3.6602024,
              55.6908571
            ],
            [
              -3.6598314,
              55.6909595
            ],
            [
              -3.659664,
              55.6910012
            ],
            [
              -3.6584818,
              55.6912671
            ],
            [
              -3.6553463,
              55.6919629
            ],
            [
              -3.6544464,
              55.6921577
            ],
            [
              -3.6529096,
              55.6924939
            ],
            [
              -3.6522193,
              55.692652
            ],
            [
              -3.6509438,
              55.6929308
            ],
            [
              -3.6504402,
              55.6930598
            ],
            [
              -3.6500027,
              55.6931927
            ],
            [
              -3.6496682,
              55.693304
            ],
            [
              -3.6493508,
              55.6934266
            ],
            [
              -3.6490238,
              55.6935907
            ],
            [
              -3.6484911,
              55.6938792
            ],
            [
              -3.6481856,
              55.6940795
            ],
            [
              -3.6478862,
              55.6943102
            ],
            [
              -3.6476508,
              55.6945486
            ],
            [
              -3.6476399,
              55.6945618
            ],
            [
              -3.6474067,
              55.6948436
            ],
            [
              -3.647192,
              55.6951452
            ],
            [
              -3.6467809,
              55.695752
            ],
            [
              -3.6459538,
              55.696971
            ],
            [
              -3.6451585,
              55.6981957
            ],
            [
              -3.6443357,
              55.6994
            ],
            [
              -3.6411025,
              55.7042607
            ],
            [
              -3.6386421,
              55.7079523
            ],
            [
              -3.6361808,
              55.7116472
            ],
            [
              -3.6337401,
              55.7153324
            ],
            [
              -3.63127,
              55.7190192
            ],
            [
              -3.6263549,
              55.7264032
            ],
            [
              -3.6214121,
              55.7337711
            ],
            [
              -3.6209641,
              55.7344532
            ],
            [
              -3.6194438,
              55.7367088
            ],
            [
              -3.6174489,
              55.739692
            ],
            [
              -3.6154472,
              55.7426735
            ],
            [
              -3.6148299,
              55.7434883
            ],
            [
              -3.6145511,
              55.7437998
            ],
            [
              -3.6144133,
              55.7439508
            ],
            [
              -3.6142702,
              55.7441092
            ],
            [
              -3.6139871,
              55.7444056
            ],
            [
              -3.613676,
              55.7447007
            ],
            [
              -3.6127076,
              55.7455692
            ],
            [
              -3.6122187,
              55.7460084
            ],
            [
              -3.6117614,
              55.7464436
            ],
            [
              -3.6115261,
              55.7466808
            ],
            [
              -3.6113195,
              55.7469186
            ],
            [
              -3.6109364,
              55.7473458
            ],
            [
              -3.6105901,
              55.7477739
            ],
            [
              -3.6099984,
              55.7486319
            ],
            [
              -3.6095344,
              55.7494811
            ],
            [
              -3.6090885,
              55.7504733
            ],
            [
              -3.6090008,
              55.7507225
            ],
            [
              -3.6089132,
              55.7509742
            ],
            [
              -3.6087611,
              55.7514702
            ],
            [
              -3.6086872,
              55.7517927
            ],
            [
              -3.6086254,
              55.7520879
            ],
            [
              -3.6085367,
              55.7527068
            ],
            [
              -3.6084738,
              55.7534719
            ],
            [
              -3.6085235,
              55.7545253
            ],
            [
              -3.6085937,
              55.755141
            ],
            [
              -3.6087536,
              55.7558938
            ],
            [
              -3.6092726,
              55.7574565
            ],
            [
              -3.6093901,
              55.7578754
            ],
            [
              -3.6094743,
              55.7582533
            ],
            [
              -3.6095617,
              55.7586719
            ],
            [
              -3.6096014,
              55.7590804
            ],
            [
              -3.6096423,
              55.7595513
            ],
            [
              -3.6096568,
              55.7600386
            ],
            [
              -3.6096836,
              55.7609947
            ],
            [
              -3.6097865,
              55.7629282
            ],
            [
              -3.6098004,
              55.7632418
            ],
            [
              -3.6098491,
              55.7644969
            ],
            [
              -3.6098634,
              55.7647617
            ],
            [
              -3.6099189,
              55.7657907
            ],
            [
              -3.6099961,
              55.7675245
            ],
            [
              -3.6100392,
              55.7684066
            ],
            [
              -3.6100386,
              55.7692594
            ],
            [
              -3.6099873,
              55.769974
            ],
            [
              -3.6099318,
              55.7703767
            ],
            [
              -3.6098572,
              55.7707585
            ],
            [
              -3.6097549,
              55.77114
            ],
            [
              -3.6095061,
              55.7719032
            ],
            [
              -3.6093062,
              55.7723798
            ],
            [
              -3.6090677,
              55.7728505
            ],
            [
              -3.6088027,
              55.7733139
            ],
            [
              -3.6085313,
              55.7737285
            ],
            [
              -3.6082942,
              55.774065
            ],
            [
              -3.608039,
              55.7743865
            ],
            [
              -3.6075058,
              55.7750131
            ],
            [
              -3.6070953,
              55.7754614
            ],
            [
              -3.6066442,
              55.7758961
            ],
            [
              -3.6061878,
              55.7762973
            ],
            [
              -3.6057045,
              55.7766962
            ],
            [
              -3.6047687,
              55.777386
            ],
            [
              -3.603641,
              55.7781482
            ],
            [
              -3.6030808,
              55.7785318
            ],
            [
              -3.6025395,
              55.7789114
            ],
            [
              -3.6018756,
              55.7794084
            ],
            [
              -3.6012534,
              55.7799107
            ],
            [
              -3.6006787,
              55.7803954
            ],
            [
              -3.6001285,
              55.7808832
            ],
            [
              -3.5996854,
              55.7812982
            ],
            [
              -3.5991821,
              55.7817962
            ],
            [
              -3.5987025,
              55.7823018
            ],
            [
              -3.5982477,
              55.7828133
            ],
            [
              -3.597819,
              55.7833314
            ],
            [
              -3.5974291,
              55.7838188
            ],
            [
              -3.5970675,
              55.7843117
            ],
            [
              -3.5967345,
              55.7847836
            ],
            [
              -3.5964307,
              55.7852544
            ],
            [
              -3.5961392,
              55.7857344
            ],
            [
              -3.595856,
              55.7862249
            ],
            [
              -3.5952937,
              55.7871978
            ],
            [
              -3.5949989,
              55.787689
            ],
            [
              -3.594692,
              55.7881536
            ],
            [
              -3.5942725,
              55.7887157
            ],
            [
              -3.5938302,
              55.7892806
            ],
            [
              -3.592866,
              55.7903926
            ],
            [
              -3.5922508,
              55.7910193
            ],
            [
              -3.5916056,
              55.7916062
            ],
            [
              -3.588796,
              55.7940412
            ],
            [
              -3.5863449,
              55.7961454
            ],
            [
              -3.5839049,
              55.7982595
            ],
            [
              -3.5835318,
              55.7985806
            ],
            [
              -3.5814446,
              55.8003765
            ],
            [
              -3.5769986,
              55.8041978
            ],
            [
              -3.5739336,
              55.8068335
            ],
            [
              -3.566328,
              55.813373
            ],
            [
              -3.5654849,
              55.8140732
            ],
            [
              -3.564596,
              55.8147574
            ],
            [
              -3.5627872,
              55.8161012
            ],
            [
              -3.5591096,
              55.81885
            ],
            [
              -3.5554507,
              55.8215663
            ],
            [
              -3.555102,
              55.8217968
            ],
            [
              -3.5549711,
              55.8218833
            ],
            [
              -3.554537,
              55.8222375
            ],
            [
              -3.5536336,
              55.8229285
            ],
            [
              -3.5527669,
              55.8236096
            ],
            [
              -3.5518313,
              55.8242956
            ],
            [
              -3.5489664,
              55.8264341
            ],
            [
              -3.547534,
              55.8275089
            ],
            [
              -3.5460932,
              55.8285783
            ],
            [
              -3.543184,
              55.830708
            ],
            [
              -3.5417453,
              55.8317796
            ],
            [
              -3.541062,
              55.8323299
            ],
            [
              -3.5403017,
              55.8328472
            ],
            [
              -3.5397208,
              55.8332452
            ],
            [
              -3.5390869,
              55.8336406
            ],
            [
              -3.5377785,
              55.8343983
            ],
            [
              -3.5367117,
              55.8349582
            ],
            [
              -3.5356223,
              55.8355108
            ],
            [
              -3.5333773,
              55.8365974
            ],
            [
              -3.5311587,
              55.8376647
            ],
            [
              -3.5300058,
              55.838233
            ],
            [
              -3.5294435,
              55.8385069
            ],
            [
              -3.5288698,
              55.8387769
            ],
            [
              -3.5270543,
              55.8396472
            ],
            [
              -3.5245339,
              55.8408591
            ],
            [
              -3.5220358,
              55.8420573
            ],
            [
              -3.5216237,
              55.8422579
            ],
            [
              -3.5204818,
              55.8427962
            ],
            [
              -3.5199199,
              55.8430682
            ],
            [
              -3.5193632,
              55.8433451
            ],
            [
              -3.5188306,
              55.843621
            ],
            [
              -3.5183035,
              55.8439076
            ],
            [
              -3.5172724,
              55.8444969
            ],
            [
              -3.5168737,
              55.844726
            ],
            [
              -3.5164575,
              55.8449789
            ],
            [
              -3.5157009,
              55.8454814
            ],
            [
              -3.5149567,
              55.8460036
            ],
            [
              -3.5142392,
              55.8465339
            ],
            [
              -3.5138342,
              55.8468578
            ],
            [
              -3.5134394,
              55.8471909
            ],
            [
              -3.5126621,
              55.847857
            ],
            [
              -3.5119241,
              55.8485336
            ],
            [
              -3.5112151,
              55.8492229
            ],
            [
              -3.5105185,
              55.8499226
            ],
            [
              -3.5101678,
              55.8502558
            ],
            [
              -3.5097867,
              55.8505922
            ],
            [
              -3.5090094,
              55.8512502
            ],
            [
              -3.5082235,
              55.8519045
            ],
            [
              -3.5077457,
              55.8522683
            ],
            [
              -3.5070525,
              55.8527959
            ],
            [
              -3.5067073,
              55.853057
            ],
            [
              -3.5063447,
              55.8533025
            ],
            [
              -3.50562,
              55.8538135
            ],
            [
              -3.5048803,
              55.8543192
            ],
            [
              -3.5041399,
              55.8548184
            ],
            [
              -3.5039683,
              55.8549309
            ],
            [
              -3.5037637,
              55.8550597
            ],
            [
              -3.5033868,
              55.8552948
            ],
            [
              -3.5025812,
              55.8557721
            ],
            [
              -3.501766,
              55.85625
            ],
            [
              -3.499239,
              55.857596
            ],
            [
              -3.4980206,
              55.8582027
            ],
            [
              -3.4972355,
              55.8585578
            ],
            [
              -3.4964611,
              55.8589014
            ],
            [
              -3.4955748,
              55.8593063
            ],
            [
              -3.4946207,
              55.8597291
            ],
            [
              -3.494545,
              55.8597595
            ],
            [
              -3.4924961,
              55.8605809
            ],
            [
              -3.4900407,
              55.8615655
            ],
            [
              -3.4888187,
              55.8620642
            ],
            [
              -3.4875877,
              55.8625586
            ],
            [
              -3.4846733,
              55.8637663
            ],
            [
              -3.4832233,
              55.8643626
            ],
            [
              -3.4824822,
              55.864667
            ],
            [
              -3.4817641,
              55.8649715
            ],
            [
              -3.4799651,
              55.8657365
            ],
            [
              -3.479129,
              55.866127
            ],
            [
              -3.4783605,
              55.8665403
            ],
            [
              -3.4777457,
              55.8668967
            ],
            [
              -3.4772082,
              55.8672694
            ],
            [
              -3.4769241,
              55.8674714
            ],
            [
              -3.476632,
              55.8676746
            ],
            [
              -3.4759531,
              55.8681737
            ],
            [
              -3.4754357,
              55.8686274
            ],
            [
              -3.4748286,
              55.8691813
            ],
            [
              -3.4742557,
              55.8697784
            ],
            [
              -3.4739867,
              55.8700736
            ],
            [
              -3.473752,
              55.8703798
            ],
            [
              -3.4733114,
              55.8709659
            ],
            [
              -3.4728977,
              55.8715851
            ],
            [
              -3.4725542,
              55.8721829
            ],
            [
              -3.4722473,
              55.8728013
            ],
            [
              -3.4719257,
              55.8734442
            ],
            [
              -3.4717678,
              55.8737656
            ],
            [
              -3.4716041,
              55.8740281
            ],
            [
              -3.4714345,
              55.8743298
            ],
            [
              -3.4712357,
              55.8746382
            ],
            [
              -3.4709751,
              55.8749991
            ],
            [
              -3.470812,
              55.8752249
            ],
            [
              -3.4703792,
              55.8757649
            ],
            [
              -3.4699173,
              55.8762733
            ],
            [
              -3.4694246,
              55.8767763
            ],
            [
              -3.4689002,
              55.8772576
            ],
            [
              -3.4686804,
              55.877459
            ],
            [
              -3.4684582,
              55.8776426
            ],
            [
              -3.4679934,
              55.8780182
            ],
            [
              -3.4675067,
              55.8783831
            ],
            [
              -3.4670234,
              55.8787184
            ],
            [
              -3.4663417,
              55.8791497
            ],
            [
              -3.4656342,
              55.8795605
            ],
            [
              -3.4649238,
              55.8799598
            ],
            [
              -3.4641402,
              55.880366
            ],
            [
              -3.4620326,
              55.8812991
            ],
            [
              -3.4608688,
              55.8817258
            ],
            [
              -3.4602753,
              55.8819303
            ],
            [
              -3.4595776,
              55.8821592
            ],
            [
              -3.4588261,
              55.8823781
            ],
            [
              -3.4581373,
              55.8825801
            ],
            [
              -3.4569447,
              55.882886
            ],
            [
              -3.4558034,
              55.8831733
            ],
            [
              -3.4556781,
              55.8832066
            ],
            [
              -3.4555336,
              55.8832441
            ],
            [
              -3.4539169,
              55.8836636
            ],
            [
              -3.4522459,
              55.8840971
            ],
            [
              -3.4514822,
              55.8842941
            ],
            [
              -3.4499916,
              55.8846786
            ],
            [
              -3.4478228,
              55.8852381
            ],
            [
              -3.4472364,
              55.8853843
            ],
            [
              -3.4447351,
              55.886038
            ],
            [
              -3.4435104,
              55.8863487
            ],
            [
              -3.4422649,
              55.8866739
            ],
            [
              -3.4397381,
              55.8873208
            ],
            [
              -3.4395209,
              55.887376
            ],
            [
              -3.4348051,
              55.8885823
            ],
            [
              -3.4345562,
              55.8886515
            ],
            [
              -3.4343212,
              55.8887154
            ],
            [
              -3.4339842,
              55.8887999
            ],
            [
              -3.4335338,
              55.8889129
            ],
            [
              -3.4323916,
              55.8891778
            ],
            [
              -3.4318036,
              55.8893008
            ],
            [
              -3.431203,
              55.8894234
            ],
            [
              -3.4300995,
              55.8896382
            ],
            [
              -3.4289797,
              55.8898274
            ],
            [
              -3.4275025,
              55.8900441
            ],
            [
              -3.426004,
              55.8902298
            ],
            [
              -3.4256868,
              55.890263
            ],
            [
              -3.4246495,
              55.8903678
            ],
            [
              -3.424012,
              55.8904282
            ],
            [
              -3.4233787,
              55.8904732
            ],
            [
              -3.422729,
              55.8905191
            ],
            [
              -3.4220812,
              55.8905537
            ],
            [
              -3.4194822,
              55.8907001
            ],
            [
              -3.41434,
              55.8909896
            ],
            [
              -3.4094263,
              55.8912618
            ],
            [
              -3.4091659,
              55.8912802
            ],
            [
              -3.4074132,
              55.8913843
            ],
            [
              -3.4065888,
              55.8914333
            ],
            [
              -3.4052893,
              55.8915037
            ],
            [
              -3.4040128,
              55.8915747
            ],
            [
              -3.4036768,
              55.8915912
            ],
            [
              -3.3970378,
              55.8919687
            ],
            [
              -3.3937173,
              55.8921497
            ],
            [
              -3.3920351,
              55.8922447
            ],
            [
              -3.3903928,
              55.8923285
            ],
            [
              -3.3902429,
              55.8923365
            ],
            [
              -3.3883379,
              55.8924392
            ],
            [
              -3.3864618,
              55.8925546
            ],
            [
              -3.3855356,
              55.8926247
            ],
            [
              -3.3846248,
              55.8927054
            ],
            [
              -3.3838215,
              55.8927834
            ],
            [
              -3.3830252,
              55.8928709
            ],
            [
              -3.3821553,
              55.8929857
            ],
            [
              -3.3813375,
              55.893101
            ],
            [
              -3.3805309,
              55.8932249
            ],
            [
              -3.3797616,
              55.893359
            ],
            [
              -3.3789663,
              55.8934887
            ],
            [
              -3.3781553,
              55.8935951
            ],
            [
              -3.3770601,
              55.8937295
            ],
            [
              -3.3762218,
              55.8938072
            ],
            [
              -3.3753773,
              55.8938682
            ],
            [
              -3.3744181,
              55.8939267
            ],
            [
              -3.3739298,
              55.893948
            ],
            [
              -3.3736687,
              55.8939536
            ],
            [
              -3.3735411,
              55.8939569
            ],
            [
              -3.3733792,
              55.8939601
            ],
            [
              -3.3725406,
              55.8939692
            ],
            [
              -3.3716524,
              55.8939675
            ],
            [
              -3.3709772,
              55.8939362
            ],
            [
              -3.3708225,
              55.893929
            ],
            [
              -3.3700151,
              55.8938894
            ],
            [
              -3.3692938,
              55.893844
            ],
            [
              -3.36859,
              55.8937935
            ],
            [
              -3.3676654,
              55.8936999
            ],
            [
              -3.3667623,
              55.8935938
            ],
            [
              -3.3652889,
              55.893381
            ],
            [
              -3.3633381,
              55.8931048
            ],
            [
              -3.3626049,
              55.8930215
            ],
            [
              -3.3618484,
              55.8929564
            ],
            [
              -3.3610862,
              55.8929019
            ],
            [
              -3.3602663,
              55.8928614
            ],
            [
              -3.3595555,
              55.8928348
            ],
            [
              -3.3588377,
              55.8928246
            ],
            [
              -3.357961,
              55.8928237
            ],
            [
              -3.3570982,
              55.8928425
            ],
            [
              -3.3562549,
              55.8928695
            ],
            [
              -3.3554105,
              55.892924
            ],
            [
              -3.3545854,
              55.8929871
            ],
            [
              -3.3542957,
              55.8930092
            ],
            [
              -3.3531829,
              55.8931352
            ],
            [
              -3.3520335,
              55.8932886
            ],
            [
              -3.3514734,
              55.8933847
            ],
            [
              -3.3509293,
              55.8934837
            ],
            [
              -3.3427758,
              55.8949641
            ],
            [
              -3.3394654,
              55.8955732
            ],
            [
              -3.3346084,
              55.8964461
            ],
            [
              -3.3337587,
              55.8965988
            ],
            [
              -3.3308946,
              55.8971162
            ],
            [
              -3.3294795,
              55.8973777
            ],
            [
              -3.3280485,
              55.8976368
            ],
            [
              -3.3271774,
              55.8977912
            ],
            [
              -3.3263104,
              55.8979554
            ],
            [
              -3.3252581,
              55.8981845
            ],
            [
              -3.3242453,
              55.8984396
            ],
            [
              -3.3235161,
              55.8986438
            ],
            [
              -3.3227632,
              55.8988715
            ],
            [
              -3.3220606,
              55.899108
            ],
            [
              -3.3213532,
              55.899361
            ],
            [
              -3.3206965,
              55.8996102
            ],
            [
              -3.3200459,
              55.8998669
            ],
            [
              -3.3196293,
              55.9000477
            ],
            [
              -3.3195349,
              55.9000902
            ],
            [
              -3.3193771,
              55.9001572
            ],
            [
              -3.3189438,
              55.9003555
            ],
            [
              -3.3181483,
              55.9007441
            ],
            [
              -3.3176054,
              55.9010249
            ],
            [
              -3.3172657,
              55.9012027
            ],
            [
              -3.3170824,
              55.9012999
            ],
            [
              -3.316907,
              55.9014005
            ],
            [
              -3.3165821,
              55.9015949
            ],
            [
              -3.3162666,
              55.9017997
            ],
            [
              -3.315398,
              55.9023677
            ],
            [
              -3.3149393,
              55.9026997
            ],
            [
              -3.3145323,
              55.9030363
            ],
            [
              -3.3138138,
              55.9036566
            ],
            [
              -3.313181,
              55.9042545
            ],
            [
              -3.3124772,
              55.9048942
            ],
            [
              -3.3121098,
              55.905193
            ],
            [
              -3.3117946,
              55.9054432
            ],
            [
              -3.311172,
              55.9059037
            ],
            [
              -3.3105731,
              55.9063165
            ],
            [
              -3.3099505,
              55.9067148
            ],
            [
              -3.3089866,
              55.9072911
            ],
            [
              -3.3084086,
              55.9076043
            ],
            [
              -3.3078543,
              55.9078843
            ],
            [
              -3.3072696,
              55.9081619
            ],
            [
              -3.3066639,
              55.9084296
            ],
            [
              -3.305849,
              55.908782
            ],
            [
              -3.3051558,
              55.9090488
            ],
            [
              -3.304502,
              55.9092867
            ],
            [
              -3.3037108,
              55.9095403
            ],
            [
              -3.3029266,
              55.9097883
            ],
            [
              -3.3017054,
              55.9101196
            ],
            [
              -3.3006498,
              55.9103844
            ],
            [
              -3.3005557,
              55.910407
            ],
            [
              -3.2973183,
              55.9111723
            ],
            [
              -3.2969624,
              55.9112534
            ],
            [
              -3.2939299,
              55.9119617
            ],
            [
              -3.2936109,
              55.9120382
            ],
            [
              -3.2897286,
              55.9129426
            ],
            [
              -3.2888246,
              55.9131546
            ],
            [
              -3.2864543,
              55.9137308
            ],
            [
              -3.285808,
              55.9138855
            ],
            [
              -3.2847264,
              55.9141466
            ],
            [
              -3.2845721,
              55.9141838
            ],
            [
              -3.284253,
              55.9142584
            ],
            [
              -3.2826751,
              55.9146317
            ],
            [
              -3.2816859,
              55.9148527
            ],
            [
              -3.2816294,
              55.9148672
            ],
            [
              -3.2813426,
              55.9149306
            ],
            [
              -3.2782387,
              55.9156573
            ],
            [
              -3.2779931,
              55.9157148
            ],
            [
              -3.2731662,
              55.916845
            ],
            [
              -3.2690939,
              55.9178068
            ],
            [
              -3.2670609,
              55.9182877
            ],
            [
              -3.2654499,
              55.9186652
            ],
            [
              -3.2650334,
              55.9187628
            ],
            [
              -3.2647276,
              55.9188375
            ],
            [
              -3.2644383,
              55.9189082
            ],
            [
              -3.2632512,
              55.9191855
            ],
            [
              -3.2620964,
              55.919462
            ],
            [
              -3.2615929,
              55.9195771
            ],
            [
              -3.2602344,
              55.9198907
            ],
            [
              -3.2583473,
              55.9203383
            ],
            [
              -3.2572664,
              55.9206122
            ],
            [
              -3.2561952,
              55.9209198
            ],
            [
              -3.2545431,
              55.9214834
            ],
            [
              -3.2529734,
              55.9221016
            ],
            [
              -3.2520097,
              55.9225516
            ],
            [
              -3.2511596,
              55.9229689
            ],
            [
              -3.2510713,
              55.9230131
            ],
            [
              -3.2498837,
              55.9235858
            ],
            [
              -3.2487103,
              55.9241518
            ],
            [
              -3.2471521,
              55.9249149
            ],
            [
              -3.2456476,
              55.9256688
            ],
            [
              -3.2453569,
              55.9258144
            ],
            [
              -3.2451392,
              55.9259231
            ],
            [
              -3.2447471,
              55.9261165
            ],
            [
              -3.2436971,
              55.9266312
            ],
            [
              -3.2432239,
              55.9268595
            ],
            [
              -3.242915,
              55.9270085
            ],
            [
              -3.2423873,
              55.927264
            ],
            [
              -3.2403478,
              55.9282514
            ],
            [
              -3.2400532,
              55.928394
            ],
            [
              -3.23959,
              55.9286285
            ],
            [
              -3.2376925,
              55.9295421
            ],
            [
              -3.2367284,
              55.9300143
            ],
            [
              -3.2357905,
              55.9305198
            ],
            [
              -3.2353805,
              55.9307652
            ],
            [
              -3.2350164,
              55.9310388
            ],
            [
              -3.2346718,
              55.9312971
            ],
            [
              -3.2343729,
              55.931569
            ],
            [
              -3.2341925,
              55.9317341
            ],
            [
              -3.2338177,
              55.9320827
            ],
            [
              -3.2335414,
              55.9323978
            ],
            [
              -3.2332747,
              55.9327488
            ],
            [
              -3.2331527,
              55.9329253
            ],
            [
              -3.2330488,
              55.9331044
            ],
            [
              -3.2328974,
              55.9333732
            ],
            [
              -3.2327015,
              55.9337209
            ],
            [
              -3.2324306,
              55.9343512
            ],
            [
              -3.2320403,
              55.9351195
            ],
            [
              -3.2315982,
              55.9358184
            ],
            [
              -3.231336,
              55.9361947
            ],
            [
              -3.2310422,
              55.9365656
            ],
            [
              -3.2307058,
              55.9369308
            ],
            [
              -3.2303865,
              55.9373044
            ],
            [
              -3.2302018,
              55.9375333
            ],
            [
              -3.2300262,
              55.937763
            ],
            [
              -3.2298467,
              55.9379976
            ],
            [
              -3.2296763,
              55.9382477
            ],
            [
              -3.2294769,
              55.9385503
            ],
            [
              -3.2293555,
              55.9387639
            ],
            [
              -3.2283822,
              55.9403542
            ],
            [
              -3.2281368,
              55.9408139
            ],
            [
              -3.2280737,
              55.9409152
            ],
            [
              -3.227661,
              55.9415533
            ],
            [
              -3.2273272,
              55.9420482
            ],
            [
              -3.2271846,
              55.9422119
            ],
            [
              -3.2270446,
              55.942358
            ],
            [
              -3.2268167,
              55.9425962
            ],
            [
              -3.2265798,
              55.9428039
            ],
            [
              -3.2263137,
              55.9430167
            ],
            [
              -3.2260393,
              55.9432023
            ],
            [
              -3.2257552,
              55.9433777
            ],
            [
              -3.2257485,
              55.9433819
            ],
            [
              -3.2252256,
              55.9436612
            ],
            [
              -3.2250288,
              55.9437453
            ],
            [
              -3.2246709,
              55.9438906
            ],
            [
              -3.2241707,
              55.9440686
            ],
            [
              -3.2238861,
              55.9441601
            ],
            [
              -3.2235885,
              55.9442455
            ],
            [
              -3.223103,
              55.9443751
            ],
            [
              -3.2226974,
              55.9444644
            ],
            [
              -3.2218041,
              55.9446632
            ],
            [
              -3.2213888,
              55.944751
            ],
            [
              -3.2212574,
              55.9447788
            ],
            [
              -3.2210978,
              55.9448125
            ],
            [
              -3.2202228,
              55.9449659
            ],
            [
              -3.219527,
              55.945074
            ],
            [
              -3.2188798,
              55.9451852
            ],
            [
              -3.2188162,
              55.9451976
            ],
            [
              -3.2182675,
              55.9453042
            ],
            [
              -3.217606,
              55.9454518
            ],
            [
              -3.217387,
              55.9455006
            ],
            [
              -3.2165484,
              55.9456941
            ],
            [
              -3.2148352,
              55.9460894
            ],
            [
              -3.2135655,
              55.9463879
            ],
            [
              -3.2121561,
              55.9467193
            ],
            [
              -3.2081804,
              55.947677
            ],
            [
              -3.2076363,
              55.9478157
            ],
            [
              -3.2067769,
              55.9480349
            ],
            [
              -3.2060786,
              55.9482073
            ],
            [
              -3.2048799,
              55.9486019
            ],
            [
              -3.2039866,
              55.9489484
            ],
            [
              -3.2039539,
              55.9489631
            ],
            [
              -3.2027637,
              55.9494663
            ],
            [
              -3.2023647,
              55.9496036
            ],
            [
              -3.2021434,
              55.9496717
            ],
            [
              -3.2020104,
              55.9497127
            ],
            [
              -3.2019378,
              55.9497308
            ],
            [
              -3.2016521,
              55.9498022
            ],
            [
              -3.2011368,
              55.9499134
            ],
            [
              -3.2007465,
              55.9499833
            ],
            [
              -3.2006809,
              55.949995
            ],
            [
              -3.2004645,
              55.9500335
            ],
            [
              -3.1995885,
              55.9501919
            ],
            [
              -3.1991853,
              55.9502615
            ],
            [
              -3.1984959,
              55.9503742
            ],
            [
              -3.1979712,
              55.9504543
            ],
            [
              -3.1972646,
              55.9505407
            ],
            [
              -3.1969397,
              55.9505931
            ],
            [
              -3.1965638,
              55.9506514
            ],
            [
              -3.1959518,
              55.9507595
            ],
            [
              -3.1948877,
              55.9509475
            ],
            [
              -3.1948331,
              55.9509556
            ],
            [
              -3.1946508,
              55.9509866
            ],
            [
              -3.1942096,
              55.9510616
            ],
            [
              -3.1940285,
              55.9510932
            ],
            [
              -3.1937494,
              55.9511419
            ],
            [
              -3.1933305,
              55.9511803
            ],
            [
              -3.1930816,
              55.9512041
            ],
            [
              -3.1928297,
              55.951227
            ],
            [
              -3.1918438,
              55.9513097
            ],
            [
              -3.1917346,
              55.9513193
            ],
            [
              -3.1913758,
              55.9513656
            ],
            [
              -3.1902271,
              55.9515344
            ],
            [
              -3.1891325,
              55.9516951
            ],
            [
              -3.1902271,
              55.9515344
            ],
            [
              -3.1913758,
              55.9513656
            ],
            [
              -3.1917346,
              55.9513193
            ],
            [
              -3.1918438,
              55.9513097
            ],
            [
              -3.1928297,
              55.951227
            ],
            [
              -3.1930816,
              55.9512041
            ],
            [
              -3.1933305,
              55.9511803
            ],
            [
              -3.1937494,
              55.9511419
            ],
            [
              -3.1939127,
              55.9511279
            ],
            [
              -3.1941919,
              55.9510995
            ],
            [
              -3.1946854,
              55.9510467
            ],
            [
              -3.1948652,
              55.951016
            ],
            [
              -3.1949566,
              55.9510007
            ],
            [
              -3.1952856,
              55.9509462
            ],
            [
              -3.1959806,
              55.9508254
            ],
            [
              -3.1959877,
              55.9508242
            ],
            [
              -3.1961606,
              55.9507924
            ],
            [
              -3.1965988,
              55.9507148
            ],
            [
              -3.1968647,
              55.9506714
            ],
            [
              -3.1972951,
              55.9506012
            ],
            [
              -3.1982295,
              55.9504454
            ],
            [
              -3.1986573,
              55.9503759
            ],
            [
              -3.1992956,
              55.9502704
            ],
            [
              -3.1995093,
              55.9502306
            ],
            [
              -3.199903,
              55.9501626
            ],
            [
              -3.2007654,
              55.9500124
            ],
            [
              -3.2011666,
              55.9499386
            ],
            [
              -3.2016789,
              55.9498322
            ],
            [
              -3.2019578,
              55.9497576
            ],
            [
              -3.2020423,
              55.9497368
            ],
            [
              -3.2021667,
              55.9496996
            ],
            [
              -3.2023904,
              55.9496326
            ],
            [
              -3.2027925,
              55.9494949
            ],
            [
              -3.2039826,
              55.9489932
            ],
            [
              -3.2040234,
              55.948976
            ],
            [
              -3.2049006,
              55.9486424
            ],
            [
              -3.2060975,
              55.9482359
            ],
            [
              -3.2068036,
              55.9480605
            ],
            [
              -3.2076559,
              55.947843
            ],
            [
              -3.2082073,
              55.9477023
            ],
            [
              -3.2085185,
              55.9476283
            ],
            [
              -3.212183,
              55.946757
            ],
            [
              -3.2135893,
              55.9464313
            ],
            [
              -3.2148753,
              55.9461335
            ],
            [
              -3.2173668,
              55.9455331
            ],
            [
              -3.2174168,
              55.9455221
            ],
            [
              -3.2183083,
              55.9453266
            ],
            [
              -3.2188329,
              55.9452239
            ],
            [
              -3.2189023,
              55.9452103
            ],
            [
              -3.2195329,
              55.9451027
            ],
            [
              -3.2205543,
              55.9449416
            ],
            [
              -3.2211336,
              55.944841
            ],
            [
              -3.2211941,
              55.9448284
            ],
            [
              -3.221258,
              55.944815
            ],
            [
              -3.221781,
              55.9447056
            ],
            [
              -3.2227174,
              55.9444969
            ],
            [
              -3.2230806,
              55.9444154
            ],
            [
              -3.2239242,
              55.9442291
            ],
            [
              -3.2269993,
              55.9435408
            ],
            [
              -3.2290439,
              55.9430832
            ],
            [
              -3.2291755,
              55.9430537
            ],
            [
              -3.2293913,
              55.9430037
            ],
            [
              -3.2314703,
              55.942542
            ],
            [
              -3.2315773,
              55.942518
            ],
            [
              -3.2327494,
              55.9422544
            ],
            [
              -3.2329272,
              55.9422121
            ],
            [
              -3.2353086,
              55.9416815
            ],
            [
              -3.2364903,
              55.9414143
            ],
            [
              -3.2367141,
              55.9413637
            ],
            [
              -3.2384049,
              55.9409848
            ],
            [
              -3.2386456,
              55.9409312
            ],
            [
              -3.2400854,
              55.9406171
            ],
            [
              -3.2418413,
              55.9402162
            ],
            [
              -3.2428941,
              55.9399793
            ],
            [
              -3.2439373,
              55.9397474
            ],
            [
              -3.2450699,
              55.939491
            ],
            [
              -3.2454712,
              55.9394001
            ],
            [
              -3.2455168,
              55.9393908
            ],
            [
              -3.2456769,
              55.9393583
            ],
            [
              -3.2460049,
              55.9392907
            ],
            [
              -3.2473311,
              55.9389868
            ],
            [
              -3.2479128,
              55.9388616
            ],
            [
              -3.2495121,
              55.9384953
            ],
            [
              -3.2502965,
              55.9383239
            ],
            [
              -3.25044,
              55.9382874
            ],
            [
              -3.2505735,
              55.9382575
            ],
            [
              -3.2529446,
              55.937727
            ],
            [
              -3.2539298,
              55.9375065
            ],
            [
              -3.2574047,
              55.9367382
            ],
            [
              -3.2648637,
              55.9350573
            ],
            [
              -3.2666564,
              55.9346567
            ],
            [
              -3.270525,
              55.9337859
            ],
            [
              -3.2735585,
              55.9331154
            ],
            [
              -3.2736235,
              55.933101
            ],
            [
              -3.2745335,
              55.9328924
            ],
            [
              -3.2748572,
              55.9328178
            ],
            [
              -3.2856586,
              55.9303959
            ],
            [
              -3.2860301,
              55.9303189
            ],
            [
              -3.2877077,
              55.9299829
            ],
            [
              -3.2893143,
              55.9297054
            ],
            [
              -3.2913277,
              55.9294136
            ],
            [
              -3.2918865,
              55.9293319
            ],
            [
              -3.2943613,
              55.9290083
            ],
            [
              -3.2951263,
              55.9289268
            ],
            [
              -3.3058734,
              55.9277819
            ],
            [
              -3.306064,
              55.9277618
            ],
            [
              -3.3068741,
              55.9276721
            ],
            [
              -3.3133605,
              55.9269539
            ],
            [
              -3.3157626,
              55.9266959
            ],
            [
              -3.3176331,
              55.9264998
            ],
            [
              -3.3190732,
              55.9263488
            ],
            [
              -3.322854,
              55.926059
            ],
            [
              -3.3246865,
              55.9259756
            ],
            [
              -3.3266323,
              55.9259189
            ],
            [
              -3.3294693,
              55.9258922
            ],
            [
              -3.331662,
              55.9259275
            ],
            [
              -3.3335364,
              55.9260235
            ],
            [
              -3.3353411,
              55.926173
            ],
            [
              -3.3370481,
              55.9263447
            ],
            [
              -3.3390009,
              55.9266056
            ],
            [
              -3.3400662,
              55.9267815
            ],
            [
              -3.3406342,
              55.9268753
            ],
            [
              -3.342764,
              55.9272894
            ],
            [
              -3.3437895,
              55.927521
            ],
            [
              -3.3520213,
              55.9295888
            ],
            [
              -3.3522325,
              55.9296418
            ],
            [
              -3.3584073,
              55.9311845
            ],
            [
              -3.3588381,
              55.9312921
            ],
            [
              -3.3597685,
              55.9315246
            ],
            [
              -3.3608723,
              55.9317812
            ],
            [
              -3.3622063,
              55.9320879
            ],
            [
              -3.3641321,
              55.9324933
            ],
            [
              -3.3674689,
              55.933108
            ],
            [
              -3.3726621,
              55.9339182
            ],
            [
              -3.3763562,
              55.9343905
            ],
            [
              -3.3777831,
              55.9345365
            ],
            [
              -3.3784268,
              55.9345907
            ],
            [
              -3.379137,
              55.9346505
            ],
            [
              -3.3812485,
              55.9347851
            ],
            [
              -3.3830557,
              55.9348742
            ],
            [
              -3.3856116,
              55.9349226
            ],
            [
              -3.3871799,
              55.9349224
            ],
            [
              -3.3887603,
              55.9348933
            ],
            [
              -3.3897734,
              55.9348599
            ],
            [
              -3.3909177,
              55.9348088
            ],
            [
              -3.3929706,
              55.9346788
            ],
            [
              -3.3957438,
              55.9344652
            ],
            [
              -3.3962113,
              55.9344292
            ],
            [
              -3.3962757,
              55.9344242
            ],
            [
              -3.397846,
              55.9343042
            ],
            [
              -3.4002934,
              55.9341199
            ],
            [
              -3.4008698,
              55.9340759
            ],
            [
              -3.4018899,
              55.9339982
            ],
            [
              -3.4064262,
              55.9336528
            ],
            [
              -3.4076698,
              55.9335835
            ],
            [
              -3.4085137,
              55.9335442
            ],
            [
              -3.4093151,
              55.9335232
            ],
            [
              -3.4102342,
              55.9335093
            ],
            [
              -3.4103969,
              55.9335072
            ],
            [
              -3.4107088,
              55.9335041
            ],
            [
              -3.4112035,
              55.9335064
            ],
            [
              -3.4119449,
              55.9335112
            ],
            [
              -3.4125587,
              55.9335231
            ],
            [
              -3.4130966,
              55.9335394
            ],
            [
              -3.4138615,
              55.9335682
            ],
            [
              -3.4146624,
              55.9336081
            ],
            [
              -3.4159041,
              55.9336915
            ],
            [
              -3.4171344,
              55.9338035
            ],
            [
              -3.4178793,
              55.9338737
            ],
            [
              -3.4189248,
              55.933994
            ],
            [
              -3.419922,
              55.9341254
            ],
            [
              -3.4213419,
              55.9343344
            ],
            [
              -3.4226983,
              55.934564
            ],
            [
              -3.4238777,
              55.9347847
            ],
            [
              -3.4251204,
              55.9350473
            ],
            [
              -3.4261916,
              55.9353021
            ],
            [
              -3.4272544,
              55.9355697
            ],
            [
              -3.4274234,
              55.9356168
            ],
            [
              -3.4294143,
              55.9361714
            ],
            [
              -3.431734,
              55.9369623
            ],
            [
              -3.4341417,
              55.9378848
            ],
            [
              -3.4355272,
              55.9384902
            ],
            [
              -3.4370903,
              55.9392643
            ],
            [
              -3.4383014,
              55.9399453
            ],
            [
              -3.4384385,
              55.940031
            ],
            [
              -3.4388444,
              55.9402846
            ],
            [
              -3.4393417,
              55.9406219
            ],
            [
              -3.4403377,
              55.9412911
            ],
            [
              -3.4411217,
              55.9418818
            ],
            [
              -3.441921,
              55.9425845
            ],
            [
              -3.4420705,
              55.9427163
            ],
            [
              -3.4428106,
              55.9434375
            ],
            [
              -3.4431534,
              55.9438569
            ],
            [
              -3.4435279,
              55.9443152
            ],
            [
              -3.4452132,
              55.9465575
            ],
            [
              -3.4459635,
              55.9474494
            ],
            [
              -3.4467334,
              55.9483266
            ],
            [
              -3.4472978,
              55.9489104
            ],
            [
              -3.4474941,
              55.9491134
            ],
            [
              -3.4483841,
              55.9499606
            ],
            [
              -3.4492535,
              55.9507371
            ],
            [
              -3.4501723,
              55.9515281
            ],
            [
              -3.4511182,
              55.9522736
            ],
            [
              -3.4519171,
              55.9528578
            ],
            [
              -3.4522689,
              55.9531076
            ],
            [
              -3.4526306,
              55.9533652
            ],
            [
              -3.4538052,
              55.9542017
            ],
            [
              -3.4539338,
              55.9543049
            ],
            [
              -3.4544383,
              55.9547233
            ],
            [
              -3.4548602,
              55.9550901
            ],
            [
              -3.4552831,
              55.9555143
            ],
            [
              -3.4560415,
              55.9563319
            ],
            [
              -3.4568108,
              55.9573072
            ],
            [
              -3.45743,
              55.9582697
            ],
            [
              -3.4581428,
              55.9596526
            ],
            [
              -3.4589165,
              55.9611536
            ],
            [
              -3.459283,
              55.9618009
            ],
            [
              -3.4594788,
              55.9621177
            ],
            [
              -3.4597072,
              55.9624376
            ],
            [
              -3.4600017,
              55.9628136
            ],
            [
              -3.4601286,
              55.9629757
            ],
            [
              -3.460302,
              55.9631971
            ],
            [
              -3.4607261,
              55.9636779
            ],
            [
              -3.4608967,
              55.9638713
            ],
            [
              -3.4609805,
              55.9639663
            ],
            [
              -3.4613759,
              55.9643645
            ],
            [
              -3.4617796,
              55.9647392
            ],
            [
              -3.462468,
              55.9653218
            ],
            [
              -3.4629485,
              55.965703
            ],
            [
              -3.4634332,
              55.9660494
            ],
            [
              -3.4643158,
              55.9666654
            ],
            [
              -3.464779,
              55.9669613
            ],
            [
              -3.4652519,
              55.9672517
            ],
            [
              -3.465867,
              55.9675746
            ],
            [
              -3.4664503,
              55.9678792
            ],
            [
              -3.466947,
              55.9681215
            ],
            [
              -3.4674426,
              55.9683465
            ],
            [
              -3.4693351,
              55.9691407
            ],
            [
              -3.4701265,
              55.9694459
            ],
            [
              -3.4710558,
              55.9697504
            ],
            [
              -3.4712752,
              55.969819
            ],
            [
              -3.47194,
              55.9700267
            ],
            [
              -3.4729713,
              55.9703097
            ],
            [
              -3.4736401,
              55.9704933
            ],
            [
              -3.4749445,
              55.9708288
            ],
            [
              -3.4751237,
              55.970874
            ],
            [
              -3.4763498,
              55.9711835
            ],
            [
              -3.4775562,
              55.971436
            ],
            [
              -3.4793431,
              55.9717911
            ],
            [
              -3.481,
              55.9720788
            ],
            [
              -3.4824513,
              55.9722946
            ],
            [
              -3.4839816,
              55.972517
            ],
            [
              -3.485566,
              55.9727267
            ],
            [
              -3.4877445,
              55.9730417
            ],
            [
              -3.4897502,
              55.973383
            ],
            [
              -3.4918953,
              55.9737757
            ],
            [
              -3.4947545,
              55.9742733
            ],
            [
              -3.4958483,
              55.9744636
            ],
            [
              -3.4976407,
              55.9747084
            ],
            [
              -3.49926,
              55.9749101
            ],
            [
              -3.5007385,
              55.9750781
            ],
            [
              -3.5029975,
              55.9753061
            ],
            [
              -3.5052384,
              55.9755735
            ],
            [
              -3.5090401,
              55.976126
            ],
            [
              -3.5150786,
              55.9772734
            ],
            [
              -3.5160711,
              55.9774716
            ],
            [
              -3.5172588,
              55.9776732
            ],
            [
              -3.5183378,
              55.9778377
            ],
            [
              -3.518713,
              55.9778949
            ],
            [
              -3.5195116,
              55.9779993
            ],
            [
              -3.5203119,
              55.9780892
            ],
            [
              -3.521199,
              55.9781863
            ],
            [
              -3.522004,
              55.9782604
            ],
            [
              -3.5228199,
              55.9783301
            ],
            [
              -3.5236408,
              55.9783883
            ],
            [
              -3.5237623,
              55.9783958
            ],
            [
              -3.5247514,
              55.9784464
            ],
            [
              -3.5257288,
              55.9784885
            ],
            [
              -3.5266705,
              55.97851
            ],
            [
              -3.5275817,
              55.9785201
            ],
            [
              -3.5300091,
              55.9785321
            ],
            [
              -3.5337282,
              55.9785361
            ],
            [
              -3.5338823,
              55.978536
            ],
            [
              -3.5361509,
              55.9785273
            ],
            [
              -3.5387423,
              55.9785307
            ],
            [
              -3.5482723,
              55.9785432
            ],
            [
              -3.5572021,
              55.9785502
            ],
            [
              -3.5722531,
              55.9785621
            ],
            [
              -3.5742475,
              55.978547
            ],
            [
              -3.5759573,
              55.9784978
            ],
            [
              -3.5775885,
              55.978438
            ],
            [
              -3.5785521,
              55.9783963
            ],
            [
              -3.5807593,
              55.9782669
            ],
            [
              -3.5831032,
              55.9780911
            ],
            [
              -3.5839069,
              55.9780248
            ],
            [
              -3.5839864,
              55.9780164
            ],
            [
              -3.5854737,
              55.9778592
            ],
            [
              -3.5860956,
              55.9777835
            ],
            [
              -3.5877097,
              55.9775812
            ],
            [
              -3.5908574,
              55.977136
            ],
            [
              -3.5918667,
              55.9769932
            ],
            [
              -3.5923712,
              55.9769142
            ],
            [
              -3.5931804,
              55.976796
            ],
            [
              -3.5932935,
              55.9767788
            ],
            [
              -3.5938383,
              55.9766968
            ],
            [
              -3.5940197,
              55.9766701
            ],
            [
              -3.5942383,
              55.9766379
            ],
            [
              -3.5943643,
              55.9766196
            ],
            [
              -3.595068,
              55.9765171
            ],
            [
              -3.5957662,
              55.9764096
            ],
            [
              -3.5960461,
              55.9763716
            ],
            [
              -3.5962116,
              55.976347
            ],
            [
              -3.5992748,
              55.9759399
            ],
            [
              -3.6001806,
              55.9758318
            ],
            [
              -3.601098,
              55.9757224
            ],
            [
              -3.6024971,
              55.9755505
            ],
            [
              -3.6036855,
              55.9753858
            ],
            [
              -3.6042869,
              55.9753067
            ],
            [
              -3.6049864,
              55.9751993
            ],
            [
              -3.60564,
              55.9750971
            ],
            [
              -3.6064731,
              55.9749644
            ],
            [
              -3.6065301,
              55.9749553
            ],
            [
              -3.6074977,
              55.9748079
            ],
            [
              -3.6076259,
              55.9747944
            ],
            [
              -3.6096854,
              55.9745826
            ],
            [
              -3.6107542,
              55.9744857
            ],
            [
              -3.6109921,
              55.9744699
            ],
            [
              -3.6118712,
              55.9744051
            ],
            [
              -3.6126691,
              55.9743666
            ],
            [
              -3.6133416,
              55.9743341
            ],
            [
              -3.6157475,
              55.974287
            ],
            [
              -3.6159076,
              55.974286
            ],
            [
              -3.6172798,
              55.9742541
            ],
            [
              -3.6186686,
              55.9742229
            ],
            [
              -3.6231353,
              55.9741291
            ],
            [
              -3.6233436,
              55.9741277
            ],
            [
              -3.624627,
              55.9741285
            ],
            [
              -3.6253254,
              55.9741289
            ],
            [
              -3.6264952,
              55.9741649
            ],
            [
              -3.6278332,
              55.9742288
            ],
            [
              -3.6279422,
              55.9742362
            ],
            [
              -3.6292718,
              55.9743282
            ],
            [
              -3.6303704,
              55.9744347
            ],
            [
              -3.6304294,
              55.9744409
            ],
            [
              -3.6318008,
              55.9745843
            ],
            [
              -3.636716,
              55.975081
            ],
            [
              -3.639914,
              55.9754086
            ],
            [
              -3.6441732,
              55.9758448
            ],
            [
              -3.6492121,
              55.9763609
            ],
            [
              -3.6492863,
              55.9763685
            ],
            [
              -3.6494058,
              55.976379
            ],
            [
              -3.6497242,
              55.9764078
            ],
            [
              -3.6512006,
              55.9765577
            ],
            [
              -3.6524472,
              55.9767215
            ],
            [
              -3.6536685,
              55.976891
            ],
            [
              -3.6556518,
              55.9771963
            ],
            [
              -3.6596383,
              55.9779041
            ],
            [
              -3.660719,
              55.978096
            ],
            [
              -3.6630214,
              55.9784837
            ],
            [
              -3.6648888,
              55.9787489
            ],
            [
              -3.6651168,
              55.9787813
            ],
            [
              -3.667202,
              55.9790164
            ],
            [
              -3.6789765,
              55.9801333
            ],
            [
              -3.6806803,
              55.9802812
            ],
            [
              -3.6821491,
              55.9804262
            ],
            [
              -3.68451,
              55.9806998
            ],
            [
              -3.6859248,
              55.9808963
            ],
            [
              -3.6870178,
              55.9810655
            ],
            [
              -3.6872906,
              55.9811115
            ],
            [
              -3.6880203,
              55.9812346
            ],
            [
              -3.689129,
              55.9814426
            ],
            [
              -3.6902378,
              55.9816631
            ],
            [
              -3.6923644,
              55.9821305
            ],
            [
              -3.6945786,
              55.9826475
            ],
            [
              -3.695663,
              55.9828782
            ],
            [
              -3.6967028,
              55.9830795
            ],
            [
              -3.6980986,
              55.9833019
            ],
            [
              -3.6995137,
              55.9834846
            ],
            [
              -3.7007163,
              55.9836065
            ],
            [
              -3.7020523,
              55.9837013
            ],
            [
              -3.7034655,
              55.9837487
            ],
            [
              -3.7050743,
              55.9837669
            ],
            [
              -3.7054792,
              55.9837667
            ],
            [
              -3.7073427,
              55.9837658
            ],
            [
              -3.7076245,
              55.983767
            ],
            [
              -3.7091588,
              55.9838323
            ],
            [
              -3.7101101,
              55.9838994
            ],
            [
              -3.7110563,
              55.983976
            ],
            [
              -3.712501,
              55.9841582
            ],
            [
              -3.71329,
              55.9842795
            ],
            [
              -3.7136899,
              55.9843496
            ],
            [
              -3.714182,
              55.9844389
            ],
            [
              -3.7144634,
              55.9844899
            ],
            [
              -3.7155917,
              55.984703
            ],
            [
              -3.7159736,
              55.9847751
            ],
            [
              -3.7160454,
              55.9847887
            ],
            [
              -3.7171525,
              55.9849556
            ],
            [
              -3.718671,
              55.9851446
            ],
            [
              -3.7190079,
              55.9851828
            ],
            [
              -3.7201325,
              55.9852799
            ],
            [
              -3.7203914,
              55.9853022
            ],
            [
              -3.7215537,
              55.9854279
            ],
            [
              -3.7223642,
              55.9855278
            ],
            [
              -3.7228539,
              55.9855798
            ],
            [
              -3.7233303,
              55.9856291
            ],
            [
              -3.72392,
              55.9856729
            ],
            [
              -3.724446,
              55.9857012
            ],
            [
              -3.7254302,
              55.9857541
            ],
            [
              -3.7266588,
              55.9858136
            ],
            [
              -3.7288853,
              55.9858989
            ],
            [
              -3.7296887,
              55.9859297
            ],
            [
              -3.7309671,
              55.9860337
            ],
            [
              -3.7321377,
              55.9861629
            ],
            [
              -3.7324449,
              55.9861983
            ],
            [
              -3.7350274,
              55.9864956
            ],
            [
              -3.7375186,
              55.9867801
            ],
            [
              -3.7397472,
              55.9870613
            ],
            [
              -3.7398636,
              55.987076
            ],
            [
              -3.7446176,
              55.9877818
            ],
            [
              -3.7469441,
              55.9881234
            ],
            [
              -3.7475831,
              55.9882374
            ],
            [
              -3.7481897,
              55.9883642
            ],
            [
              -3.7487901,
              55.9885305
            ],
            [
              -3.7492603,
              55.9886902
            ],
            [
              -3.7495943,
              55.988823
            ],
            [
              -3.7498894,
              55.9889585
            ],
            [
              -3.7503504,
              55.9892059
            ],
            [
              -3.7507037,
              55.9894216
            ],
            [
              -3.7510332,
              55.9896346
            ],
            [
              -3.7513454,
              55.9899058
            ],
            [
              -3.7516045,
              55.9901725
            ],
            [
              -3.7517511,
              55.9903156
            ],
            [
              -3.7518529,
              55.9904619
            ],
            [
              -3.7520616,
              55.990757
            ],
            [
              -3.752202,
              55.9910743
            ],
            [
              -3.7522928,
              55.9913508
            ],
            [
              -3.7523437,
              55.9916173
            ],
            [
              -3.7523934,
              55.9920177
            ],
            [
              -3.7524105,
              55.9924199
            ],
            [
              -3.7524122,
              55.992433
            ],
            [
              -3.752464,
              55.9928317
            ],
            [
              -3.7525391,
              55.9932401
            ],
            [
              -3.7526119,
              55.9934974
            ],
            [
              -3.7527027,
              55.9937514
            ],
            [
              -3.7527298,
              55.9938283
            ],
            [
              -3.752741,
              55.99386
            ],
            [
              -3.7528576,
              55.9941514
            ],
            [
              -3.7531462,
              55.9946088
            ],
            [
              -3.7535233,
              55.99507
            ],
            [
              -3.7541349,
              55.9956749
            ],
            [
              -3.754667,
              55.9960438
            ],
            [
              -3.7551698,
              55.9963383
            ],
            [
              -3.7553194,
              55.996426
            ],
            [
              -3.7557074,
              55.9966131
            ],
            [
              -3.7564619,
              55.9969543
            ],
            [
              -3.7569824,
              55.9971454
            ],
            [
              -3.7574476,
              55.9973022
            ],
            [
              -3.7583412,
              55.9975396
            ],
            [
              -3.7654606,
              55.9993559
            ],
            [
              -3.7665055,
              55.9996197
            ],
            [
              -3.7684006,
              56.0000984
            ],
            [
              -3.769522,
              56.0003765
            ],
            [
              -3.7705671,
              56.0006174
            ],
            [
              -3.7712672,
              56.0007631
            ],
            [
              -3.7719573,
              56.000897
            ],
            [
              -3.7726959,
              56.0010268
            ],
            [
              -3.7734268,
              56.0011443
            ],
            [
              -3.7740266,
              56.0012303
            ],
            [
              -3.7746305,
              56.0013097
            ],
            [
              -3.7749513,
              56.0013459
            ],
            [
              -3.7757814,
              56.001426
            ],
            [
              -3.7766708,
              56.0015193
            ],
            [
              -3.7768982,
              56.0015372
            ],
            [
              -3.7770831,
              56.0015518
            ],
            [
              -3.780953,
              56.001947
            ],
            [
              -3.7816417,
              56.0020176
            ],
            [
              -3.7842361,
              56.0022632
            ],
            [
              -3.7845866,
              56.0023027
            ],
            [
              -3.7852366,
              56.0023668
            ],
            [
              -3.7867303,
              56.0025089
            ],
            [
              -3.7893344,
              56.0027716
            ],
            [
              -3.7909982,
              56.0029369
            ],
            [
              -3.7916224,
              56.0030008
            ],
            [
              -3.792899,
              56.0031316
            ],
            [
              -3.7929888,
              56.0031404
            ],
            [
              -3.7930554,
              56.0031467
            ],
            [
              -3.7944219,
              56.0032758
            ],
            [
              -3.7957642,
              56.0034313
            ],
            [
              -3.7961805,
              56.0034794
            ],
            [
              -3.7966939,
              56.0035607
            ],
            [
              -3.7971393,
              56.0036379
            ],
            [
              -3.7977392,
              56.0037648
            ],
            [
              -3.7982212,
              56.0038738
            ],
            [
              -3.7988966,
              56.0040509
            ],
            [
              -3.7995894,
              56.004263
            ],
            [
              -3.7998423,
              56.0043447
            ],
            [
              -3.800335,
              56.0044959
            ],
            [
              -3.8011135,
              56.0047368
            ],
            [
              -3.8029679,
              56.0053105
            ],
            [
              -3.8033024,
              56.0053952
            ],
            [
              -3.8036993,
              56.0054971
            ],
            [
              -3.8040346,
              56.0055796
            ],
            [
              -3.8042787,
              56.0056351
            ],
            [
              -3.8047004,
              56.0057217
            ],
            [
              -3.8051623,
              56.0058124
            ],
            [
              -3.8059417,
              56.0059409
            ],
            [
              -3.8064717,
              56.0060088
            ],
            [
              -3.8072299,
              56.0060918
            ],
            [
              -3.8074632,
              56.0061143
            ],
            [
              -3.807992,
              56.0061581
            ],
            [
              -3.8085573,
              56.0061985
            ],
            [
              -3.8092797,
              56.0062317
            ],
            [
              -3.809459,
              56.0062347
            ],
            [
              -3.8099503,
              56.0062429
            ],
            [
              -3.8106472,
              56.0062297
            ],
            [
              -3.8112861,
              56.0061894
            ],
            [
              -3.8120756,
              56.0061192
            ],
            [
              -3.8128702,
              56.0060618
            ],
            [
              -3.8136582,
              56.0060304
            ],
            [
              -3.8142921,
              56.0060207
            ],
            [
              -3.8147937,
              56.0060227
            ],
            [
              -3.8153623,
              56.006052
            ],
            [
              -3.8157307,
              56.006071
            ],
            [
              -3.8160526,
              56.006085
            ],
            [
              -3.8164157,
              56.0061055
            ],
            [
              -3.8169436,
              56.006137
            ],
            [
              -3.8176641,
              56.0061823
            ],
            [
              -3.8182442,
              56.0062366
            ],
            [
              -3.8189026,
              56.0063054
            ],
            [
              -3.8193355,
              56.0063607
            ],
            [
              -3.8196715,
              56.0064037
            ],
            [
              -3.8202307,
              56.0064956
            ],
            [
              -3.8221226,
              56.0068427
            ],
            [
              -3.8271008,
              56.0077562
            ],
            [
              -3.8282897,
              56.0079743
            ],
            [
              -3.8284346,
              56.008004
            ],
            [
              -3.8299674,
              56.0083057
            ],
            [
              -3.8302843,
              56.0083782
            ],
            [
              -3.8306798,
              56.0084917
            ],
            [
              -3.8310879,
              56.0086227
            ],
            [
              -3.8314637,
              56.0087728
            ],
            [
              -3.8317783,
              56.0089181
            ],
            [
              -3.8321962,
              56.009143
            ],
            [
              -3.8323627,
              56.0092402
            ],
            [
              -3.8325723,
              56.0093769
            ],
            [
              -3.8329,
              56.0096262
            ],
            [
              -3.8331492,
              56.009853
            ],
            [
              -3.8333296,
              56.0100727
            ],
            [
              -3.8335031,
              56.0103102
            ],
            [
              -3.8336585,
              56.0105458
            ],
            [
              -3.8337954,
              56.0107968
            ],
            [
              -3.8338891,
              56.0110472
            ],
            [
              -3.8339472,
              56.0113102
            ],
            [
              -3.8339227,
              56.0116756
            ],
            [
              -3.8338991,
              56.0119135
            ],
            [
              -3.8337941,
              56.0122451
            ],
            [
              -3.8335796,
              56.0127625
            ],
            [
              -3.8333745,
              56.0132397
            ],
            [
              -3.8332586,
              56.0135578
            ],
            [
              -3.8331662,
              56.0138205
            ],
            [
              -3.8331549,
              56.0138452
            ],
            [
              -3.8331448,
              56.0138675
            ],
            [
              -3.8328887,
              56.0144294
            ],
            [
              -3.8323668,
              56.0154987
            ],
            [
              -3.8315252,
              56.0174033
            ],
            [
              -3.8308325,
              56.0189216
            ],
            [
              -3.8304829,
              56.0196931
            ],
            [
              -3.8301936,
              56.0203316
            ],
            [
              -3.8299297,
              56.0211407
            ],
            [
              -3.8298568,
              56.0214329
            ],
            [
              -3.8298093,
              56.0216236
            ],
            [
              -3.829751,
              56.0218964
            ],
            [
              -3.8297406,
              56.0219459
            ],
            [
              -3.8296897,
              56.0223393
            ],
            [
              -3.8296672,
              56.0226493
            ],
            [
              -3.8296643,
              56.0227929
            ],
            [
              -3.8296846,
              56.0230747
            ],
            [
              -3.8297308,
              56.0234234
            ],
            [
              -3.8298187,
              56.0239135
            ],
            [
              -3.8298362,
              56.0240114
            ],
            [
              -3.8299021,
              56.0243345
            ],
            [
              -3.8299669,
              56.0246836
            ],
            [
              -3.8299986,
              56.0248231
            ],
            [
              -3.8300145,
              56.0248999
            ],
            [
              -3.8300957,
              56.0252493
            ],
            [
              -3.8302703,
              56.0259786
            ],
            [
              -3.830435,
              56.0265743
            ],
            [
              -3.8308219,
              56.0277966
            ],
            [
              -3.8311546,
              56.0288605
            ],
            [
              -3.8316456,
              56.0305189
            ],
            [
              -3.8318167,
              56.0310982
            ],
            [
              -3.8321808,
              56.0323305
            ],
            [
              -3.833611,
              56.0370418
            ],
            [
              -3.8338188,
              56.037688
            ],
            [
              -3.8341115,
              56.0386588
            ],
            [
              -3.8344135,
              56.0395951
            ],
            [
              -3.8345702,
              56.0400053
            ],
            [
              -3.8346692,
              56.0402646
            ],
            [
              -3.8350636,
              56.041089
            ],
            [
              -3.8355658,
              56.0420029
            ],
            [
              -3.8360926,
              56.0428032
            ],
            [
              -3.8366503,
              56.0435862
            ],
            [
              -3.8372727,
              56.0443073
            ],
            [
              -3.8377256,
              56.0448287
            ],
            [
              -3.8383819,
              56.0455618
            ],
            [
              -3.8389025,
              56.0461314
            ],
            [
              -3.8398721,
              56.0472419
            ],
            [
              -3.8405109,
              56.0479641
            ],
            [
              -3.841161,
              56.0486902
            ],
            [
              -3.8417248,
              56.0493303
            ],
            [
              -3.8424026,
              56.0500995
            ],
            [
              -3.8428093,
              56.0505778
            ],
            [
              -3.8429572,
              56.0507482
            ],
            [
              -3.8432129,
              56.0510252
            ],
            [
              -3.8437336,
              56.051593
            ],
            [
              -3.8440544,
              56.0519597
            ],
            [
              -3.8440957,
              56.0520063
            ],
            [
              -3.844723,
              56.0527123
            ],
            [
              -3.8452803,
              56.0533376
            ],
            [
              -3.8459582,
              56.054117
            ],
            [
              -3.8468578,
              56.0550925
            ],
            [
              -3.848195,
              56.0564293
            ],
            [
              -3.8488882,
              56.0570555
            ],
            [
              -3.8495359,
              56.0576264
            ],
            [
              -3.8510265,
              56.0589272
            ],
            [
              -3.8520463,
              56.0597822
            ],
            [
              -3.8530661,
              56.0606973
            ],
            [
              -3.8540736,
              56.0615935
            ],
            [
              -3.8550411,
              56.0624106
            ],
            [
              -3.8559161,
              56.0631451
            ],
            [
              -3.8565483,
              56.0636952
            ],
            [
              -3.8577555,
              56.0646295
            ],
            [
              -3.8586952,
              56.0653553
            ],
            [
              -3.8601002,
              56.0663736
            ],
            [
              -3.8611909,
              56.0671303
            ],
            [
              -3.8623463,
              56.0678802
            ],
            [
              -3.8639515,
              56.068931
            ],
            [
              -3.8653965,
              56.0698769
            ],
            [
              -3.8671373,
              56.071024
            ],
            [
              -3.8686316,
              56.072006
            ],
            [
              -3.8699441,
              56.0728709
            ],
            [
              -3.8714199,
              56.0738374
            ],
            [
              -3.8718174,
              56.0741039
            ],
            [
              -3.8733548,
              56.0751322
            ],
            [
              -3.8750402,
              56.0762705
            ],
            [
              -3.8760692,
              56.0770581
            ],
            [
              -3.8771881,
              56.077981
            ],
            [
              -3.878376,
              56.0791404
            ],
            [
              -3.8788586,
              56.079646
            ],
            [
              -3.8797398,
              56.0806454
            ],
            [
              -3.8807414,
              56.0819389
            ],
            [
              -3.8811449,
              56.0824445
            ],
            [
              -3.8820863,
              56.0833885
            ],
            [
              -3.8829746,
              56.0841508
            ],
            [
              -3.8837559,
              56.0847496
            ],
            [
              -3.8849003,
              56.0855333
            ],
            [
              -3.8859065,
              56.0861174
            ],
            [
              -3.8864513,
              56.0864146
            ],
            [
              -3.8876465,
              56.0869953
            ],
            [
              -3.8887666,
              56.0874818
            ],
            [
              -3.8899232,
              56.0879184
            ],
            [
              -3.8913766,
              56.0884186
            ],
            [
              -3.8930435,
              56.0889572
            ],
            [
              -3.8941411,
              56.0893338
            ],
            [
              -3.8945416,
              56.0894851
            ],
            [
              -3.8957084,
              56.0899257
            ],
            [
              -3.8970175,
              56.0904633
            ],
            [
              -3.8980867,
              56.0909509
            ],
            [
              -3.8992575,
              56.0915315
            ],
            [
              -3.8994119,
              56.091616
            ],
            [
              -3.9002088,
              56.092052
            ],
            [
              -3.9013005,
              56.0926948
            ],
            [
              -3.9018496,
              56.0930471
            ],
            [
              -3.9026132,
              56.0935541
            ],
            [
              -3.9027381,
              56.0936468
            ],
            [
              -3.9031424,
              56.0939115
            ],
            [
              -3.9036712,
              56.0942754
            ],
            [
              -3.9049806,
              56.0952021
            ],
            [
              -3.9060146,
              56.0959329
            ],
            [
              -3.9070556,
              56.0966687
            ],
            [
              -3.9081045,
              56.0974101
            ],
            [
              -3.9089237,
              56.0979746
            ],
            [
              -3.9096692,
              56.0984883
            ],
            [
              -3.9099372,
              56.0986922
            ],
            [
              -3.9102115,
              56.0988807
            ],
            [
              -3.9105822,
              56.0991225
            ],
            [
              -3.9114158,
              56.0997112
            ],
            [
              -3.9127257,
              56.1006593
            ],
            [
              -3.9138535,
              56.1014459
            ],
            [
              -3.9143965,
              56.1018337
            ],
            [
              -3.9148015,
              56.102123
            ],
            [
              -3.9158966,
              56.102894
            ],
            [
              -3.9174374,
              56.1039752
            ],
            [
              -3.9186229,
              56.1048069
            ],
            [
              -3.9195772,
              56.1054502
            ],
            [
              -3.9202977,
              56.1059594
            ],
            [
              -3.9210288,
              56.1064941
            ],
            [
              -3.9218143,
              56.1070375
            ],
            [
              -3.9224558,
              56.1075052
            ],
            [
              -3.9234938,
              56.1082321
            ],
            [
              -3.9245479,
              56.1089605
            ],
            [
              -3.9259283,
              56.1099378
            ],
            [
              -3.9266285,
              56.1104979
            ],
            [
              -3.9270978,
              56.1109209
            ],
            [
              -3.9275529,
              56.1113293
            ],
            [
              -3.9279134,
              56.1116831
            ],
            [
              -3.9282845,
              56.1120914
            ],
            [
              -3.9286462,
              56.1125031
            ],
            [
              -3.9288815,
              56.1128017
            ],
            [
              -3.929422,
              56.1135658
            ],
            [
              -3.9297233,
              56.1140574
            ],
            [
              -3.9299452,
              56.1144736
            ],
            [
              -3.9302364,
              56.1150338
            ],
            [
              -3.9303988,
              56.1153314
            ],
            [
              -3.9306049,
              56.1156625
            ],
            [
              -3.9308132,
              56.115972
            ],
            [
              -3.9309931,
              56.1162176
            ],
            [
              -3.9314017,
              56.1167286
            ],
            [
              -3.9316065,
              56.1169727
            ],
            [
              -3.9316263,
              56.1169962
            ],
            [
              -3.9318888,
              56.1172611
            ],
            [
              -3.9320807,
              56.1174687
            ],
            [
              -3.9322611,
              56.1176396
            ],
            [
              -3.9323053,
              56.1176815
            ],
            [
              -3.9325349,
              56.1178753
            ],
            [
              -3.9325583,
              56.117895
            ],
            [
              -3.932663,
              56.1179839
            ],
            [
              -3.9335387,
              56.1186979
            ],
            [
              -3.9336268,
              56.1187704
            ],
            [
              -3.9336761,
              56.1188109
            ],
            [
              -3.9339612,
              56.1190456
            ],
            [
              -3.9342146,
              56.1192526
            ],
            [
              -3.9345446,
              56.1195293
            ],
            [
              -3.9348611,
              56.1198119
            ],
            [
              -3.9350706,
              56.1200132
            ],
            [
              -3.935191,
              56.1201288
            ],
            [
              -3.9355504,
              56.1205752
            ],
            [
              -3.9358655,
              56.1210297
            ],
            [
              -3.9360021,
              56.1212441
            ],
            [
              -3.9360774,
              56.1213624
            ],
            [
              -3.9362236,
              56.1217451
            ],
            [
              -3.9363398,
              56.122108
            ],
            [
              -3.9363994,
              56.1223838
            ],
            [
              -3.9364656,
              56.1227926
            ],
            [
              -3.9365072,
              56.1233224
            ],
            [
              -3.9365021,
              56.1235144
            ],
            [
              -3.936478,
              56.1238032
            ],
            [
              -3.9364305,
              56.1240617
            ],
            [
              -3.9363809,
              56.1243322
            ],
            [
              -3.9362068,
              56.1248165
            ],
            [
              -3.9359253,
              56.1253624
            ],
            [
              -3.9354096,
              56.1261984
            ],
            [
              -3.9352704,
              56.126424
            ],
            [
              -3.934639,
              56.1274516
            ],
            [
              -3.9343654,
              56.1278657
            ],
            [
              -3.9340999,
              56.1283187
            ],
            [
              -3.9338075,
              56.1290123
            ],
            [
              -3.9336439,
              56.129528
            ],
            [
              -3.9335997,
              56.1297605
            ],
            [
              -3.9335179,
              56.1302769
            ],
            [
              -3.9335051,
              56.1305999
            ],
            [
              -3.9335152,
              56.1309428
            ],
            [
              -3.9335614,
              56.1313503
            ],
            [
              -3.9336292,
              56.1317546
            ],
            [
              -3.9337378,
              56.132197
            ],
            [
              -3.9338599,
              56.1325512
            ],
            [
              -3.9340262,
              56.1329436
            ],
            [
              -3.9342468,
              56.1333749
            ],
            [
              -3.9345063,
              56.1337896
            ],
            [
              -3.9346485,
              56.1339844
            ],
            [
              -3.9348288,
              56.1342314
            ],
            [
              -3.9350575,
              56.1344995
            ],
            [
              -3.935618,
              56.1351019
            ],
            [
              -3.9359359,
              56.1354088
            ],
            [
              -3.9362805,
              56.1357087
            ],
            [
              -3.936766,
              56.1360831
            ],
            [
              -3.9369601,
              56.1362251
            ],
            [
              -3.9374258,
              56.1365658
            ],
            [
              -3.9411284,
              56.1392233
            ],
            [
              -3.9425515,
              56.1402438
            ],
            [
              -3.942978,
              56.1405546
            ],
            [
              -3.9460438,
              56.1427334
            ],
            [
              -3.9471777,
              56.1435542
            ],
            [
              -3.9483141,
              56.1443655
            ],
            [
              -3.9488977,
              56.1447821
            ],
            [
              -3.9496567,
              56.1453409
            ],
            [
              -3.9500805,
              56.1456562
            ],
            [
              -3.9504426,
              56.1459087
            ],
            [
              -3.9511051,
              56.1463749
            ],
            [
              -3.9518079,
              56.1469069
            ],
            [
              -3.9522826,
              56.1472894
            ],
            [
              -3.9529612,
              56.1479005
            ],
            [
              -3.9537122,
              56.1486296
            ],
            [
              -3.9543989,
              56.1493901
            ],
            [
              -3.9547932,
              56.1498368
            ],
            [
              -3.9554288,
              56.150669
            ],
            [
              -3.9558077,
              56.1512077
            ],
            [
              -3.9560229,
              56.1515714
            ],
            [
              -3.9562943,
              56.1520759
            ],
            [
              -3.956345,
              56.1521836
            ],
            [
              -3.9563634,
              56.1522239
            ],
            [
              -3.9564429,
              56.1523977
            ],
            [
              -3.9566351,
              56.1528331
            ],
            [
              -3.9568058,
              56.153266
            ],
            [
              -3.9569449,
              56.1537101
            ],
            [
              -3.9570673,
              56.1541766
            ],
            [
              -3.9571732,
              56.1546441
            ],
            [
              -3.9572416,
              56.1552253
            ],
            [
              -3.9572792,
              56.1559513
            ],
            [
              -3.9572657,
              56.1568371
            ],
            [
              -3.957204,
              56.1573853
            ],
            [
              -3.9571317,
              56.1576989
            ],
            [
              -3.956901,
              56.1586169
            ],
            [
              -3.9567548,
              56.1591016
            ],
            [
              -3.9565896,
              56.1595911
            ],
            [
              -3.9563847,
              56.1600665
            ],
            [
              -3.956143,
              56.1605448
            ],
            [
              -3.9558629,
              56.1610478
            ],
            [
              -3.9553973,
              56.1618465
            ],
            [
              -3.9549601,
              56.162777
            ],
            [
              -3.9548153,
              56.1631787
            ],
            [
              -3.9546946,
              56.16357
            ],
            [
              -3.9546007,
              56.1639763
            ],
            [
              -3.9545229,
              56.164381
            ],
            [
              -3.9544961,
              56.1647902
            ],
            [
              -3.9544746,
              56.1651576
            ],
            [
              -3.9544988,
              56.1656415
            ],
            [
              -3.9545136,
              56.1658513
            ],
            [
              -3.9545538,
              56.1661379
            ],
            [
              -3.9546651,
              56.1666316
            ],
            [
              -3.9547979,
              56.1671132
            ],
            [
              -3.9549669,
              56.1675552
            ],
            [
              -3.9551479,
              56.1679398
            ],
            [
              -3.9553812,
              56.1683281
            ],
            [
              -3.9556548,
              56.1687537
            ],
            [
              -3.9562731,
              56.1695876
            ],
            [
              -3.9571207,
              56.1705538
            ],
            [
              -3.9577537,
              56.1713736
            ],
            [
              -3.9581936,
              56.172053
            ],
            [
              -3.9585074,
              56.1725815
            ],
            [
              -3.9588561,
              56.1733445
            ],
            [
              -3.9593032,
              56.1744337
            ],
            [
              -3.9595899,
              56.1750293
            ],
            [
              -3.9598169,
              56.1754067
            ],
            [
              -3.9624561,
              56.1801146
            ],
            [
              -3.9630403,
              56.1811842
            ],
            [
              -3.9632805,
              56.1816126
            ],
            [
              -3.9633059,
              56.1816574
            ],
            [
              -3.9636331,
              56.1822575
            ],
            [
              -3.96436,
              56.1835145
            ],
            [
              -3.964577,
              56.1838982
            ],
            [
              -3.9649071,
              56.1844817
            ],
            [
              -3.9651125,
              56.1848447
            ],
            [
              -3.9653662,
              56.1852931
            ],
            [
              -3.9660973,
              56.1865851
            ],
            [
              -3.9661892,
              56.1867476
            ],
            [
              -3.9665513,
              56.1873971
            ],
            [
              -3.9666244,
              56.1875322
            ],
            [
              -3.9668769,
              56.1879991
            ],
            [
              -3.9670005,
              56.18825
            ],
            [
              -3.9670524,
              56.1883685
            ],
            [
              -3.9672248,
              56.1887764
            ],
            [
              -3.9672946,
              56.1889823
            ],
            [
              -3.9673587,
              56.1891713
            ],
            [
              -3.967464,
              56.1895558
            ],
            [
              -3.9675537,
              56.1899497
            ],
            [
              -3.9676081,
              56.1903184
            ],
            [
              -3.9676557,
              56.1907579
            ],
            [
              -3.9676506,
              56.191387
            ],
            [
              -3.9676325,
              56.1917352
            ],
            [
              -3.9675976,
              56.1920725
            ],
            [
              -3.9675142,
              56.19246
            ],
            [
              -3.9674966,
              56.192542
            ],
            [
              -3.9674585,
              56.1927189
            ],
            [
              -3.9672612,
              56.193361
            ],
            [
              -3.9671816,
              56.1935758
            ],
            [
              -3.9670135,
              56.1939469
            ],
            [
              -3.9667322,
              56.1945322
            ],
            [
              -3.9665806,
              56.1948252
            ],
            [
              -3.9663865,
              56.1951398
            ],
            [
              -3.9661736,
              56.1954493
            ],
            [
              -3.9659627,
              56.1957159
            ],
            [
              -3.9656393,
              56.196115
            ],
            [
              -3.9653351,
              56.1964493
            ],
            [
              -3.9650168,
              56.1967712
            ],
            [
              -3.9645157,
              56.1972849
            ],
            [
              -3.9640389,
              56.1978135
            ],
            [
              -3.9636138,
              56.1983871
            ],
            [
              -3.9632184,
              56.1989984
            ],
            [
              -3.9630243,
              56.1993376
            ],
            [
              -3.9628396,
              56.1997259
            ],
            [
              -3.962696,
              56.2000639
            ],
            [
              -3.9624081,
              56.2010225
            ],
            [
              -3.9622622,
              56.2017827
            ],
            [
              -3.9622367,
              56.2020027
            ],
            [
              -3.9622277,
              56.2022676
            ],
            [
              -3.9622223,
              56.2028196
            ],
            [
              -3.9622401,
              56.2040073
            ],
            [
              -3.9622519,
              56.2043979
            ],
            [
              -3.9622696,
              56.2050627
            ],
            [
              -3.9622654,
              56.2055436
            ],
            [
              -3.9622728,
              56.2061758
            ],
            [
              -3.9622599,
              56.206394
            ],
            [
              -3.9622367,
              56.2067869
            ],
            [
              -3.9620813,
              56.20765
            ],
            [
              -3.9617462,
              56.2085862
            ],
            [
              -3.9614187,
              56.2092401
            ],
            [
              -3.9610461,
              56.2098454
            ],
            [
              -3.9606024,
              56.2104558
            ],
            [
              -3.9600706,
              56.2110648
            ],
            [
              -3.9595357,
              56.2115837
            ],
            [
              -3.9590071,
              56.2120597
            ],
            [
              -3.9581525,
              56.2127551
            ],
            [
              -3.9514307,
              56.2178513
            ],
            [
              -3.9513692,
              56.2178979
            ],
            [
              -3.9483075,
              56.220219
            ],
            [
              -3.9476559,
              56.2207076
            ],
            [
              -3.9467895,
              56.2213615
            ],
            [
              -3.9459687,
              56.2220046
            ],
            [
              -3.945044,
              56.2227056
            ],
            [
              -3.9443735,
              56.223161
            ],
            [
              -3.943814,
              56.22353
            ],
            [
              -3.94316,
              56.2239045
            ],
            [
              -3.9422487,
              56.2243963
            ],
            [
              -3.9414947,
              56.2247568
            ],
            [
              -3.9405658,
              56.2251753
            ],
            [
              -3.9395765,
              56.2255729
            ],
            [
              -3.9390442,
              56.2257737
            ],
            [
              -3.9380911,
              56.2260969
            ],
            [
              -3.937134,
              56.2264079
            ],
            [
              -3.915472,
              56.232889
            ],
            [
              -3.9140311,
              56.2333388
            ],
            [
              -3.9126511,
              56.2338059
            ],
            [
              -3.9116247,
              56.2341857
            ],
            [
              -3.9106917,
              56.2345754
            ],
            [
              -3.9098097,
              56.2349701
            ],
            [
              -3.9089939,
              56.2353605
            ],
            [
              -3.9083253,
              56.2356933
            ],
            [
              -3.9076963,
              56.2360357
            ],
            [
              -3.9068333,
              56.236554
            ],
            [
              -3.9059239,
              56.2371368
            ],
            [
              -3.9049286,
              56.2378489
            ],
            [
              -3.9038332,
              56.2386367
            ],
            [
              -3.903167,
              56.2391085
            ],
            [
              -3.9021212,
              56.2397799
            ],
            [
              -3.9013474,
              56.2402526
            ],
            [
              -3.900577,
              56.2406979
            ],
            [
              -3.8996702,
              56.2411965
            ],
            [
              -3.8988932,
              56.2415992
            ],
            [
              -3.8980452,
              56.242013
            ],
            [
              -3.8967642,
              56.2426232
            ],
            [
              -3.8956542,
              56.2431175
            ],
            [
              -3.8945227,
              56.2436062
            ],
            [
              -3.8935687,
              56.2439829
            ],
            [
              -3.8926621,
              56.2443323
            ],
            [
              -3.8916435,
              56.2447003
            ],
            [
              -3.8903314,
              56.2451398
            ],
            [
              -3.8885694,
              56.2457171
            ],
            [
              -3.8871848,
              56.2461316
            ],
            [
              -3.8860133,
              56.2464669
            ],
            [
              -3.8847782,
              56.246795
            ],
            [
              -3.883838,
              56.2470438
            ],
            [
              -3.8828472,
              56.2472845
            ],
            [
              -3.8805743,
              56.2478049
            ],
            [
              -3.8802521,
              56.2478788
            ],
            [
              -3.8793836,
              56.2480815
            ],
            [
              -3.8772862,
              56.2485642
            ],
            [
              -3.8749207,
              56.2491086
            ],
            [
              -3.8742209,
              56.2492612
            ],
            [
              -3.8729609,
              56.2495484
            ],
            [
              -3.871159,
              56.2499711
            ],
            [
              -3.8700187,
              56.2502494
            ],
            [
              -3.868899,
              56.2505344
            ],
            [
              -3.8675753,
              56.2508922
            ],
            [
              -3.8662964,
              56.2512656
            ],
            [
              -3.864933,
              56.2516929
            ],
            [
              -3.8615674,
              56.2528351
            ],
            [
              -3.8599571,
              56.2533551
            ],
            [
              -3.8583039,
              56.25387
            ],
            [
              -3.8567862,
              56.2543184
            ],
            [
              -3.8551335,
              56.2547637
            ],
            [
              -3.8533126,
              56.2552091
            ],
            [
              -3.8503195,
              56.2558963
            ],
            [
              -3.847314,
              56.2565006
            ],
            [
              -3.8449573,
              56.2569256
            ],
            [
              -3.8387708,
              56.2580025
            ],
            [
              -3.8385997,
              56.2580331
            ],
            [
              -3.8327561,
              56.2590356
            ],
            [
              -3.8295171,
              56.2595944
            ],
            [
              -3.8266647,
              56.2600907
            ],
            [
              -3.8252819,
              56.2603314
            ],
            [
              -3.8229457,
              56.2607367
            ],
            [
              -3.820478,
              56.2611646
            ],
            [
              -3.8178138,
              56.2616317
            ],
            [
              -3.815913,
              56.26196
            ],
            [
              -3.8156538,
              56.2620029
            ],
            [
              -3.8128262,
              56.2624999
            ],
            [
              -3.8099498,
              56.2629824
            ],
            [
              -3.8085781,
              56.2631837
            ],
            [
              -3.8075988,
              56.2633201
            ],
            [
              -3.8067088,
              56.263425
            ],
            [
              -3.8058246,
              56.2635292
            ],
            [
              -3.8049463,
              56.2636298
            ],
            [
              -3.8035017,
              56.263756
            ],
            [
              -3.8034447,
              56.263761
            ],
            [
              -3.8020387,
              56.263887
            ],
            [
              -3.8002648,
              56.2640109
            ],
            [
              -3.8001849,
              56.2640155
            ],
            [
              -3.7990274,
              56.2640763
            ],
            [
              -3.7980091,
              56.2641097
            ],
            [
              -3.7970106,
              56.2641332
            ],
            [
              -3.796099,
              56.2641451
            ],
            [
              -3.7949331,
              56.2641503
            ],
            [
              -3.7936628,
              56.2641289
            ],
            [
              -3.7923108,
              56.2640943
            ],
            [
              -3.7919365,
              56.2640783
            ],
            [
              -3.790547,
              56.2639913
            ],
            [
              -3.7891204,
              56.263885
            ],
            [
              -3.7878595,
              56.2637841
            ],
            [
              -3.7874835,
              56.263753
            ],
            [
              -3.7782322,
              56.2630417
            ],
            [
              -3.7775676,
              56.2629981
            ],
            [
              -3.7769145,
              56.2629452
            ],
            [
              -3.7757124,
              56.2628393
            ],
            [
              -3.7697917,
              56.2623923
            ],
            [
              -3.7675076,
              56.2622185
            ],
            [
              -3.7673847,
              56.2622072
            ],
            [
              -3.7581251,
              56.2614803
            ],
            [
              -3.7545114,
              56.2612091
            ],
            [
              -3.7535032,
              56.2611554
            ],
            [
              -3.7525821,
              56.2611227
            ],
            [
              -3.7517423,
              56.2611217
            ],
            [
              -3.7506299,
              56.2611548
            ],
            [
              -3.749519,
              56.2612154
            ],
            [
              -3.7487283,
              56.2612785
            ],
            [
              -3.7480638,
              56.2613519
            ],
            [
              -3.74792,
              56.2613678
            ],
            [
              -3.7471983,
              56.2614641
            ],
            [
              -3.7459764,
              56.2616491
            ],
            [
              -3.7447606,
              56.2618996
            ],
            [
              -3.7436371,
              56.2621664
            ],
            [
              -3.7424473,
              56.262517
            ],
            [
              -3.7414304,
              56.2628463
            ],
            [
              -3.7405307,
              56.2631788
            ],
            [
              -3.7394356,
              56.2636376
            ],
            [
              -3.7384864,
              56.2641101
            ],
            [
              -3.737712,
              56.2645409
            ],
            [
              -3.7369949,
              56.2649885
            ],
            [
              -3.7362921,
              56.2654629
            ],
            [
              -3.7353595,
              56.2661931
            ],
            [
              -3.7345569,
              56.2669377
            ],
            [
              -3.7342047,
              56.2673118
            ],
            [
              -3.7334694,
              56.268196
            ],
            [
              -3.7328854,
              56.2691257
            ],
            [
              -3.7325214,
              56.2698726
            ],
            [
              -3.7321582,
              56.2708206
            ],
            [
              -3.731953,
              56.2716431
            ],
            [
              -3.7316447,
              56.2731167
            ],
            [
              -3.731576,
              56.2733273
            ],
            [
              -3.7313781,
              56.2739326
            ],
            [
              -3.7312091,
              56.2743416
            ],
            [
              -3.7310782,
              56.2746317
            ],
            [
              -3.7309357,
              56.2749178
            ],
            [
              -3.7308522,
              56.2750841
            ],
            [
              -3.7306876,
              56.2753756
            ],
            [
              -3.7304077,
              56.2758427
            ],
            [
              -3.7298236,
              56.2767106
            ],
            [
              -3.7291272,
              56.277532
            ],
            [
              -3.7281206,
              56.278541
            ],
            [
              -3.7271927,
              56.2793325
            ],
            [
              -3.7262534,
              56.2800317
            ],
            [
              -3.7260627,
              56.280172
            ],
            [
              -3.7246746,
              56.2810662
            ],
            [
              -3.723926,
              56.2814797
            ],
            [
              -3.7228385,
              56.2820319
            ],
            [
              -3.721689,
              56.2825831
            ],
            [
              -3.7199845,
              56.2832493
            ],
            [
              -3.7196483,
              56.2833718
            ],
            [
              -3.7188115,
              56.2836625
            ],
            [
              -3.7175352,
              56.2840551
            ],
            [
              -3.7165788,
              56.2843122
            ],
            [
              -3.7156396,
              56.2845353
            ],
            [
              -3.7092935,
              56.2859647
            ],
            [
              -3.6999374,
              56.2880575
            ],
            [
              -3.6975911,
              56.2885773
            ],
            [
              -3.6945504,
              56.2892582
            ],
            [
              -3.6923023,
              56.2897612
            ],
            [
              -3.6913973,
              56.2899626
            ],
            [
              -3.688943,
              56.2905119
            ],
            [
              -3.6886092,
              56.2905849
            ],
            [
              -3.6866675,
              56.291061
            ],
            [
              -3.6849901,
              56.2915282
            ],
            [
              -3.6816239,
              56.2925018
            ],
            [
              -3.6782204,
              56.2936659
            ],
            [
              -3.6765456,
              56.294293
            ],
            [
              -3.6754078,
              56.2947614
            ],
            [
              -3.675273,
              56.2948169
            ],
            [
              -3.6726872,
              56.2958985
            ],
            [
              -3.6702626,
              56.2970719
            ],
            [
              -3.6700272,
              56.2971941
            ],
            [
              -3.6678524,
              56.2983224
            ],
            [
              -3.6646914,
              56.3001577
            ],
            [
              -3.6639203,
              56.3005704
            ],
            [
              -3.66284,
              56.3010956
            ],
            [
              -3.6604106,
              56.3021365
            ],
            [
              -3.6587807,
              56.3027162
            ],
            [
              -3.6550263,
              56.3037957
            ],
            [
              -3.6531027,
              56.3043872
            ],
            [
              -3.6504303,
              56.3053678
            ],
            [
              -3.6485157,
              56.3061757
            ],
            [
              -3.6467804,
              56.3069997
            ],
            [
              -3.6436873,
              56.308747
            ],
            [
              -3.6415364,
              56.3100788
            ],
            [
              -3.6391904,
              56.3116867
            ],
            [
              -3.6380398,
              56.312541
            ],
            [
              -3.636008,
              56.3141566
            ],
            [
              -3.6332906,
              56.3164905
            ],
            [
              -3.6320696,
              56.3176063
            ],
            [
              -3.632029,
              56.3176431
            ],
            [
              -3.6303144,
              56.3192016
            ],
            [
              -3.6302303,
              56.3192784
            ],
            [
              -3.6261563,
              56.3230034
            ],
            [
              -3.6246058,
              56.3244196
            ],
            [
              -3.6235326,
              56.3253039
            ],
            [
              -3.6220955,
              56.3263364
            ],
            [
              -3.6209726,
              56.3270458
            ],
            [
              -3.6199114,
              56.3276443
            ],
            [
              -3.61895,
              56.3281289
            ],
            [
              -3.6180229,
              56.3285561
            ],
            [
              -3.6162627,
              56.3292947
            ],
            [
              -3.6148657,
              56.3298322
            ],
            [
              -3.6125814,
              56.3305812
            ],
            [
              -3.6112458,
              56.3309511
            ],
            [
              -3.6109549,
              56.3310259
            ],
            [
              -3.6107738,
              56.3310703
            ],
            [
              -3.609615,
              56.3313545
            ],
            [
              -3.6082379,
              56.3316593
            ],
            [
              -3.6071205,
              56.3318779
            ],
            [
              -3.6061681,
              56.3320451
            ],
            [
              -3.605141,
              56.3322123
            ],
            [
              -3.6044678,
              56.3323135
            ],
            [
              -3.60377,
              56.3324059
            ],
            [
              -3.6020981,
              56.3325939
            ],
            [
              -3.6004952,
              56.3327521
            ],
            [
              -3.5956036,
              56.3331049
            ],
            [
              -3.5932437,
              56.3332915
            ],
            [
              -3.5930669,
              56.3333042
            ],
            [
              -3.5844929,
              56.3339062
            ],
            [
              -3.5844403,
              56.3339115
            ],
            [
              -3.5797565,
              56.3342629
            ],
            [
              -3.5793939,
              56.3342978
            ],
            [
              -3.5754935,
              56.3347092
            ],
            [
              -3.5733101,
              56.3349975
            ],
            [
              -3.5708028,
              56.3353685
            ],
            [
              -3.5690997,
              56.3356472
            ],
            [
              -3.5673985,
              56.3359649
            ],
            [
              -3.5643568,
              56.3365838
            ],
            [
              -3.5518316,
              56.3394641
            ],
            [
              -3.5516969,
              56.3394952
            ],
            [
              -3.5433724,
              56.3414125
            ],
            [
              -3.5419001,
              56.3417519
            ],
            [
              -3.5409305,
              56.3419743
            ],
            [
              -3.534405,
              56.3434701
            ],
            [
              -3.5286429,
              56.3448955
            ],
            [
              -3.5146369,
              56.348698
            ],
            [
              -3.5062136,
              56.3510148
            ],
            [
              -3.5002201,
              56.3527262
            ],
            [
              -3.4774788,
              56.3592037
            ],
            [
              -3.4749267,
              56.359973
            ],
            [
              -3.4745229,
              56.3600869
            ],
            [
              -3.4732956,
              56.3604188
            ],
            [
              -3.4723721,
              56.3606608
            ],
            [
              -3.4714541,
              56.3608507
            ],
            [
              -3.4705469,
              56.3610254
            ],
            [
              -3.4695888,
              56.3611898
            ],
            [
              -3.4687828,
              56.3613168
            ],
            [
              -3.4678735,
              56.3614406
            ],
            [
              -3.4667903,
              56.361546
            ],
            [
              -3.4655539,
              56.3616399
            ],
            [
              -3.4645437,
              56.361691
            ],
            [
              -3.4634878,
              56.3617214
            ],
            [
              -3.4620112,
              56.3617228
            ],
            [
              -3.4610565,
              56.3616927
            ],
            [
              -3.4600074,
              56.3616509
            ],
            [
              -3.4589256,
              56.361587
            ],
            [
              -3.4581066,
              56.36152
            ],
            [
              -3.4572111,
              56.3614347
            ],
            [
              -3.4563692,
              56.3613419
            ],
            [
              -3.4555227,
              56.3612288
            ],
            [
              -3.4530759,
              56.3608622
            ],
            [
              -3.4521936,
              56.360732
            ],
            [
              -3.4512653,
              56.360626
            ],
            [
              -3.4498621,
              56.3605117
            ],
            [
              -3.4485001,
              56.3604512
            ],
            [
              -3.4465963,
              56.3604496
            ],
            [
              -3.4451158,
              56.3605057
            ],
            [
              -3.4436043,
              56.3606076
            ],
            [
              -3.4420359,
              56.3607894
            ],
            [
              -3.4407328,
              56.3609935
            ],
            [
              -3.4395204,
              56.3612254
            ],
            [
              -3.4383254,
              56.3615028
            ],
            [
              -3.4368636,
              56.3619223
            ],
            [
              -3.4351916,
              56.3625196
            ],
            [
              -3.434114,
              56.3629773
            ],
            [
              -3.4335655,
              56.3632504
            ],
            [
              -3.4330304,
              56.3635301
            ],
            [
              -3.4325386,
              56.3638041
            ],
            [
              -3.4322235,
              56.3639796
            ],
            [
              -3.4315825,
              56.3643849
            ],
            [
              -3.4315388,
              56.3644152
            ],
            [
              -3.4312798,
              56.3645953
            ],
            [
              -3.4309677,
              56.3648202
            ],
            [
              -3.4300006,
              56.3655951
            ],
            [
              -3.4293296,
              56.3662802
            ],
            [
              -3.4287482,
              56.3670331
            ],
            [
              -3.428336,
              56.3676417
            ],
            [
              -3.4279096,
              56.3683728
            ],
            [
              -3.4274737,
              56.3692279
            ],
            [
              -3.4271888,
              56.3699081
            ],
            [
              -3.4269952,
              56.3706184
            ],
            [
              -3.4269123,
              56.3715064
            ],
            [
              -3.4268848,
              56.3721736
            ],
            [
              -3.4270491,
              56.3732479
            ],
            [
              -3.4272694,
              56.3740973
            ],
            [
              -3.42748,
              56.3745626
            ],
            [
              -3.4277975,
              56.375264
            ],
            [
              -3.4281376,
              56.3757656
            ],
            [
              -3.4284395,
              56.3762188
            ],
            [
              -3.4288683,
              56.3768153
            ],
            [
              -3.4292451,
              56.3773318
            ],
            [
              -3.4296849,
              56.3779504
            ],
            [
              -3.4301357,
              56.3785742
            ],
            [
              -3.430467,
              56.379032
            ],
            [
              -3.4309186,
              56.379666
            ],
            [
              -3.431253,
              56.380123
            ],
            [
              -3.4315123,
              56.3804762
            ],
            [
              -3.4318089,
              56.3808902
            ],
            [
              -3.4323119,
              56.381566
            ],
            [
              -3.4332959,
              56.3829244
            ],
            [
              -3.4344637,
              56.3845153
            ],
            [
              -3.4346785,
              56.3848134
            ],
            [
              -3.4353626,
              56.3857528
            ],
            [
              -3.4369819,
              56.3879771
            ],
            [
              -3.4371087,
              56.3881521
            ],
            [
              -3.4373233,
              56.3884463
            ],
            [
              -3.4374273,
              56.388592
            ],
            [
              -3.4375935,
              56.3888151
            ],
            [
              -3.4377892,
              56.3890899
            ],
            [
              -3.4378194,
              56.3891307
            ],
            [
              -3.4379481,
              56.3893282
            ],
            [
              -3.4380292,
              56.3894674
            ],
            [
              -3.4381595,
              56.3897098
            ],
            [
              -3.4383067,
              56.3899955
            ],
            [
              -3.438356,
              56.3901018
            ],
            [
              -3.4384043,
              56.3902532
            ],
            [
              -3.4385077,
              56.3905545
            ],
            [
              -3.4386264,
              56.390887
            ],
            [
              -3.4387477,
              56.3912363
            ],
            [
              -3.4389235,
              56.3915462
            ],
            [
              -3.4394161,
              56.3922369
            ],
            [
              -3.4407159,
              56.3939751
            ],
            [
              -3.4409241,
              56.3942157
            ],
            [
              -3.4412064,
              56.39455
            ],
            [
              -3.4414036,
              56.3947866
            ],
            [
              -3.4415157,
              56.3949345
            ],
            [
              -3.4416056,
              56.3950706
            ],
            [
              -3.4416976,
              56.3952349
            ],
            [
              -3.4417911,
              56.3954479
            ],
            [
              -3.4418589,
              56.3956494
            ],
            [
              -3.442023,
              56.3961404
            ],
            [
              -3.4421802,
              56.3966166
            ],
            [
              -3.4423892,
              56.3972522
            ],
            [
              -3.4425611,
              56.3977706
            ],
            [
              -3.4426533,
              56.3980417
            ],
            [
              -3.4427326,
              56.3982474
            ],
            [
              -3.4428692,
              56.398587
            ],
            [
              -3.4431023,
              56.3991483
            ],
            [
              -3.4434455,
              56.399784
            ],
            [
              -3.4438807,
              56.4004531
            ],
            [
              -3.4444174,
              56.4011227
            ],
            [
              -3.4448982,
              56.4016868
            ],
            [
              -3.4451707,
              56.4019755
            ],
            [
              -3.4454392,
              56.4022453
            ],
            [
              -3.4456707,
              56.4024682
            ],
            [
              -3.4459478,
              56.4027214
            ],
            [
              -3.4463819,
              56.403103
            ],
            [
              -3.447025,
              56.4036472
            ],
            [
              -3.4472975,
              56.4038783
            ],
            [
              -3.4473789,
              56.4039471
            ],
            [
              -3.4485564,
              56.4049414
            ],
            [
              -3.4498155,
              56.4060047
            ],
            [
              -3.4503462,
              56.4064542
            ],
            [
              -3.4507429,
              56.4067875
            ],
            [
              -3.455141,
              56.4104802
            ],
            [
              -3.4561602,
              56.4113227
            ],
            [
              -3.4569477,
              56.4119827
            ],
            [
              -3.457097,
              56.4121125
            ],
            [
              -3.4574623,
              56.4124359
            ],
            [
              -3.4579677,
              56.4129124
            ],
            [
              -3.4582335,
              56.4132126
            ],
            [
              -3.4588687,
              56.4138847
            ],
            [
              -3.4592149,
              56.4142805
            ],
            [
              -3.4595524,
              56.414706
            ],
            [
              -3.4599885,
              56.4153028
            ],
            [
              -3.4603223,
              56.4158295
            ],
            [
              -3.4606548,
              56.4163535
            ],
            [
              -3.4613967,
              56.4175753
            ],
            [
              -3.4627028,
              56.4197256
            ],
            [
              -3.4646196,
              56.4228774
            ],
            [
              -3.4649497,
              56.4234093
            ],
            [
              -3.4650438,
              56.423563
            ],
            [
              -3.4650882,
              56.4236333
            ],
            [
              -3.466192,
              56.4254587
            ],
            [
              -3.4675417,
              56.4276622
            ],
            [
              -3.4678128,
              56.428099
            ],
            [
              -3.4678346,
              56.4281339
            ],
            [
              -3.4679819,
              56.428381
            ],
            [
              -3.4683447,
              56.4289043
            ],
            [
              -3.4688692,
              56.4296083
            ],
            [
              -3.4693919,
              56.430162
            ],
            [
              -3.470273,
              56.4311009
            ],
            [
              -3.4707563,
              56.4316335
            ],
            [
              -3.4712147,
              56.4322277
            ],
            [
              -3.4715492,
              56.4327571
            ],
            [
              -3.4718678,
              56.43336
            ],
            [
              -3.4718884,
              56.4334066
            ],
            [
              -3.4721473,
              56.4340328
            ],
            [
              -3.4723227,
              56.4346667
            ],
            [
              -3.4724465,
              56.4354039
            ],
            [
              -3.4724662,
              56.4360421
            ],
            [
              -3.4724394,
              56.436612
            ],
            [
              -3.4723473,
              56.4372568
            ],
            [
              -3.4722129,
              56.4378171
            ],
            [
              -3.4720291,
              56.4383952
            ],
            [
              -3.4717908,
              56.4391022
            ],
            [
              -3.4715703,
              56.4398395
            ],
            [
              -3.4714311,
              56.4403907
            ],
            [
              -3.471329,
              56.4408833
            ],
            [
              -3.4713169,
              56.4409415
            ],
            [
              -3.4711274,
              56.4421146
            ],
            [
              -3.4710367,
              56.4430621
            ],
            [
              -3.4710071,
              56.4437413
            ],
            [
              -3.4710101,
              56.444491
            ],
            [
              -3.4710562,
              56.4452386
            ],
            [
              -3.4711353,
              56.4460367
            ],
            [
              -3.4713602,
              56.4475102
            ],
            [
              -3.4715302,
              56.4485717
            ],
            [
              -3.4720079,
              56.4515424
            ],
            [
              -3.4724958,
              56.4544051
            ],
            [
              -3.4727238,
              56.4556942
            ],
            [
              -3.4728047,
              56.456233
            ],
            [
              -3.4729039,
              56.456746
            ],
            [
              -3.4729701,
              56.457257
            ],
            [
              -3.4732237,
              56.4588037
            ],
            [
              -3.4733181,
              56.4593217
            ],
            [
              -3.4733664,
              56.4597224
            ],
            [
              -3.4734051,
              56.4601246
            ],
            [
              -3.4734215,
              56.4609244
            ],
            [
              -3.4733787,
              56.4616694
            ],
            [
              -3.4732825,
              56.4623316
            ],
            [
              -3.4731383,
              56.4630041
            ],
            [
              -3.4728865,
              56.463786
            ],
            [
              -3.4726605,
              56.4643751
            ],
            [
              -3.4723296,
              56.4651289
            ],
            [
              -3.471904,
              56.4659452
            ],
            [
              -3.4716752,
              56.4663498
            ],
            [
              -3.4714376,
              56.4667507
            ],
            [
              -3.4714085,
              56.4667931
            ],
            [
              -3.4713719,
              56.4668464
            ],
            [
              -3.4709597,
              56.4674464
            ],
            [
              -3.470465,
              56.4680961
            ],
            [
              -3.4697479,
              56.4689561
            ],
            [
              -3.4690392,
              56.4697129
            ],
            [
              -3.4683297,
              56.4703824
            ],
            [
              -3.4676328,
              56.470995
            ],
            [
              -3.4669058,
              56.4716004
            ],
            [
              -3.4665957,
              56.4718516
            ],
            [
              -3.4664896,
              56.4719308
            ],
            [
              -3.4637293,
              56.473973
            ],
            [
              -3.4604486,
              56.4763794
            ],
            [
              -3.4554845,
              56.4800379
            ],
            [
              -3.4525114,
              56.4822249
            ],
            [
              -3.4515539,
              56.4829317
            ],
            [
              -3.4506354,
              56.4836182
            ],
            [
              -3.4500829,
              56.4840059
            ],
            [
              -3.4496152,
              56.4843179
            ],
            [
              -3.4492059,
              56.4845597
            ],
            [
              -3.448483,
              56.4849638
            ],
            [
              -3.4476698,
              56.4853804
            ],
            [
              -3.4474792,
              56.4854689
            ],
            [
              -3.4464797,
              56.4859329
            ],
            [
              -3.446021,
              56.4861635
            ],
            [
              -3.4443446,
              56.4868188
            ],
            [
              -3.4438929,
              56.4870166
            ],
            [
              -3.4435243,
              56.4871913
            ],
            [
              -3.443206,
              56.4873721
            ],
            [
              -3.4427607,
              56.4876648
            ],
            [
              -3.4423082,
              56.488023
            ],
            [
              -3.4420298,
              56.488326
            ],
            [
              -3.4417718,
              56.4887046
            ],
            [
              -3.441747,
              56.4887538
            ],
            [
              -3.4416114,
              56.4890228
            ],
            [
              -3.4414702,
              56.4893782
            ],
            [
              -3.4413438,
              56.4898874
            ],
            [
              -3.4413037,
              56.4902832
            ],
            [
              -3.4412923,
              56.4904182
            ],
            [
              -3.4412759,
              56.4910199
            ],
            [
              -3.4413296,
              56.4917662
            ],
            [
              -3.4414465,
              56.4924963
            ],
            [
              -3.4416204,
              56.4931624
            ],
            [
              -3.4418609,
              56.493823
            ],
            [
              -3.4421128,
              56.4943722
            ],
            [
              -3.4428383,
              56.4958027
            ],
            [
              -3.4433245,
              56.4967615
            ],
            [
              -3.4446826,
              56.4993976
            ],
            [
              -3.4457549,
              56.5014632
            ],
            [
              -3.4465545,
              56.5030536
            ],
            [
              -3.4475821,
              56.5050289
            ],
            [
              -3.448876,
              56.5075384
            ],
            [
              -3.4500061,
              56.5097404
            ],
            [
              -3.45038,
              56.51049
            ],
            [
              -3.4509534,
              56.511591
            ],
            [
              -3.451238,
              56.5122593
            ],
            [
              -3.4513931,
              56.5128022
            ],
            [
              -3.451426,
              56.5129123
            ],
            [
              -3.4515197,
              56.5135042
            ],
            [
              -3.4515688,
              56.5141778
            ],
            [
              -3.4515587,
              56.514771
            ],
            [
              -3.4514305,
              56.5162602
            ],
            [
              -3.4513622,
              56.517124
            ],
            [
              -3.4513503,
              56.5176701
            ],
            [
              -3.4513503,
              56.5181141
            ],
            [
              -3.451404,
              56.5185461
            ],
            [
              -3.4515005,
              56.5190255
            ],
            [
              -3.4516349,
              56.5195086
            ],
            [
              -3.4518105,
              56.5199834
            ],
            [
              -3.4520104,
              56.5204052
            ],
            [
              -3.4523267,
              56.5209727
            ],
            [
              -3.4526344,
              56.5214521
            ],
            [
              -3.4531516,
              56.5221277
            ],
            [
              -3.4533971,
              56.5224052
            ],
            [
              -3.453665,
              56.522689
            ],
            [
              -3.4541381,
              56.5231525
            ],
            [
              -3.4548101,
              56.523731
            ],
            [
              -3.4557136,
              56.5244011
            ],
            [
              -3.4562017,
              56.5247234
            ],
            [
              -3.4565177,
              56.5249229
            ],
            [
              -3.4585494,
              56.5260734
            ],
            [
              -3.4612655,
              56.5275886
            ],
            [
              -3.4627533,
              56.5284247
            ],
            [
              -3.4634688,
              56.5288179
            ],
            [
              -3.4645525,
              56.5293955
            ],
            [
              -3.4653515,
              56.5297546
            ],
            [
              -3.4661036,
              56.5301021
            ],
            [
              -3.4667247,
              56.5303226
            ],
            [
              -3.4674114,
              56.5305593
            ],
            [
              -3.4682213,
              56.5308155
            ],
            [
              -3.4684709,
              56.5308876
            ],
            [
              -3.4703296,
              56.5313758
            ],
            [
              -3.4718209,
              56.5316775
            ],
            [
              -3.4725535,
              56.5318002
            ],
            [
              -3.4731942,
              56.5318905
            ],
            [
              -3.4741289,
              56.5320059
            ],
            [
              -3.4750577,
              56.5320985
            ],
            [
              -3.4768343,
              56.5322651
            ],
            [
              -3.4768682,
              56.532268
            ],
            [
              -3.4770143,
              56.5322804
            ],
            [
              -3.4771527,
              56.5322922
            ],
            [
              -3.4777438,
              56.5323382
            ],
            [
              -3.4843415,
              56.5329185
            ],
            [
              -3.4921278,
              56.533612
            ],
            [
              -3.4968846,
              56.5340264
            ],
            [
              -3.5004732,
              56.5343477
            ],
            [
              -3.5026488,
              56.5345384
            ],
            [
              -3.5041899,
              56.5346212
            ],
            [
              -3.5061103,
              56.5347068
            ],
            [
              -3.508063,
              56.5347304
            ],
            [
              -3.5094148,
              56.5346949
            ],
            [
              -3.5106271,
              56.5345944
            ],
            [
              -3.5138243,
              56.5341684
            ],
            [
              -3.5165709,
              56.5337424
            ],
            [
              -3.5182748,
              56.5334567
            ],
            [
              -3.5184056,
              56.5334348
            ],
            [
              -3.5203582,
              56.5330265
            ],
            [
              -3.5213774,
              56.5328135
            ],
            [
              -3.5221499,
              56.5326952
            ],
            [
              -3.5229224,
              56.5326242
            ],
            [
              -3.5238665,
              56.532571
            ],
            [
              -3.5246317,
              56.5325773
            ],
            [
              -3.5257482,
              56.532643
            ],
            [
              -3.5268282,
              56.5327299
            ],
            [
              -3.5291267,
              56.5329501
            ],
            [
              -3.5306841,
              56.5330951
            ],
            [
              -3.5317929,
              56.5332022
            ],
            [
              -3.532577,
              56.5333051
            ],
            [
              -3.533265,
              56.5334288
            ],
            [
              -3.534221,
              56.5336427
            ],
            [
              -3.5347348,
              56.5337897
            ],
            [
              -3.5355073,
              56.5340441
            ],
            [
              -3.5358936,
              56.5341921
            ],
            [
              -3.5365373,
              56.5344524
            ],
            [
              -3.5371488,
              56.5347363
            ],
            [
              -3.5375994,
              56.5349848
            ],
            [
              -3.5383053,
              56.5354311
            ],
            [
              -3.5387264,
              56.5357287
            ],
            [
              -3.5389871,
              56.5359108
            ],
            [
              -3.539075,
              56.535978
            ],
            [
              -3.5394052,
              56.5362152
            ],
            [
              -3.5402602,
              56.5367951
            ],
            [
              -3.5409349,
              56.5371868
            ],
            [
              -3.5416664,
              56.537517
            ],
            [
              -3.5423309,
              56.5377594
            ],
            [
              -3.5430711,
              56.5379605
            ],
            [
              -3.54379,
              56.5381025
            ],
            [
              -3.5447448,
              56.5382268
            ],
            [
              -3.5454776,
              56.5383379
            ],
            [
              -3.5464615,
              56.5385462
            ],
            [
              -3.547383,
              56.5388495
            ],
            [
              -3.5482091,
              56.5392068
            ],
            [
              -3.5486951,
              56.5394516
            ],
            [
              -3.5493613,
              56.5398367
            ],
            [
              -3.5512166,
              56.5409393
            ],
            [
              -3.5528355,
              56.5419052
            ],
            [
              -3.5536411,
              56.5423745
            ],
            [
              -3.5541239,
              56.5426128
            ],
            [
              -3.5549493,
              56.5430003
            ],
            [
              -3.5580349,
              56.5443193
            ],
            [
              -3.5589184,
              56.5447387
            ],
            [
              -3.5590167,
              56.5447854
            ],
            [
              -3.5590957,
              56.5448229
            ],
            [
              -3.5595696,
              56.5450724
            ],
            [
              -3.5605359,
              56.545662
            ],
            [
              -3.5613019,
              56.5461966
            ],
            [
              -3.5614774,
              56.546339
            ],
            [
              -3.561794,
              56.5466308
            ],
            [
              -3.5620888,
              56.5469259
            ],
            [
              -3.5624582,
              56.5473831
            ],
            [
              -3.5628455,
              56.548019
            ],
            [
              -3.5630021,
              56.5483362
            ],
            [
              -3.5631605,
              56.5486759
            ],
            [
              -3.5634967,
              56.5493721
            ],
            [
              -3.5637379,
              56.5500503
            ],
            [
              -3.563865,
              56.5502965
            ],
            [
              -3.5640757,
              56.5506488
            ],
            [
              -3.5643625,
              56.5510636
            ],
            [
              -3.5647005,
              56.5514282
            ],
            [
              -3.5653086,
              56.5518706
            ],
            [
              -3.5657628,
              56.5521963
            ],
            [
              -3.5663849,
              56.5526168
            ],
            [
              -3.5672218,
              56.5531742
            ],
            [
              -3.5680038,
              56.553684
            ],
            [
              -3.5684443,
              56.5539421
            ],
            [
              -3.5689565,
              56.5541711
            ],
            [
              -3.5695618,
              56.5543812
            ],
            [
              -3.5701372,
              56.5545493
            ],
            [
              -3.5708226,
              56.5546954
            ],
            [
              -3.571457,
              56.5548166
            ],
            [
              -3.5723564,
              56.5549614
            ],
            [
              -3.5727846,
              56.5550457
            ],
            [
              -3.573497,
              56.5552367
            ],
            [
              -3.5741227,
              56.555432
            ],
            [
              -3.5747728,
              56.5556635
            ],
            [
              -3.5754219,
              56.5558875
            ],
            [
              -3.5765157,
              56.556265
            ],
            [
              -3.5784012,
              56.5569157
            ],
            [
              -3.5791654,
              56.557192
            ],
            [
              -3.5794634,
              56.5572997
            ],
            [
              -3.5811108,
              56.5578978
            ],
            [
              -3.5816614,
              56.5580945
            ],
            [
              -3.5819309,
              56.5581908
            ],
            [
              -3.5827475,
              56.5584608
            ],
            [
              -3.5837941,
              56.5587795
            ],
            [
              -3.5847312,
              56.5590324
            ],
            [
              -3.5854179,
              56.559192
            ],
            [
              -3.585973,
              56.5593069
            ],
            [
              -3.586362,
              56.5593779
            ],
            [
              -3.5869735,
              56.5594876
            ],
            [
              -3.5891526,
              56.5598404
            ],
            [
              -3.5904711,
              56.5600256
            ],
            [
              -3.5912329,
              56.5601025
            ],
            [
              -3.5919517,
              56.560138
            ],
            [
              -3.5926598,
              56.5601557
            ],
            [
              -3.5933787,
              56.5601439
            ],
            [
              -3.5940438,
              56.5601025
            ],
            [
              -3.5949987,
              56.5599902
            ],
            [
              -3.5973591,
              56.5597182
            ],
            [
              -3.5996658,
              56.5594108
            ],
            [
              -3.6003095,
              56.5593457
            ],
            [
              -3.6008567,
              56.5593221
            ],
            [
              -3.6016935,
              56.559328
            ],
            [
              -3.6025625,
              56.5593575
            ],
            [
              -3.6032385,
              56.5594108
            ],
            [
              -3.6040002,
              56.5594935
            ],
            [
              -3.6047834,
              56.5596472
            ],
            [
              -3.6056846,
              56.5598483
            ],
            [
              -3.6064249,
              56.5600611
            ],
            [
              -3.6071957,
              56.5603104
            ],
            [
              -3.6080322,
              56.5605777
            ],
            [
              -3.6084052,
              56.5607012
            ],
            [
              -3.6086106,
              56.5607698
            ],
            [
              -3.6087242,
              56.5608058
            ],
            [
              -3.6102731,
              56.5612908
            ],
            [
              -3.6117401,
              56.5617506
            ],
            [
              -3.6126801,
              56.5620627
            ],
            [
              -3.613353,
              56.5622546
            ],
            [
              -3.6134926,
              56.5622916
            ],
            [
              -3.6142896,
              56.5625202
            ],
            [
              -3.6153084,
              56.5628516
            ],
            [
              -3.6176983,
              56.5636182
            ],
            [
              -3.618397,
              56.5638461
            ],
            [
              -3.6191362,
              56.5641239
            ],
            [
              -3.6194134,
              56.5642578
            ],
            [
              -3.6195397,
              56.5643212
            ],
            [
              -3.6198687,
              56.5644935
            ],
            [
              -3.6202857,
              56.5647248
            ],
            [
              -3.6206638,
              56.5649673
            ],
            [
              -3.6210844,
              56.5652728
            ],
            [
              -3.6215848,
              56.5657246
            ],
            [
              -3.6220032,
              56.566233
            ],
            [
              -3.6223465,
              56.5667
            ],
            [
              -3.622604,
              56.567167
            ],
            [
              -3.6227457,
              56.5675867
            ],
            [
              -3.6228287,
              56.5680076
            ],
            [
              -3.6228265,
              56.5686183
            ],
            [
              -3.6227373,
              56.569466
            ],
            [
              -3.6226583,
              56.5702958
            ],
            [
              -3.6226495,
              56.5703674
            ],
            [
              -3.62239,
              56.5724788
            ],
            [
              -3.6223725,
              56.5730388
            ],
            [
              -3.6223929,
              56.5734899
            ],
            [
              -3.622435,
              56.5737763
            ],
            [
              -3.6226142,
              56.5745446
            ],
            [
              -3.6227971,
              56.5750398
            ],
            [
              -3.6230975,
              56.5757963
            ],
            [
              -3.6237735,
              56.5772678
            ],
            [
              -3.6241275,
              56.5779769
            ],
            [
              -3.6246937,
              56.5792087
            ],
            [
              -3.624854,
              56.5795579
            ],
            [
              -3.6248757,
              56.5796051
            ],
            [
              -3.6259514,
              56.5819479
            ],
            [
              -3.6260635,
              56.58216
            ],
            [
              -3.6262931,
              56.5825942
            ],
            [
              -3.6263297,
              56.5826634
            ],
            [
              -3.627295,
              56.5844892
            ],
            [
              -3.6281043,
              56.5860045
            ],
            [
              -3.6294278,
              56.5884827
            ],
            [
              -3.6294738,
              56.588569
            ],
            [
              -3.6301249,
              56.5897881
            ],
            [
              -3.6313013,
              56.592021
            ],
            [
              -3.6313864,
              56.5921799
            ],
            [
              -3.6336447,
              56.5964612
            ],
            [
              -3.6336903,
              56.5965475
            ],
            [
              -3.6344191,
              56.5979292
            ],
            [
              -3.6344857,
              56.5980533
            ],
            [
              -3.637356,
              56.6034534
            ],
            [
              -3.6387265,
              56.6060319
            ],
            [
              -3.6388145,
              56.6061975
            ],
            [
              -3.6388447,
              56.6062529
            ],
            [
              -3.6399096,
              56.6082035
            ],
            [
              -3.6401671,
              56.6089062
            ],
            [
              -3.6402637,
              56.6094022
            ],
            [
              -3.6402959,
              56.6098982
            ],
            [
              -3.6402637,
              56.6103469
            ],
            [
              -3.6401456,
              56.6107412
            ],
            [
              -3.639974,
              56.6111765
            ],
            [
              -3.6398944,
              56.6113462
            ],
            [
              -3.6397058,
              56.6116459
            ],
            [
              -3.6393943,
              56.61207
            ],
            [
              -3.6383867,
              56.6133183
            ],
            [
              -3.6383055,
              56.6134145
            ],
            [
              -3.6373347,
              56.6145919
            ],
            [
              -3.6362511,
              56.6159616
            ],
            [
              -3.6357688,
              56.6166042
            ],
            [
              -3.6354374,
              56.6171588
            ],
            [
              -3.635115,
              56.6178447
            ],
            [
              -3.6348953,
              56.6185236
            ],
            [
              -3.634779,
              56.6190549
            ],
            [
              -3.6347656,
              56.6191689
            ],
            [
              -3.6347551,
              56.6192589
            ],
            [
              -3.6347214,
              56.6195467
            ],
            [
              -3.634708,
              56.6200245
            ],
            [
              -3.6347276,
              56.6205011
            ],
            [
              -3.6347812,
              56.6208966
            ],
            [
              -3.6349315,
              56.6215341
            ],
            [
              -3.6351056,
              56.6220653
            ],
            [
              -3.6354228,
              56.6227301
            ],
            [
              -3.6356418,
              56.6230915
            ],
            [
              -3.6360195,
              56.6236475
            ],
            [
              -3.636508,
              56.6242445
            ],
            [
              -3.6376244,
              56.6254178
            ],
            [
              -3.6405316,
              56.6284452
            ],
            [
              -3.6414487,
              56.6293588
            ],
            [
              -3.6416182,
              56.6295391
            ],
            [
              -3.6420687,
              56.6299614
            ],
            [
              -3.6427635,
              56.6305936
            ],
            [
              -3.643846,
              56.631459
            ],
            [
              -3.6458963,
              56.6330956
            ],
            [
              -3.6497553,
              56.636143
            ],
            [
              -3.6544879,
              56.639908
            ],
            [
              -3.6557911,
              56.6409199
            ],
            [
              -3.6569182,
              56.6418253
            ],
            [
              -3.6593684,
              56.6437671
            ],
            [
              -3.6622792,
              56.6460659
            ],
            [
              -3.6650509,
              56.6482746
            ],
            [
              -3.665908,
              56.6489572
            ],
            [
              -3.6665917,
              56.649484
            ],
            [
              -3.6679374,
              56.6505406
            ],
            [
              -3.669012,
              56.6514055
            ],
            [
              -3.6697985,
              56.6520713
            ],
            [
              -3.6703073,
              56.6525842
            ],
            [
              -3.6708895,
              56.653227
            ],
            [
              -3.6713139,
              56.6537885
            ],
            [
              -3.6713465,
              56.6538374
            ],
            [
              -3.6719256,
              56.654815
            ],
            [
              -3.6722292,
              56.6554787
            ],
            [
              -3.6724988,
              56.656141
            ],
            [
              -3.6729302,
              56.6572384
            ],
            [
              -3.6731741,
              56.6579113
            ],
            [
              -3.6733181,
              56.6584595
            ],
            [
              -3.6733876,
              56.658961
            ],
            [
              -3.6734,
              56.659412
            ],
            [
              -3.6733565,
              56.6599417
            ],
            [
              -3.6731575,
              56.660838
            ],
            [
              -3.6727678,
              56.6624195
            ],
            [
              -3.6726298,
              56.6630218
            ],
            [
              -3.6725262,
              56.6634842
            ],
            [
              -3.6725683,
              56.6639944
            ],
            [
              -3.6726485,
              56.6645411
            ],
            [
              -3.672797,
              56.664974
            ],
            [
              -3.673068,
              56.6655633
            ],
            [
              -3.6732894,
              56.6659461
            ],
            [
              -3.6735552,
              56.6662968
            ],
            [
              -3.6738986,
              56.6667036
            ],
            [
              -3.6742151,
              56.6670259
            ],
            [
              -3.674623,
              56.6673856
            ],
            [
              -3.6756688,
              56.6681775
            ],
            [
              -3.6770483,
              56.6691964
            ],
            [
              -3.6781924,
              56.6699971
            ],
            [
              -3.6820345,
              56.6728424
            ],
            [
              -3.6831544,
              56.6736348
            ],
            [
              -3.6849076,
              56.674939
            ],
            [
              -3.6865408,
              56.6760858
            ],
            [
              -3.6881953,
              56.6770955
            ],
            [
              -3.6929529,
              56.6799216
            ],
            [
              -3.6989515,
              56.6835462
            ],
            [
              -3.7015449,
              56.6851163
            ],
            [
              -3.7041217,
              56.6866667
            ],
            [
              -3.7056667,
              56.6876036
            ],
            [
              -3.7066355,
              56.6881948
            ],
            [
              -3.7080537,
              56.6891394
            ],
            [
              -3.7086767,
              56.6896567
            ],
            [
              -3.7091857,
              56.6901372
            ],
            [
              -3.7095827,
              56.6905732
            ],
            [
              -3.7099808,
              56.6910839
            ],
            [
              -3.7103607,
              56.6916464
            ],
            [
              -3.7104491,
              56.6917865
            ],
            [
              -3.710813,
              56.6924318
            ],
            [
              -3.7111526,
              56.6930517
            ],
            [
              -3.7116319,
              56.6937539
            ],
            [
              -3.7121147,
              56.6944027
            ],
            [
              -3.7125981,
              56.6950162
            ],
            [
              -3.7129408,
              56.6954513
            ],
            [
              -3.7133485,
              56.6959108
            ],
            [
              -3.7138098,
              56.696335
            ],
            [
              -3.7142712,
              56.6966884
            ],
            [
              -3.71499,
              56.6971361
            ],
            [
              -3.7156674,
              56.6974968
            ],
            [
              -3.7159827,
              56.6976752
            ],
            [
              -3.716353,
              56.697851
            ],
            [
              -3.7165713,
              56.6979546
            ],
            [
              -3.7169319,
              56.6981258
            ],
            [
              -3.7178761,
              56.6985499
            ],
            [
              -3.7187236,
              56.6988739
            ],
            [
              -3.719421,
              56.6991154
            ],
            [
              -3.7202748,
              56.6994109
            ],
            [
              -3.7205683,
              56.6994896
            ],
            [
              -3.7210625,
              56.699622
            ],
            [
              -3.7222856,
              56.6999519
            ],
            [
              -3.7233692,
              56.7001992
            ],
            [
              -3.7242919,
              56.7003877
            ],
            [
              -3.7246782,
              56.7004525
            ],
            [
              -3.7275642,
              56.7009709
            ],
            [
              -3.7278313,
              56.7010202
            ],
            [
              -3.7282723,
              56.7010946
            ],
            [
              -3.7286567,
              56.7011612
            ],
            [
              -3.7301957,
              56.7014276
            ],
            [
              -3.7322848,
              56.7017942
            ],
            [
              -3.7327342,
              56.7018675
            ],
            [
              -3.7329705,
              56.7019073
            ],
            [
              -3.73437,
              56.702144
            ],
            [
              -3.7356498,
              56.7023788
            ],
            [
              -3.7357111,
              56.7023895
            ],
            [
              -3.7362877,
              56.70249
            ],
            [
              -3.736997,
              56.7026472
            ],
            [
              -3.7373372,
              56.7027397
            ],
            [
              -3.7377431,
              56.70285
            ],
            [
              -3.7380645,
              56.7029256
            ],
            [
              -3.7384744,
              56.7030622
            ],
            [
              -3.7386061,
              56.7031175
            ],
            [
              -3.7396548,
              56.7035169
            ],
            [
              -3.7397679,
              56.7035672
            ],
            [
              -3.7399496,
              56.7036482
            ],
            [
              -3.7401558,
              56.70374
            ],
            [
              -3.7405935,
              56.7039579
            ],
            [
              -3.7424712,
              56.7050119
            ],
            [
              -3.743501,
              56.7055913
            ],
            [
              -3.7448302,
              56.7063391
            ],
            [
              -3.7452157,
              56.7065512
            ],
            [
              -3.7453332,
              56.7066183
            ],
            [
              -3.746304,
              56.707191
            ],
            [
              -3.7472489,
              56.7077212
            ],
            [
              -3.7479286,
              56.7080774
            ],
            [
              -3.7487188,
              56.7084338
            ],
            [
              -3.7496168,
              56.7087788
            ],
            [
              -3.7504765,
              56.7090707
            ],
            [
              -3.7510998,
              56.7092526
            ],
            [
              -3.7516907,
              56.7094096
            ],
            [
              -3.7525361,
              56.7095961
            ],
            [
              -3.7554625,
              56.7101665
            ],
            [
              -3.7561328,
              56.7103316
            ],
            [
              -3.7568157,
              56.710515
            ],
            [
              -3.7576541,
              56.7107728
            ],
            [
              -3.7582298,
              56.7109596
            ],
            [
              -3.7587626,
              56.7111435
            ],
            [
              -3.7593478,
              56.7113732
            ],
            [
              -3.7594315,
              56.7114061
            ],
            [
              -3.7601247,
              56.7117315
            ],
            [
              -3.7610355,
              56.7121909
            ],
            [
              -3.761529,
              56.712497
            ],
            [
              -3.7620178,
              56.7128346
            ],
            [
              -3.7626761,
              56.7134282
            ],
            [
              -3.7630632,
              56.7139279
            ],
            [
              -3.7633851,
              56.714399
            ],
            [
              -3.7635782,
              56.7147051
            ],
            [
              -3.7638786,
              56.7153764
            ],
            [
              -3.763945,
              56.7156537
            ],
            [
              -3.7639966,
              56.7159652
            ],
            [
              -3.7639926,
              56.7165293
            ],
            [
              -3.7640581,
              56.717148
            ],
            [
              -3.7641124,
              56.7175231
            ],
            [
              -3.7641683,
              56.7178139
            ],
            [
              -3.7643507,
              56.7181848
            ],
            [
              -3.764576,
              56.7185204
            ],
            [
              -3.7649837,
              56.7190032
            ],
            [
              -3.7654249,
              56.7194441
            ],
            [
              -3.7658988,
              56.719808
            ],
            [
              -3.7662515,
              56.7200535
            ],
            [
              -3.7666113,
              56.720268
            ],
            [
              -3.7670544,
              56.7205075
            ],
            [
              -3.7674973,
              56.7207189
            ],
            [
              -3.7686813,
              56.7212305
            ],
            [
              -3.7695719,
              56.7216797
            ],
            [
              -3.7705141,
              56.7221918
            ],
            [
              -3.7712975,
              56.7226981
            ],
            [
              -3.7718931,
              56.7231654
            ],
            [
              -3.772392,
              56.7236086
            ],
            [
              -3.7727672,
              56.7239718
            ],
            [
              -3.7730732,
              56.7243368
            ],
            [
              -3.7738971,
              56.7254269
            ],
            [
              -3.7742534,
              56.7260321
            ],
            [
              -3.7744554,
              56.7263939
            ],
            [
              -3.7745741,
              56.7267121
            ],
            [
              -3.7746814,
              56.7270448
            ],
            [
              -3.7747898,
              56.7275684
            ],
            [
              -3.7748542,
              56.7282158
            ],
            [
              -3.7748421,
              56.7284679
            ],
            [
              -3.7748006,
              56.7287338
            ],
            [
              -3.774664,
              56.7294448
            ],
            [
              -3.7745002,
              56.7301876
            ],
            [
              -3.7743714,
              56.7307644
            ],
            [
              -3.7743241,
              56.7309674
            ],
            [
              -3.7742534,
              56.7311646
            ],
            [
              -3.774147,
              56.731403
            ],
            [
              -3.7740245,
              56.7316388
            ],
            [
              -3.773962,
              56.7317546
            ],
            [
              -3.7737954,
              56.7320179
            ],
            [
              -3.7735882,
              56.7323299
            ],
            [
              -3.7727192,
              56.7335835
            ],
            [
              -3.772148,
              56.7344541
            ],
            [
              -3.7718514,
              56.7350194
            ],
            [
              -3.7716473,
              56.735583
            ],
            [
              -3.7715632,
              56.7359763
            ],
            [
              -3.7715349,
              56.7367103
            ],
            [
              -3.7715497,
              56.7373144
            ],
            [
              -3.7716034,
              56.7379382
            ],
            [
              -3.7715819,
              56.7384443
            ],
            [
              -3.7715175,
              56.7388915
            ],
            [
              -3.7714245,
              56.739259
            ],
            [
              -3.7713781,
              56.7395681
            ],
            [
              -3.7713673,
              56.73998
            ],
            [
              -3.77146,
              56.7403867
            ],
            [
              -3.7716369,
              56.7407869
            ],
            [
              -3.7717572,
              56.7409877
            ],
            [
              -3.7718559,
              56.7411404
            ],
            [
              -3.7719932,
              56.7413172
            ],
            [
              -3.7721796,
              56.7415094
            ],
            [
              -3.7722773,
              56.7416027
            ],
            [
              -3.772368,
              56.7416857
            ],
            [
              -3.7724618,
              56.7417629
            ],
            [
              -3.7725574,
              56.7418398
            ],
            [
              -3.7726566,
              56.7419192
            ],
            [
              -3.7727806,
              56.7420047
            ],
            [
              -3.7728837,
              56.742074
            ],
            [
              -3.7730169,
              56.7421589
            ],
            [
              -3.7731119,
              56.7422213
            ],
            [
              -3.7731959,
              56.7422691
            ],
            [
              -3.7732836,
              56.7423217
            ],
            [
              -3.7733705,
              56.7423709
            ],
            [
              -3.7735547,
              56.7424714
            ],
            [
              -3.7738145,
              56.7425854
            ],
            [
              -3.7741968,
              56.7427464
            ],
            [
              -3.7744961,
              56.7428641
            ],
            [
              -3.7746711,
              56.7429289
            ],
            [
              -3.7748777,
              56.7430013
            ],
            [
              -3.775039,
              56.7430493
            ],
            [
              -3.7752022,
              56.7430885
            ],
            [
              -3.775485,
              56.743145
            ],
            [
              -3.7763026,
              56.7433044
            ],
            [
              -3.7770107,
              56.743475
            ],
            [
              -3.7778261,
              56.7436986
            ],
            [
              -3.7784708,
              56.7439004
            ],
            [
              -3.7793497,
              56.7442205
            ],
            [
              -3.7797716,
              56.7443914
            ],
            [
              -3.7799303,
              56.7444598
            ],
            [
              -3.7801435,
              56.7445517
            ],
            [
              -3.7807109,
              56.744785
            ],
            [
              -3.7808299,
              56.7448325
            ],
            [
              -3.782071,
              56.7452555
            ],
            [
              -3.785319,
              56.7463729
            ],
            [
              -3.7894999,
              56.747766
            ],
            [
              -3.7904647,
              56.7480875
            ],
            [
              -3.7942519,
              56.7493346
            ],
            [
              -3.7957433,
              56.7498229
            ],
            [
              -3.7971595,
              56.7502641
            ],
            [
              -3.798801,
              56.7506817
            ],
            [
              -3.8022757,
              56.7514838
            ],
            [
              -3.8025134,
              56.7515396
            ],
            [
              -3.8034144,
              56.7517876
            ],
            [
              -3.80438,
              56.7521288
            ],
            [
              -3.8051954,
              56.7524876
            ],
            [
              -3.8069012,
              56.7534052
            ],
            [
              -3.8075664,
              56.7537346
            ],
            [
              -3.808102,
              56.7539881
            ],
            [
              -3.8088217,
              56.7543287
            ],
            [
              -3.8136819,
              56.7566049
            ],
            [
              -3.8163855,
              56.7578694
            ],
            [
              -3.8173833,
              56.7583458
            ],
            [
              -3.8180592,
              56.7586339
            ],
            [
              -3.8186735,
              56.758878
            ],
            [
              -3.8193893,
              56.7591135
            ],
            [
              -3.8206088,
              56.7594149
            ],
            [
              -3.8225729,
              56.7598291
            ],
            [
              -3.8232396,
              56.7599784
            ],
            [
              -3.8310163,
              56.7617125
            ],
            [
              -3.832929,
              56.76214
            ],
            [
              -3.8378969,
              56.7632504
            ],
            [
              -3.8384891,
              56.7633826
            ],
            [
              -3.8436328,
              56.764523
            ],
            [
              -3.8443697,
              56.7646889
            ],
            [
              -3.844766,
              56.7647815
            ],
            [
              -3.8452949,
              56.764888
            ],
            [
              -3.8456558,
              56.7649439
            ],
            [
              -3.8463143,
              56.765044
            ],
            [
              -3.8469353,
              56.7651098
            ],
            [
              -3.847035,
              56.7651199
            ],
            [
              -3.8477005,
              56.7651673
            ],
            [
              -3.8478111,
              56.7651754
            ],
            [
              -3.8482973,
              56.7652121
            ],
            [
              -3.8506806,
              56.7653676
            ],
            [
              -3.8518516,
              56.7654583
            ],
            [
              -3.8528314,
              56.7655665
            ],
            [
              -3.8533062,
              56.7656281
            ],
            [
              -3.8535015,
              56.765653
            ],
            [
              -3.8558286,
              56.765968
            ],
            [
              -3.8565456,
              56.7660656
            ],
            [
              -3.8592278,
              56.7664347
            ],
            [
              -3.860372,
              56.7665957
            ],
            [
              -3.8615243,
              56.7667402
            ],
            [
              -3.8630787,
              56.766891
            ],
            [
              -3.8640775,
              56.7669502
            ],
            [
              -3.8650872,
              56.7669916
            ],
            [
              -3.8678365,
              56.7671081
            ],
            [
              -3.8692811,
              56.767172
            ],
            [
              -3.8698746,
              56.7672103
            ],
            [
              -3.8704574,
              56.767267
            ],
            [
              -3.8716921,
              56.7674028
            ],
            [
              -3.871958,
              56.767432
            ],
            [
              -3.8916563,
              56.769794
            ],
            [
              -3.8919757,
              56.7698332
            ],
            [
              -3.8950535,
              56.7702048
            ],
            [
              -3.9000281,
              56.7707624
            ],
            [
              -3.9027356,
              56.7710655
            ],
            [
              -3.9045288,
              56.7712594
            ],
            [
              -3.9054513,
              56.7713377
            ],
            [
              -3.9060807,
              56.7713761
            ],
            [
              -3.9062894,
              56.7713858
            ],
            [
              -3.9066987,
              56.7713944
            ],
            [
              -3.9068017,
              56.7713965
            ],
            [
              -3.9080244,
              56.7714125
            ],
            [
              -3.9093059,
              56.7713981
            ],
            [
              -3.9109224,
              56.7713893
            ],
            [
              -3.9118361,
              56.7713941
            ],
            [
              -3.9128311,
              56.7714126
            ],
            [
              -3.9137812,
              56.7714731
            ],
            [
              -3.9198435,
              56.7720419
            ],
            [
              -3.9200273,
              56.7720587
            ],
            [
              -3.9227062,
              56.7723241
            ],
            [
              -3.9242474,
              56.7724626
            ],
            [
              -3.9251946,
              56.7725208
            ],
            [
              -3.9261336,
              56.7725341
            ],
            [
              -3.9270875,
              56.772516
            ],
            [
              -3.9276405,
              56.7724878
            ],
            [
              -3.9282004,
              56.7724385
            ],
            [
              -3.9291904,
              56.7723236
            ],
            [
              -3.9300409,
              56.7721782
            ],
            [
              -3.9306672,
              56.7720372
            ],
            [
              -3.9310307,
              56.7719486
            ],
            [
              -3.9314259,
              56.771842
            ],
            [
              -3.9320282,
              56.7716656
            ],
            [
              -3.9326372,
              56.771457
            ],
            [
              -3.9334132,
              56.7711488
            ],
            [
              -3.9345637,
              56.7706459
            ],
            [
              -3.9363085,
              56.7699829
            ],
            [
              -3.9373171,
              56.7696762
            ],
            [
              -3.9384122,
              56.7693937
            ],
            [
              -3.9385073,
              56.7693752
            ],
            [
              -3.9392289,
              56.7692265
            ],
            [
              -3.9393071,
              56.7692109
            ],
            [
              -3.9406666,
              56.7689968
            ],
            [
              -3.9420851,
              56.7688367
            ],
            [
              -3.9445968,
              56.7685701
            ],
            [
              -3.946293,
              56.7684063
            ],
            [
              -3.9505819,
              56.7679593
            ],
            [
              -3.9508104,
              56.767934
            ],
            [
              -3.9546542,
              56.767548
            ],
            [
              -3.955201,
              56.767494
            ],
            [
              -3.9558764,
              56.7674399
            ],
            [
              -3.9566228,
              56.7673994
            ],
            [
              -3.9574449,
              56.7673749
            ],
            [
              -3.95859,
              56.7673984
            ],
            [
              -3.9596066,
              56.767417
            ],
            [
              -3.9607892,
              56.7674026
            ],
            [
              -3.9612237,
              56.7673932
            ],
            [
              -3.9623328,
              56.7673566
            ],
            [
              -3.9629601,
              56.7673383
            ],
            [
              -3.9638492,
              56.7673397
            ],
            [
              -3.9646374,
              56.7673621
            ],
            [
              -3.9656671,
              56.7674482
            ],
            [
              -3.9663405,
              56.7675289
            ],
            [
              -3.9668571,
              56.7675963
            ],
            [
              -3.967442,
              56.7676967
            ],
            [
              -3.9680746,
              56.7678318
            ],
            [
              -3.9691244,
              56.7680847
            ],
            [
              -3.9703872,
              56.7684601
            ],
            [
              -3.9755693,
              56.7702181
            ],
            [
              -3.9793729,
              56.7714518
            ],
            [
              -3.9804891,
              56.7718378
            ],
            [
              -3.9814613,
              56.772234
            ],
            [
              -3.9822319,
              56.7726403
            ],
            [
              -3.9833155,
              56.7732459
            ],
            [
              -3.9845922,
              56.7739278
            ],
            [
              -3.9857724,
              56.7744687
            ],
            [
              -3.9867702,
              56.7748273
            ],
            [
              -3.9878431,
              56.77518
            ],
            [
              -3.9891288,
              56.7755346
            ],
            [
              -3.9923917,
              56.7764236
            ],
            [
              -3.9959616,
              56.7773983
            ],
            [
              -3.9990457,
              56.7782504
            ],
            [
              -4.0006117,
              56.7787775
            ],
            [
              -4.0017158,
              56.7792088
            ],
            [
              -4.0025364,
              56.7795901
            ],
            [
              -4.0026251,
              56.7796317
            ],
            [
              -4.0029329,
              56.7797753
            ],
            [
              -4.0030523,
              56.7798309
            ],
            [
              -4.0040679,
              56.7803679
            ],
            [
              -4.0050521,
              56.7809523
            ],
            [
              -4.0058342,
              56.7815122
            ],
            [
              -4.0067151,
              56.7821984
            ],
            [
              -4.007801,
              56.7831758
            ],
            [
              -4.0084746,
              56.783703
            ],
            [
              -4.0089467,
              56.7840439
            ],
            [
              -4.0096254,
              56.7845014
            ],
            [
              -4.0109208,
              56.785231
            ],
            [
              -4.0125087,
              56.7860421
            ],
            [
              -4.0131738,
              56.7864476
            ],
            [
              -4.0136917,
              56.7868906
            ],
            [
              -4.0142057,
              56.7873831
            ],
            [
              -4.0147188,
              56.787999
            ],
            [
              -4.0149956,
              56.7885473
            ],
            [
              -4.015261,
              56.7891522
            ],
            [
              -4.0154698,
              56.7896033
            ],
            [
              -4.01582,
              56.7901227
            ],
            [
              -4.0162344,
              56.7905655
            ],
            [
              -4.016768,
              56.7910249
            ],
            [
              -4.0172508,
              56.7913642
            ],
            [
              -4.0179053,
              56.7917557
            ],
            [
              -4.0185381,
              56.7920715
            ],
            [
              -4.0193915,
              56.7924155
            ],
            [
              -4.0203882,
              56.7927242
            ],
            [
              -4.0214029,
              56.7929703
            ],
            [
              -4.0223205,
              56.7931597
            ],
            [
              -4.0229373,
              56.793287
            ],
            [
              -4.0230777,
              56.793316
            ],
            [
              -4.0273667,
              56.7942015
            ],
            [
              -4.0290633,
              56.7946214
            ],
            [
              -4.0306992,
              56.7950888
            ],
            [
              -4.03179,
              56.7953798
            ],
            [
              -4.0336416,
              56.7957762
            ],
            [
              -4.0396201,
              56.7969505
            ],
            [
              -4.0424089,
              56.7975028
            ],
            [
              -4.0450902,
              56.7980166
            ],
            [
              -4.046441,
              56.7982096
            ],
            [
              -4.0474749,
              56.7983096
            ],
            [
              -4.048533,
              56.7983609
            ],
            [
              -4.0495883,
              56.7983631
            ],
            [
              -4.0541648,
              56.7982777
            ],
            [
              -4.0580201,
              56.7981981
            ],
            [
              -4.0593921,
              56.7981701
            ],
            [
              -4.061105,
              56.7982081
            ],
            [
              -4.0623177,
              56.798269
            ],
            [
              -4.0634615,
              56.7983657
            ],
            [
              -4.064235,
              56.7984315
            ],
            [
              -4.0655018,
              56.7985884
            ],
            [
              -4.0671124,
              56.7988374
            ],
            [
              -4.0689877,
              56.7991547
            ],
            [
              -4.0708193,
              56.7994543
            ],
            [
              -4.0725657,
              56.7997904
            ],
            [
              -4.0729844,
              56.7998758
            ],
            [
              -4.0744975,
              56.8002063
            ],
            [
              -4.077315,
              56.8008591
            ],
            [
              -4.0775052,
              56.8009032
            ],
            [
              -4.0802191,
              56.8015275
            ],
            [
              -4.0820932,
              56.8019722
            ],
            [
              -4.0847514,
              56.8025869
            ],
            [
              -4.0859578,
              56.8028393
            ],
            [
              -4.0870309,
              56.8030375
            ],
            [
              -4.088298,
              56.8032452
            ],
            [
              -4.0893519,
              56.803389
            ],
            [
              -4.0901958,
              56.8035051
            ],
            [
              -4.0906767,
              56.8035708
            ],
            [
              -4.0949915,
              56.8041322
            ],
            [
              -4.0974223,
              56.8044436
            ],
            [
              -4.0980806,
              56.8045572
            ],
            [
              -4.0987365,
              56.8046797
            ],
            [
              -4.0995389,
              56.8048581
            ],
            [
              -4.1000661,
              56.8049935
            ],
            [
              -4.1006302,
              56.8051611
            ],
            [
              -4.101106,
              56.8053135
            ],
            [
              -4.1019505,
              56.8056228
            ],
            [
              -4.1025709,
              56.8058753
            ],
            [
              -4.1033162,
              56.8062331
            ],
            [
              -4.1044668,
              56.8067842
            ],
            [
              -4.1046998,
              56.8068949
            ],
            [
              -4.1053478,
              56.8071863
            ],
            [
              -4.1062658,
              56.8075528
            ],
            [
              -4.106901,
              56.8077572
            ],
            [
              -4.107515,
              56.807941
            ],
            [
              -4.1080375,
              56.8080859
            ],
            [
              -4.1086005,
              56.8082246
            ],
            [
              -4.1096911,
              56.8084323
            ],
            [
              -4.1107915,
              56.8085919
            ],
            [
              -4.1117903,
              56.8087325
            ],
            [
              -4.1126859,
              56.8088835
            ],
            [
              -4.113625,
              56.8090748
            ],
            [
              -4.1142192,
              56.8092251
            ],
            [
              -4.1146043,
              56.8093368
            ],
            [
              -4.1157972,
              56.8096605
            ],
            [
              -4.1165576,
              56.8098448
            ],
            [
              -4.1173037,
              56.8099954
            ],
            [
              -4.1175517,
              56.8100444
            ],
            [
              -4.1180807,
              56.8101489
            ],
            [
              -4.1187796,
              56.8103006
            ],
            [
              -4.1197774,
              56.8105469
            ],
            [
              -4.1206113,
              56.8108015
            ],
            [
              -4.1215858,
              56.8111571
            ],
            [
              -4.1237347,
              56.8121036
            ],
            [
              -4.1249738,
              56.8125716
            ],
            [
              -4.1256074,
              56.8127837
            ],
            [
              -4.1262774,
              56.8129948
            ],
            [
              -4.1269129,
              56.8131851
            ],
            [
              -4.1276338,
              56.8133856
            ],
            [
              -4.1288139,
              56.8137506
            ],
            [
              -4.1297068,
              56.8140926
            ],
            [
              -4.1310707,
              56.81471
            ],
            [
              -4.131675,
              56.8149897
            ],
            [
              -4.1322073,
              56.8152367
            ],
            [
              -4.1330346,
              56.8156076
            ],
            [
              -4.1339646,
              56.8159682
            ],
            [
              -4.1346558,
              56.816206
            ],
            [
              -4.1353302,
              56.8164134
            ],
            [
              -4.1359355,
              56.8165852
            ],
            [
              -4.1365171,
              56.8167391
            ],
            [
              -4.1371642,
              56.8168849
            ],
            [
              -4.1378046,
              56.8170081
            ],
            [
              -4.1390834,
              56.8172242
            ],
            [
              -4.1401643,
              56.8173717
            ],
            [
              -4.140915,
              56.8174489
            ],
            [
              -4.1414907,
              56.8174938
            ],
            [
              -4.1427859,
              56.8175718
            ],
            [
              -4.1433782,
              56.8175917
            ],
            [
              -4.1439357,
              56.8175941
            ],
            [
              -4.1446683,
              56.817592
            ],
            [
              -4.1454282,
              56.8175604
            ],
            [
              -4.1476695,
              56.8173979
            ],
            [
              -4.148332,
              56.817365
            ],
            [
              -4.1497295,
              56.8173092
            ],
            [
              -4.1511617,
              56.817289
            ],
            [
              -4.1521673,
              56.8172852
            ],
            [
              -4.1533997,
              56.8173
            ],
            [
              -4.1545902,
              56.8173447
            ],
            [
              -4.1555912,
              56.8173545
            ],
            [
              -4.1567402,
              56.8173278
            ],
            [
              -4.157697,
              56.8172593
            ],
            [
              -4.1588899,
              56.8171365
            ],
            [
              -4.1600623,
              56.8170358
            ],
            [
              -4.1610768,
              56.8169862
            ],
            [
              -4.1621302,
              56.8169803
            ],
            [
              -4.1627522,
              56.8169999
            ],
            [
              -4.1633697,
              56.8170381
            ],
            [
              -4.1645712,
              56.8171293
            ],
            [
              -4.1655759,
              56.8171912
            ],
            [
              -4.1661241,
              56.8172115
            ],
            [
              -4.1666692,
              56.8172148
            ],
            [
              -4.1676374,
              56.8171868
            ],
            [
              -4.1686364,
              56.8171387
            ],
            [
              -4.1694298,
              56.8170929
            ],
            [
              -4.1703047,
              56.8170622
            ],
            [
              -4.170911,
              56.8170638
            ],
            [
              -4.1717562,
              56.8170947
            ],
            [
              -4.1726954,
              56.8171657
            ],
            [
              -4.1735236,
              56.8172641
            ],
            [
              -4.1743841,
              56.8174005
            ],
            [
              -4.1753567,
              56.8175574
            ],
            [
              -4.1762921,
              56.8176898
            ],
            [
              -4.1772596,
              56.8178008
            ],
            [
              -4.1793007,
              56.8179361
            ],
            [
              -4.1802797,
              56.8180073
            ],
            [
              -4.1809112,
              56.818073
            ],
            [
              -4.181532,
              56.818158
            ],
            [
              -4.1821203,
              56.8182481
            ],
            [
              -4.1827071,
              56.818366
            ],
            [
              -4.1830137,
              56.8184317
            ],
            [
              -4.1836955,
              56.8185886
            ],
            [
              -4.1846543,
              56.818862
            ],
            [
              -4.1848132,
              56.8189103
            ],
            [
              -4.1854902,
              56.8191455
            ],
            [
              -4.1861427,
              56.819399
            ],
            [
              -4.1868802,
              56.8197412
            ],
            [
              -4.1879236,
              56.8202831
            ],
            [
              -4.1890764,
              56.8208633
            ],
            [
              -4.1900656,
              56.8212881
            ],
            [
              -4.1910311,
              56.8216602
            ],
            [
              -4.1919725,
              56.8219742
            ],
            [
              -4.1931621,
              56.822321
            ],
            [
              -4.1942869,
              56.8225889
            ],
            [
              -4.1956772,
              56.8228621
            ],
            [
              -4.196656,
              56.8230314
            ],
            [
              -4.1977774,
              56.8231984
            ],
            [
              -4.2007636,
              56.8236457
            ],
            [
              -4.2015296,
              56.8237569
            ],
            [
              -4.202322,
              56.8238934
            ],
            [
              -4.2031744,
              56.8240673
            ],
            [
              -4.2033285,
              56.8241058
            ],
            [
              -4.2040889,
              56.8243061
            ],
            [
              -4.2048553,
              56.8245465
            ],
            [
              -4.2055575,
              56.8248079
            ],
            [
              -4.206472,
              56.8251668
            ],
            [
              -4.2072611,
              56.8254645
            ],
            [
              -4.2077652,
              56.825645
            ],
            [
              -4.2082473,
              56.8258046
            ],
            [
              -4.213999,
              56.8276263
            ],
            [
              -4.2163808,
              56.8284977
            ],
            [
              -4.219476,
              56.8296355
            ],
            [
              -4.2205493,
              56.8300415
            ],
            [
              -4.2215572,
              56.8304793
            ],
            [
              -4.2218905,
              56.8306441
            ],
            [
              -4.2220082,
              56.8307
            ],
            [
              -4.2223605,
              56.8308675
            ],
            [
              -4.2231417,
              56.8312725
            ],
            [
              -4.2239385,
              56.8316665
            ],
            [
              -4.225503,
              56.8324617
            ],
            [
              -4.22789,
              56.8337087
            ],
            [
              -4.2300966,
              56.8350535
            ],
            [
              -4.2316915,
              56.8359685
            ],
            [
              -4.2333476,
              56.8369353
            ],
            [
              -4.2346631,
              56.8377153
            ],
            [
              -4.2351378,
              56.8379811
            ],
            [
              -4.2355418,
              56.8382539
            ],
            [
              -4.2362786,
              56.8387898
            ],
            [
              -4.236604,
              56.8390525
            ],
            [
              -4.2368715,
              56.8393018
            ],
            [
              -4.2373678,
              56.8398358
            ],
            [
              -4.2379381,
              56.8405533
            ],
            [
              -4.2385313,
              56.8414219
            ],
            [
              -4.2392404,
              56.8424445
            ],
            [
              -4.2403991,
              56.8440986
            ],
            [
              -4.2412274,
              56.8452595
            ],
            [
              -4.2418994,
              56.846273
            ],
            [
              -4.2424995,
              56.8470645
            ],
            [
              -4.2426233,
              56.8472149
            ],
            [
              -4.2428881,
              56.8474906
            ],
            [
              -4.2435126,
              56.848049
            ],
            [
              -4.2449152,
              56.8491832
            ],
            [
              -4.2454908,
              56.849699
            ],
            [
              -4.2456186,
              56.849827
            ],
            [
              -4.2457136,
              56.8499314
            ],
            [
              -4.2460408,
              56.8502932
            ],
            [
              -4.2462507,
              56.8505543
            ],
            [
              -4.2464474,
              56.8508381
            ],
            [
              -4.2469463,
              56.8517472
            ],
            [
              -4.2469903,
              56.8518499
            ],
            [
              -4.2471236,
              56.8521155
            ],
            [
              -4.2476678,
              56.8532127
            ],
            [
              -4.2482421,
              56.8543133
            ],
            [
              -4.2484542,
              56.8546682
            ],
            [
              -4.2490853,
              56.8557239
            ],
            [
              -4.2502967,
              56.8577777
            ],
            [
              -4.2515128,
              56.8597871
            ],
            [
              -4.2542029,
              56.8642951
            ],
            [
              -4.255002,
              56.865678
            ],
            [
              -4.2553852,
              56.8663951
            ],
            [
              -4.2555824,
              56.8668078
            ],
            [
              -4.2556216,
              56.8668897
            ],
            [
              -4.2557315,
              56.8671197
            ],
            [
              -4.2561369,
              56.8680611
            ],
            [
              -4.2564931,
              56.8690173
            ],
            [
              -4.2568601,
              56.8701753
            ],
            [
              -4.2570555,
              56.8708845
            ],
            [
              -4.2572121,
              56.8715962
            ],
            [
              -4.2573934,
              56.8727755
            ],
            [
              -4.2575069,
              56.8735618
            ],
            [
              -4.257572,
              56.8743458
            ],
            [
              -4.257595,
              56.8746538
            ],
            [
              -4.2575982,
              56.8754582
            ],
            [
              -4.2575876,
              56.8766579
            ],
            [
              -4.2575427,
              56.877478
            ],
            [
              -4.2575187,
              56.8777136
            ],
            [
              -4.2573736,
              56.8785196
            ],
            [
              -4.2572441,
              56.8790754
            ],
            [
              -4.2570551,
              56.8797261
            ],
            [
              -4.2567839,
              56.8804314
            ],
            [
              -4.2564724,
              56.8810981
            ],
            [
              -4.255891,
              56.8822037
            ],
            [
              -4.2555424,
              56.8829607
            ],
            [
              -4.2553935,
              56.8833921
            ],
            [
              -4.2553448,
              56.8835443
            ],
            [
              -4.2553177,
              56.8836314
            ],
            [
              -4.2551999,
              56.884024
            ],
            [
              -4.2550017,
              56.8849191
            ],
            [
              -4.2549256,
              56.8855761
            ],
            [
              -4.2549051,
              56.8862288
            ],
            [
              -4.2548834,
              56.8867826
            ],
            [
              -4.2548421,
              56.8873682
            ],
            [
              -4.2547459,
              56.8878408
            ],
            [
              -4.2546177,
              56.8883031
            ],
            [
              -4.2544515,
              56.8887393
            ],
            [
              -4.2542516,
              56.8891609
            ],
            [
              -4.2538975,
              56.8898278
            ],
            [
              -4.2530714,
              56.891292
            ],
            [
              -4.2517468,
              56.8936718
            ],
            [
              -4.2507977,
              56.8953525
            ],
            [
              -4.250234,
              56.8962724
            ],
            [
              -4.2496461,
              56.8971046
            ],
            [
              -4.2491868,
              56.8976778
            ],
            [
              -4.2486678,
              56.8982391
            ],
            [
              -4.2481246,
              56.8987969
            ],
            [
              -4.2462841,
              56.9007037
            ],
            [
              -4.2451486,
              56.9018869
            ],
            [
              -4.2441032,
              56.9031149
            ],
            [
              -4.2433586,
              56.904054
            ],
            [
              -4.2426851,
              56.9050072
            ],
            [
              -4.242209,
              56.9057208
            ],
            [
              -4.2417786,
              56.9064235
            ],
            [
              -4.2413976,
              56.9071278
            ],
            [
              -4.2407469,
              56.9084745
            ],
            [
              -4.2402651,
              56.9096466
            ],
            [
              -4.2398798,
              56.9107312
            ],
            [
              -4.2394429,
              56.9121993
            ],
            [
              -4.2390196,
              56.9137006
            ],
            [
              -4.2386556,
              56.9148742
            ],
            [
              -4.2382793,
              56.9161623
            ],
            [
              -4.2380627,
              56.9169769
            ],
            [
              -4.2379934,
              56.9175025
            ],
            [
              -4.2379825,
              56.9181503
            ],
            [
              -4.2381154,
              56.9188577
            ],
            [
              -4.2382143,
              56.9192437
            ],
            [
              -4.238365,
              56.9196302
            ],
            [
              -4.2388513,
              56.920599
            ],
            [
              -4.2392152,
              56.9211337
            ],
            [
              -4.2395352,
              56.9216144
            ],
            [
              -4.2398968,
              56.9220933
            ],
            [
              -4.2410398,
              56.9234076
            ],
            [
              -4.2452303,
              56.9279766
            ],
            [
              -4.2453429,
              56.9281049
            ],
            [
              -4.24574,
              56.9285433
            ],
            [
              -4.2461108,
              56.928992
            ],
            [
              -4.2464465,
              56.9294912
            ],
            [
              -4.2467629,
              56.9300504
            ],
            [
              -4.2470132,
              56.9306551
            ],
            [
              -4.2471387,
              56.93119
            ],
            [
              -4.2472118,
              56.9317306
            ],
            [
              -4.2471837,
              56.9326294
            ],
            [
              -4.2470527,
              56.9332445
            ],
            [
              -4.2469519,
              56.933527
            ],
            [
              -4.2468146,
              56.9339119
            ],
            [
              -4.2466127,
              56.9343786
            ],
            [
              -4.2465721,
              56.9344723
            ],
            [
              -4.2464418,
              56.9347139
            ],
            [
              -4.2462008,
              56.9351479
            ],
            [
              -4.2459234,
              56.9356099
            ],
            [
              -4.2457448,
              56.9358946
            ],
            [
              -4.24546,
              56.9362948
            ],
            [
              -4.2451295,
              56.9367183
            ],
            [
              -4.2447729,
              56.9371287
            ],
            [
              -4.2444624,
              56.937459
            ],
            [
              -4.244172,
              56.9377565
            ],
            [
              -4.2438894,
              56.9380335
            ],
            [
              -4.2432835,
              56.9385912
            ],
            [
              -4.2430081,
              56.9388236
            ],
            [
              -4.2429434,
              56.9388781
            ],
            [
              -4.2428671,
              56.9389425
            ],
            [
              -4.2424552,
              56.9392802
            ],
            [
              -4.2424433,
              56.93929
            ],
            [
              -4.2415984,
              56.9399477
            ],
            [
              -4.2411384,
              56.9402769
            ],
            [
              -4.240673,
              56.9405974
            ],
            [
              -4.2401916,
              56.9409171
            ],
            [
              -4.2396927,
              56.9412265
            ],
            [
              -4.2395986,
              56.9412883
            ],
            [
              -4.2387526,
              56.9418169
            ],
            [
              -4.2378795,
              56.9423436
            ],
            [
              -4.2361298,
              56.9434
            ],
            [
              -4.233351,
              56.9451088
            ],
            [
              -4.2307117,
              56.9467005
            ],
            [
              -4.2261627,
              56.9494682
            ],
            [
              -4.2230621,
              56.951364
            ],
            [
              -4.2206318,
              56.9528252
            ],
            [
              -4.2202678,
              56.9530444
            ],
            [
              -4.2182902,
              56.9542427
            ],
            [
              -4.2138698,
              56.9569244
            ],
            [
              -4.2138264,
              56.9569502
            ],
            [
              -4.2137621,
              56.9569885
            ],
            [
              -4.2124104,
              56.9578117
            ],
            [
              -4.2121474,
              56.9579733
            ],
            [
              -4.2079988,
              56.9604846
            ],
            [
              -4.2034712,
              56.963222
            ],
            [
              -4.2011322,
              56.9646697
            ],
            [
              -4.1996675,
              56.9655518
            ],
            [
              -4.1982543,
              56.9664009
            ],
            [
              -4.1952694,
              56.9682139
            ],
            [
              -4.1950624,
              56.9683481
            ],
            [
              -4.1943766,
              56.9687926
            ],
            [
              -4.1932212,
              56.9695949
            ],
            [
              -4.1914767,
              56.9708722
            ],
            [
              -4.1904926,
              56.9716573
            ],
            [
              -4.1893735,
              56.9726087
            ],
            [
              -4.1885045,
              56.9733981
            ],
            [
              -4.1867986,
              56.9750822
            ],
            [
              -4.1852227,
              56.976655
            ],
            [
              -4.1836314,
              56.9782435
            ],
            [
              -4.1835315,
              56.9783466
            ],
            [
              -4.1824465,
              56.9794237
            ],
            [
              -4.1821432,
              56.9797304
            ],
            [
              -4.1813591,
              56.9805022
            ],
            [
              -4.1811746,
              56.9807122
            ],
            [
              -4.1810621,
              56.9808461
            ],
            [
              -4.180787,
              56.9811855
            ],
            [
              -4.1805437,
              56.9815487
            ],
            [
              -4.1802433,
              56.9820748
            ],
            [
              -4.1801189,
              56.9825206
            ],
            [
              -4.1800185,
              56.9829552
            ],
            [
              -4.1799805,
              56.9834289
            ],
            [
              -4.1800079,
              56.9840318
            ],
            [
              -4.1800801,
              56.9846529
            ],
            [
              -4.1800801,
              56.9852742
            ],
            [
              -4.1799771,
              56.9858347
            ],
            [
              -4.1797868,
              56.9863665
            ],
            [
              -4.1795587,
              56.9868192
            ],
            [
              -4.1791933,
              56.9874257
            ],
            [
              -4.1788831,
              56.9879457
            ],
            [
              -4.1786737,
              56.9884497
            ],
            [
              -4.1785589,
              56.9887827
            ],
            [
              -4.1784881,
              56.9891484
            ],
            [
              -4.178437,
              56.9897566
            ],
            [
              -4.1784846,
              56.990308
            ],
            [
              -4.1787998,
              56.9916399
            ],
            [
              -4.178842,
              56.9918234
            ],
            [
              -4.1791686,
              56.9931212
            ],
            [
              -4.179287,
              56.9938925
            ],
            [
              -4.1792948,
              56.9943997
            ],
            [
              -4.1792399,
              56.9948047
            ],
            [
              -4.1790622,
              56.9954439
            ],
            [
              -4.1787765,
              56.9960667
            ],
            [
              -4.1784925,
              56.9965466
            ],
            [
              -4.1780374,
              56.997157
            ],
            [
              -4.1775821,
              56.9976487
            ],
            [
              -4.1775213,
              56.9977153
            ],
            [
              -4.1764506,
              56.9986947
            ],
            [
              -4.1756245,
              56.9993959
            ],
            [
              -4.1745087,
              57.0002783
            ],
            [
              -4.1726633,
              57.0016397
            ],
            [
              -4.1724783,
              57.0017777
            ],
            [
              -4.171966,
              57.0021598
            ],
            [
              -4.1715154,
              57.0025454
            ],
            [
              -4.171054,
              57.0029661
            ],
            [
              -4.1704639,
              57.0035737
            ],
            [
              -4.1698738,
              57.0042924
            ],
            [
              -4.1693589,
              57.0050578
            ],
            [
              -4.1689297,
              57.0059049
            ],
            [
              -4.1679427,
              57.0080783
            ],
            [
              -4.1671058,
              57.0098425
            ],
            [
              -4.1665694,
              57.0109232
            ],
            [
              -4.1663226,
              57.0113789
            ],
            [
              -4.1659685,
              57.0119221
            ],
            [
              -4.1654643,
              57.0124888
            ],
            [
              -4.1651129,
              57.0130087
            ],
            [
              -4.1647588,
              57.0133124
            ],
            [
              -4.1640615,
              57.0139199
            ],
            [
              -4.1633855,
              57.0145741
            ],
            [
              -4.1628491,
              57.01524
            ],
            [
              -4.1624307,
              57.0159351
            ],
            [
              -4.1621624,
              57.0166009
            ],
            [
              -4.1620444,
              57.0170623
            ],
            [
              -4.1618459,
              57.0178128
            ],
            [
              -4.1618567,
              57.0184144
            ],
            [
              -4.1617708,
              57.019016
            ],
            [
              -4.1615992,
              57.0195825
            ],
            [
              -4.1604941,
              57.0221988
            ],
            [
              -4.1597538,
              57.0239449
            ],
            [
              -4.1591959,
              57.0251186
            ],
            [
              -4.1587346,
              57.0261931
            ],
            [
              -4.1582089,
              57.0275302
            ],
            [
              -4.1578655,
              57.0282893
            ],
            [
              -4.1574819,
              57.0291404
            ],
            [
              -4.1573598,
              57.0295187
            ],
            [
              -4.1572888,
              57.0300117
            ],
            [
              -4.1572749,
              57.0304846
            ],
            [
              -4.157287,
              57.0311048
            ],
            [
              -4.1573785,
              57.0318056
            ],
            [
              -4.1573758,
              57.0323272
            ],
            [
              -4.1572975,
              57.0328254
            ],
            [
              -4.1571204,
              57.0334655
            ],
            [
              -4.1568155,
              57.0341371
            ],
            [
              -4.1564351,
              57.0347362
            ],
            [
              -4.1561103,
              57.0351792
            ],
            [
              -4.1554876,
              57.0358235
            ],
            [
              -4.1551227,
              57.0362068
            ],
            [
              -4.154626,
              57.0367418
            ],
            [
              -4.1535603,
              57.0378259
            ],
            [
              -4.1529131,
              57.0385256
            ],
            [
              -4.1520243,
              57.0394409
            ],
            [
              -4.1502288,
              57.041351
            ],
            [
              -4.1496058,
              57.0419827
            ],
            [
              -4.1489796,
              57.0426474
            ],
            [
              -4.1486207,
              57.0429865
            ],
            [
              -4.1477789,
              57.0436749
            ],
            [
              -4.1473051,
              57.0439972
            ],
            [
              -4.1466657,
              57.0443712
            ],
            [
              -4.1457103,
              57.0448661
            ],
            [
              -4.1446449,
              57.0452791
            ],
            [
              -4.1429068,
              57.0459269
            ],
            [
              -4.1415086,
              57.0465175
            ],
            [
              -4.140318,
              57.0470571
            ],
            [
              -4.1388992,
              57.047739
            ],
            [
              -4.1330256,
              57.0506247
            ],
            [
              -4.1311802,
              57.0515059
            ],
            [
              -4.1296245,
              57.0522703
            ],
            [
              -4.1283961,
              57.0528786
            ],
            [
              -4.1276611,
              57.0533017
            ],
            [
              -4.1266137,
              57.0539654
            ],
            [
              -4.126416,
              57.0540989
            ],
            [
              -4.125575,
              57.054666
            ],
            [
              -4.1253137,
              57.0548318
            ],
            [
              -4.1231038,
              57.0563337
            ],
            [
              -4.1230134,
              57.0563923
            ],
            [
              -4.1199296,
              57.058444
            ],
            [
              -4.1198948,
              57.0584672
            ],
            [
              -4.1187818,
              57.0591925
            ],
            [
              -4.1166279,
              57.0606561
            ],
            [
              -4.1157957,
              57.0611701
            ],
            [
              -4.1143306,
              57.0621974
            ],
            [
              -4.1121526,
              57.0636499
            ],
            [
              -4.1106399,
              57.0646182
            ],
            [
              -4.1095348,
              57.0652716
            ],
            [
              -4.1082858,
              57.0659556
            ],
            [
              -4.1072067,
              57.0665198
            ],
            [
              -4.1058548,
              57.0671673
            ],
            [
              -4.1044493,
              57.0677972
            ],
            [
              -4.1033335,
              57.0682755
            ],
            [
              -4.1018315,
              57.0688646
            ],
            [
              -4.0997072,
              57.069617
            ],
            [
              -4.0982695,
              57.0700835
            ],
            [
              -4.0963598,
              57.0706609
            ],
            [
              -4.0958654,
              57.0708032
            ],
            [
              -4.0946488,
              57.0711356
            ],
            [
              -4.0943706,
              57.0712072
            ],
            [
              -4.0926011,
              57.0716442
            ],
            [
              -4.0915112,
              57.071874
            ],
            [
              -4.0903627,
              57.0721209
            ],
            [
              -4.0902758,
              57.072142
            ],
            [
              -4.0889891,
              57.0723726
            ],
            [
              -4.0867682,
              57.0727255
            ],
            [
              -4.0840502,
              57.0731399
            ],
            [
              -4.0832492,
              57.073262
            ],
            [
              -4.0763438,
              57.0743005
            ],
            [
              -4.0716672,
              57.0749908
            ],
            [
              -4.0678882,
              57.075563
            ],
            [
              -4.0624487,
              57.0763852
            ],
            [
              -4.0602657,
              57.0766954
            ],
            [
              -4.0601173,
              57.076715
            ],
            [
              -4.0599633,
              57.076739
            ],
            [
              -4.059681,
              57.0767813
            ],
            [
              -4.0582809,
              57.0769931
            ],
            [
              -4.0578585,
              57.0770553
            ],
            [
              -4.0572995,
              57.0771409
            ],
            [
              -4.0564863,
              57.0772699
            ],
            [
              -4.0542598,
              57.0776039
            ],
            [
              -4.053274,
              57.0777625
            ],
            [
              -4.052183,
              57.0779537
            ],
            [
              -4.0518726,
              57.0780165
            ],
            [
              -4.0516556,
              57.0780616
            ],
            [
              -4.0510824,
              57.0781855
            ],
            [
              -4.0504158,
              57.0783363
            ],
            [
              -4.0498459,
              57.0784757
            ],
            [
              -4.0494319,
              57.0785821
            ],
            [
              -4.0493627,
              57.0786021
            ],
            [
              -4.0484002,
              57.0788678
            ],
            [
              -4.0474605,
              57.0791492
            ],
            [
              -4.0443178,
              57.080039
            ],
            [
              -4.0441116,
              57.0800965
            ],
            [
              -4.0395935,
              57.0813955
            ],
            [
              -4.0321183,
              57.0835247
            ],
            [
              -4.0268456,
              57.0850454
            ],
            [
              -4.0256138,
              57.0853775
            ],
            [
              -4.0232515,
              57.0860562
            ],
            [
              -4.0231507,
              57.0860852
            ],
            [
              -4.0173463,
              57.0877527
            ],
            [
              -4.0116127,
              57.0894
            ],
            [
              -4.0060659,
              57.0909797
            ],
            [
              -4.0056195,
              57.0911084
            ],
            [
              -4.003963,
              57.0915859
            ],
            [
              -4.0019568,
              57.0922271
            ],
            [
              -4.0007659,
              57.0926526
            ],
            [
              -3.9993918,
              57.0931434
            ],
            [
              -3.9993037,
              57.093175
            ],
            [
              -3.9987757,
              57.093371
            ],
            [
              -3.9975285,
              57.0938664
            ],
            [
              -3.9957063,
              57.0946255
            ],
            [
              -3.9943528,
              57.0951894
            ],
            [
              -3.9889722,
              57.0974392
            ],
            [
              -3.9854854,
              57.0989252
            ],
            [
              -3.9832913,
              57.0998547
            ],
            [
              -3.9816122,
              57.1005482
            ],
            [
              -3.9798366,
              57.1013291
            ],
            [
              -3.9773529,
              57.1023577
            ],
            [
              -3.9768369,
              57.1025661
            ],
            [
              -3.9750516,
              57.1033337
            ],
            [
              -3.9728575,
              57.1042428
            ],
            [
              -3.970744,
              57.1051488
            ],
            [
              -3.9706905,
              57.1051715
            ],
            [
              -3.9686518,
              57.1060374
            ],
            [
              -3.9608465,
              57.1092972
            ],
            [
              -3.9550193,
              57.1117727
            ],
            [
              -3.9512062,
              57.1133817
            ],
            [
              -3.9498777,
              57.1139352
            ],
            [
              -3.9462374,
              57.1154873
            ],
            [
              -3.9455327,
              57.1158506
            ],
            [
              -3.9431043,
              57.1171857
            ],
            [
              -3.9400002,
              57.1189816
            ],
            [
              -3.9381948,
              57.1199968
            ],
            [
              -3.9368012,
              57.1208398
            ],
            [
              -3.9359696,
              57.1213877
            ],
            [
              -3.9352081,
              57.1219937
            ],
            [
              -3.9345257,
              57.1225162
            ],
            [
              -3.9340679,
              57.1229336
            ],
            [
              -3.9339003,
              57.1230863
            ],
            [
              -3.9335489,
              57.1234719
            ],
            [
              -3.9331579,
              57.1239287
            ],
            [
              -3.9326754,
              57.1245455
            ],
            [
              -3.9323482,
              57.1249673
            ],
            [
              -3.9317677,
              57.1258106
            ],
            [
              -3.9310947,
              57.1266159
            ],
            [
              -3.9310237,
              57.1267089
            ],
            [
              -3.9307757,
              57.1270328
            ],
            [
              -3.9303314,
              57.1276131
            ],
            [
              -3.9300384,
              57.1279811
            ],
            [
              -3.9297411,
              57.1283109
            ],
            [
              -3.9294388,
              57.1286385
            ],
            [
              -3.929151,
              57.1289314
            ],
            [
              -3.9287615,
              57.1293117
            ],
            [
              -3.9283441,
              57.1296617
            ],
            [
              -3.928028,
              57.1299191
            ],
            [
              -3.9277225,
              57.1301619
            ],
            [
              -3.9275032,
              57.1303233
            ],
            [
              -3.9272265,
              57.1305093
            ],
            [
              -3.927151,
              57.1305647
            ],
            [
              -3.9268504,
              57.1307688
            ],
            [
              -3.9262259,
              57.1311991
            ],
            [
              -3.9253798,
              57.1316921
            ],
            [
              -3.9245858,
              57.1321405
            ],
            [
              -3.9244535,
              57.1322058
            ],
            [
              -3.9237597,
              57.132548
            ],
            [
              -3.9227727,
              57.1329964
            ],
            [
              -3.9217212,
              57.1334272
            ],
            [
              -3.9207878,
              57.1337707
            ],
            [
              -3.9197257,
              57.1341143
            ],
            [
              -3.918406,
              57.1344927
            ],
            [
              -3.9169255,
              57.1348711
            ],
            [
              -3.9098601,
              57.1366626
            ],
            [
              -3.9085615,
              57.1370225
            ],
            [
              -3.9076236,
              57.1373222
            ],
            [
              -3.906821,
              57.137623
            ],
            [
              -3.9058681,
              57.1380055
            ],
            [
              -3.9049057,
              57.1384385
            ],
            [
              -3.9041889,
              57.1387947
            ],
            [
              -3.9034184,
              57.1392299
            ],
            [
              -3.9026883,
              57.1395577
            ],
            [
              -3.9018085,
              57.1401223
            ],
            [
              -3.8999095,
              57.1414554
            ],
            [
              -3.897019,
              57.1435242
            ],
            [
              -3.8958004,
              57.1443775
            ],
            [
              -3.8951305,
              57.1448818
            ],
            [
              -3.8920131,
              57.1470782
            ],
            [
              -3.8882687,
              57.1497437
            ],
            [
              -3.8868331,
              57.1507866
            ],
            [
              -3.8848677,
              57.1521298
            ],
            [
              -3.8827541,
              57.153637
            ],
            [
              -3.8818958,
              57.1542073
            ],
            [
              -3.8812843,
              57.154568
            ],
            [
              -3.8806727,
              57.1548997
            ],
            [
              -3.8798788,
              57.1552838
            ],
            [
              -3.87916,
              57.1556155
            ],
            [
              -3.8784304,
              57.1559122
            ],
            [
              -3.8776472,
              57.1561915
            ],
            [
              -3.8760057,
              57.1567676
            ],
            [
              -3.8739457,
              57.1574891
            ],
            [
              -3.8716069,
              57.1583095
            ],
            [
              -3.8705662,
              57.1587168
            ],
            [
              -3.8693323,
              57.1592172
            ],
            [
              -3.8682916,
              57.1596884
            ],
            [
              -3.8674359,
              57.1600968
            ],
            [
              -3.867228,
              57.160197
            ],
            [
              -3.8660439,
              57.1608321
            ],
            [
              -3.8656111,
              57.1610666
            ],
            [
              -3.8616612,
              57.1631327
            ],
            [
              -3.8580134,
              57.1650641
            ],
            [
              -3.8558569,
              57.1661985
            ],
            [
              -3.8552132,
              57.1665475
            ],
            [
              -3.85443,
              57.1670013
            ],
            [
              -3.8535931,
              57.1675015
            ],
            [
              -3.8529494,
              57.1679552
            ],
            [
              -3.8521984,
              57.1685253
            ],
            [
              -3.850235,
              57.1701191
            ],
            [
              -3.8495484,
              57.17066
            ],
            [
              -3.8488295,
              57.1711777
            ],
            [
              -3.8479149,
              57.1717959
            ],
            [
              -3.8472247,
              57.1721929
            ],
            [
              -3.8470275,
              57.1722876
            ],
            [
              -3.8459435,
              57.172783
            ],
            [
              -3.8451174,
              57.173132
            ],
            [
              -3.8442698,
              57.1734635
            ],
            [
              -3.8434222,
              57.1737543
            ],
            [
              -3.8426605,
              57.1739869
            ],
            [
              -3.8415339,
              57.174301
            ],
            [
              -3.8382738,
              57.1751195
            ],
            [
              -3.837457,
              57.1753246
            ],
            [
              -3.8370041,
              57.1754436
            ],
            [
              -3.8363948,
              57.1756037
            ],
            [
              -3.8358262,
              57.1758015
            ],
            [
              -3.8352468,
              57.1760399
            ],
            [
              -3.8346353,
              57.1763423
            ],
            [
              -3.8340345,
              57.1766971
            ],
            [
              -3.8337348,
              57.176919
            ],
            [
              -3.8335743,
              57.1770404
            ],
            [
              -3.8332405,
              57.177331
            ],
            [
              -3.8328972,
              57.1776624
            ],
            [
              -3.8325968,
              57.1780346
            ],
            [
              -3.832393,
              57.1783603
            ],
            [
              -3.8321823,
              57.1787318
            ],
            [
              -3.8320711,
              57.1790639
            ],
            [
              -3.8319745,
              57.1793954
            ],
            [
              -3.8319423,
              57.1797327
            ],
            [
              -3.8319423,
              57.1800874
            ],
            [
              -3.831996,
              57.1804189
            ],
            [
              -3.8320934,
              57.1810537
            ],
            [
              -3.8321033,
              57.1815121
            ],
            [
              -3.832069,
              57.1817384
            ],
            [
              -3.8320389,
              57.1819365
            ],
            [
              -3.8319316,
              57.1822215
            ],
            [
              -3.8317492,
              57.1826285
            ],
            [
              -3.8315561,
              57.1829541
            ],
            [
              -3.8313523,
              57.1832332
            ],
            [
              -3.8309768,
              57.1836228
            ],
            [
              -3.8304296,
              57.1841344
            ],
            [
              -3.8301192,
              57.1844884
            ],
            [
              -3.8300376,
              57.1845859
            ],
            [
              -3.8298803,
              57.1847886
            ],
            [
              -3.8296581,
              57.1850661
            ],
            [
              -3.8295172,
              57.1852835
            ],
            [
              -3.8293862,
              57.1854993
            ],
            [
              -3.829251,
              57.1857945
            ],
            [
              -3.8291239,
              57.1861404
            ],
            [
              -3.8290379,
              57.1864158
            ],
            [
              -3.8289673,
              57.1866395
            ],
            [
              -3.8289121,
              57.1868632
            ],
            [
              -3.828892,
              57.1869911
            ],
            [
              -3.8288724,
              57.1871155
            ],
            [
              -3.8288547,
              57.1873774
            ],
            [
              -3.8288503,
              57.1878678
            ],
            [
              -3.8288547,
              57.1882852
            ],
            [
              -3.8288238,
              57.1887432
            ],
            [
              -3.8287676,
              57.189145
            ],
            [
              -3.8287113,
              57.1894548
            ],
            [
              -3.828623,
              57.1897777
            ],
            [
              -3.8285391,
              57.1900252
            ],
            [
              -3.8284641,
              57.1902094
            ],
            [
              -3.8283912,
              57.190378
            ],
            [
              -3.8282544,
              57.1906614
            ],
            [
              -3.828133,
              57.1908953
            ],
            [
              -3.8280152,
              57.1911196
            ],
            [
              -3.82793,
              57.1912737
            ],
            [
              -3.8278475,
              57.1914242
            ],
            [
              -3.8277635,
              57.191559
            ],
            [
              -3.8276518,
              57.1917381
            ],
            [
              -3.826643,
              57.1933111
            ],
            [
              -3.8261925,
              57.1940223
            ],
            [
              -3.8258935,
              57.1945201
            ],
            [
              -3.8258626,
              57.1945906
            ],
            [
              -3.8257582,
              57.1947481
            ],
            [
              -3.8254195,
              57.1952595
            ],
            [
              -3.8249589,
              57.1959947
            ],
            [
              -3.8247395,
              57.1963368
            ],
            [
              -3.8244256,
              57.1968264
            ],
            [
              -3.8238715,
              57.1976845
            ],
            [
              -3.8227739,
              57.1993294
            ],
            [
              -3.8227326,
              57.1993913
            ],
            [
              -3.821798,
              57.2008087
            ],
            [
              -3.820205,
              57.203253
            ],
            [
              -3.8187259,
              57.2056191
            ],
            [
              -3.8186676,
              57.2057086
            ],
            [
              -3.8171736,
              57.2079065
            ],
            [
              -3.8153679,
              57.2107185
            ],
            [
              -3.8150046,
              57.2112842
            ],
            [
              -3.8141711,
              57.2125822
            ],
            [
              -3.8138857,
              57.2130265
            ],
            [
              -3.8127709,
              57.2148246
            ],
            [
              -3.8124275,
              57.2153504
            ],
            [
              -3.812339,
              57.2154796
            ],
            [
              -3.8116229,
              57.2165849
            ],
            [
              -3.8105598,
              57.2181795
            ],
            [
              -3.8098624,
              57.219318
            ],
            [
              -3.8093796,
              57.2201719
            ],
            [
              -3.8088754,
              57.2211884
            ],
            [
              -3.8085857,
              57.221961
            ],
            [
              -3.8082745,
              57.2227451
            ],
            [
              -3.8079849,
              57.2236744
            ],
            [
              -3.8077917,
              57.2244643
            ],
            [
              -3.8076308,
              57.2252949
            ],
            [
              -3.8075405,
              57.2259991
            ],
            [
              -3.8075329,
              57.2260579
            ],
            [
              -3.8073894,
              57.2271533
            ],
            [
              -3.807384,
              57.2275657
            ],
            [
              -3.8074055,
              57.2291801
            ],
            [
              -3.8074699,
              57.2326702
            ],
            [
              -3.8075315,
              57.2336912
            ],
            [
              -3.8075323,
              57.2341369
            ],
            [
              -3.8075235,
              57.2344586
            ],
            [
              -3.8075235,
              57.2359857
            ],
            [
              -3.8075664,
              57.2369843
            ],
            [
              -3.8075664,
              57.2380178
            ],
            [
              -3.8075342,
              57.2388945
            ],
            [
              -3.8075557,
              57.2393996
            ],
            [
              -3.8075557,
              57.239777
            ],
            [
              -3.8074591,
              57.2405839
            ],
            [
              -3.8073197,
              57.2412341
            ],
            [
              -3.8071266,
              57.2418959
            ],
            [
              -3.8069227,
              57.2424765
            ],
            [
              -3.8065043,
              57.2435911
            ],
            [
              -3.8062682,
              57.244247
            ],
            [
              -3.806,
              57.2451294
            ],
            [
              -3.8058605,
              57.245971
            ],
            [
              -3.805764,
              57.2467953
            ],
            [
              -3.8057627,
              57.2468204
            ],
            [
              -3.8057575,
              57.2469192
            ],
            [
              -3.8057318,
              57.2474048
            ],
            [
              -3.8057425,
              57.2482232
            ],
            [
              -3.8057747,
              57.2489255
            ],
            [
              -3.8058605,
              57.2496452
            ],
            [
              -3.8059893,
              57.2503185
            ],
            [
              -3.8061073,
              57.2508582
            ],
            [
              -3.8062575,
              57.2513864
            ],
            [
              -3.8071158,
              57.2537949
            ],
            [
              -3.8078239,
              57.2557912
            ],
            [
              -3.808532,
              57.2576946
            ],
            [
              -3.8087037,
              57.2582691
            ],
            [
              -3.8094011,
              57.2602187
            ],
            [
              -3.8101628,
              57.2623772
            ],
            [
              -3.8109589,
              57.2645634
            ],
            [
              -3.8114524,
              57.2658525
            ],
            [
              -3.8117914,
              57.2667041
            ],
            [
              -3.8120811,
              57.2673086
            ],
            [
              -3.8125339,
              57.2681208
            ],
            [
              -3.813124,
              57.2690374
            ],
            [
              -3.8135639,
              57.2696233
            ],
            [
              -3.8141325,
              57.2703136
            ],
            [
              -3.8145724,
              57.2708298
            ],
            [
              -3.8151088,
              57.2714099
            ],
            [
              -3.815774,
              57.272055
            ],
            [
              -3.8163941,
              57.2726187
            ],
            [
              -3.816907,
              57.2730653
            ],
            [
              -3.817658,
              57.2736547
            ],
            [
              -3.8184584,
              57.2742185
            ],
            [
              -3.8191708,
              57.274708
            ],
            [
              -3.8197908,
              57.2751337
            ],
            [
              -3.8205698,
              57.2756093
            ],
            [
              -3.8210714,
              57.2759055
            ],
            [
              -3.8212672,
              57.2760211
            ],
            [
              -3.8220777,
              57.2764684
            ],
            [
              -3.8229242,
              57.27692
            ],
            [
              -3.8232096,
              57.2770631
            ],
            [
              -3.8233823,
              57.2771479
            ],
            [
              -3.8238446,
              57.2773858
            ],
            [
              -3.8247765,
              57.2778471
            ],
            [
              -3.824833,
              57.2778734
            ],
            [
              -3.8263729,
              57.2786136
            ],
            [
              -3.8265583,
              57.2787015
            ],
            [
              -3.826697,
              57.2787704
            ],
            [
              -3.8270693,
              57.2789475
            ],
            [
              -3.8274423,
              57.2791302
            ],
            [
              -3.8277348,
              57.2792734
            ],
            [
              -3.8284031,
              57.2795953
            ],
            [
              -3.8287408,
              57.2797549
            ],
            [
              -3.8295912,
              57.2801676
            ],
            [
              -3.8297051,
              57.280222
            ],
            [
              -3.830107,
              57.2804118
            ],
            [
              -3.8302646,
              57.2804812
            ],
            [
              -3.8303947,
              57.2805432
            ],
            [
              -3.8306798,
              57.2806647
            ],
            [
              -3.8311992,
              57.2808692
            ],
            [
              -3.8312872,
              57.2809035
            ],
            [
              -3.8314528,
              57.2809795
            ],
            [
              -3.8317344,
              57.2811172
            ],
            [
              -3.8320794,
              57.281289
            ],
            [
              -3.8336326,
              57.282087
            ],
            [
              -3.8338728,
              57.2822191
            ],
            [
              -3.8351416,
              57.2829236
            ],
            [
              -3.8354275,
              57.2831134
            ],
            [
              -3.8355713,
              57.283217
            ],
            [
              -3.8356453,
              57.2832686
            ],
            [
              -3.8366767,
              57.2839345
            ],
            [
              -3.837543,
              57.2845425
            ],
            [
              -3.8385467,
              57.2852869
            ],
            [
              -3.8390137,
              57.2856591
            ],
            [
              -3.8403412,
              57.2867633
            ],
            [
              -3.8405209,
              57.2869042
            ],
            [
              -3.8416777,
              57.2878441
            ],
            [
              -3.842685,
              57.2886729
            ],
            [
              -3.8436291,
              57.2893106
            ],
            [
              -3.8445732,
              57.289902
            ],
            [
              -3.8452492,
              57.2902963
            ],
            [
              -3.8462684,
              57.2907949
            ],
            [
              -3.8473842,
              57.291305
            ],
            [
              -3.8486609,
              57.2918152
            ],
            [
              -3.8499377,
              57.2922732
            ],
            [
              -3.8516972,
              57.2927776
            ],
            [
              -3.8529417,
              57.2930848
            ],
            [
              -3.8558385,
              57.2936762
            ],
            [
              -3.856176,
              57.2937273
            ],
            [
              -3.8569865,
              57.2938501
            ],
            [
              -3.8584671,
              57.2940646
            ],
            [
              -3.860055,
              57.2943138
            ],
            [
              -3.861557,
              57.2945689
            ],
            [
              -3.8634989,
              57.2949283
            ],
            [
              -3.8685415,
              57.2959891
            ],
            [
              -3.8699469,
              57.2962906
            ],
            [
              -3.8711593,
              57.2965398
            ],
            [
              -3.872554,
              57.2968007
            ],
            [
              -3.8737986,
              57.2969572
            ],
            [
              -3.8759122,
              57.2971949
            ],
            [
              -3.8770387,
              57.2972586
            ],
            [
              -3.8790021,
              57.297334
            ],
            [
              -3.8801715,
              57.2973456
            ],
            [
              -3.8809181,
              57.2973355
            ],
            [
              -3.8811085,
              57.2973326
            ],
            [
              -3.8818452,
              57.2973224
            ],
            [
              -3.8834224,
              57.2972412
            ],
            [
              -3.8848815,
              57.2971137
            ],
            [
              -3.8863084,
              57.2969398
            ],
            [
              -3.8872111,
              57.2968097
            ],
            [
              -3.8873115,
              57.2967953
            ],
            [
              -3.8877568,
              57.2967311
            ],
            [
              -3.8890228,
              57.2965051
            ],
            [
              -3.8904068,
              57.296221
            ],
            [
              -3.8916406,
              57.295908
            ],
            [
              -3.8930247,
              57.2955254
            ],
            [
              -3.8947627,
              57.2949747
            ],
            [
              -3.896415,
              57.2944008
            ],
            [
              -3.9010606,
              57.2928182
            ],
            [
              -3.9047191,
              57.2915659
            ],
            [
              -3.9056471,
              57.291247
            ],
            [
              -3.9065296,
              57.2909804
            ],
            [
              -3.9069668,
              57.2908398
            ],
            [
              -3.9077124,
              57.290605
            ],
            [
              -3.9085869,
              57.2904151
            ],
            [
              -3.9093968,
              57.2902448
            ],
            [
              -3.910388,
              57.2900876
            ],
            [
              -3.9112288,
              57.2899883
            ],
            [
              -3.9121542,
              57.2898962
            ],
            [
              -3.9132995,
              57.2898933
            ],
            [
              -3.914662,
              57.2899351
            ],
            [
              -3.9155623,
              57.2900006
            ],
            [
              -3.9165957,
              57.290115
            ],
            [
              -3.9177583,
              57.290285
            ],
            [
              -3.9185057,
              57.2904122
            ],
            [
              -3.9194391,
              57.2906325
            ],
            [
              -3.9203081,
              57.2908818
            ],
            [
              -3.9212093,
              57.2911833
            ],
            [
              -3.9221535,
              57.2915717
            ],
            [
              -3.9228508,
              57.291908
            ],
            [
              -3.9237628,
              57.2924471
            ],
            [
              -3.9244494,
              57.2928993
            ],
            [
              -3.9249966,
              57.2933515
            ],
            [
              -3.9255545,
              57.2939312
            ],
            [
              -3.926048,
              57.2944935
            ],
            [
              -3.9263806,
              57.2949863
            ],
            [
              -3.9266488,
              57.2955196
            ],
            [
              -3.9267942,
              57.2958501
            ],
            [
              -3.9268982,
              57.2961906
            ],
            [
              -3.9269927,
              57.2966066
            ],
            [
              -3.9270265,
              57.2970475
            ],
            [
              -3.9270348,
              57.2971552
            ],
            [
              -3.9270973,
              57.297926
            ],
            [
              -3.9271188,
              57.2983339
            ],
            [
              -3.9271451,
              57.2986954
            ],
            [
              -3.927159,
              57.2991237
            ],
            [
              -3.9272186,
              57.2994826
            ],
            [
              -3.9274867,
              57.3003983
            ],
            [
              -3.9277003,
              57.3009103
            ],
            [
              -3.9281066,
              57.3015131
            ],
            [
              -3.9286337,
              57.3021274
            ],
            [
              -3.929095,
              57.3026027
            ],
            [
              -3.9297387,
              57.3031301
            ],
            [
              -3.9305971,
              57.3037154
            ],
            [
              -3.9315893,
              57.3042246
            ],
            [
              -3.9319666,
              57.3044052
            ],
            [
              -3.9322021,
              57.3045322
            ],
            [
              -3.9332747,
              57.3050417
            ],
            [
              -3.9344327,
              57.3055927
            ],
            [
              -3.935612,
              57.3061528
            ],
            [
              -3.9366901,
              57.3066639
            ],
            [
              -3.9377771,
              57.3071834
            ],
            [
              -3.9386423,
              57.3075947
            ],
            [
              -3.939506,
              57.308009
            ],
            [
              -3.9397859,
              57.3081347
            ],
            [
              -3.9404575,
              57.3084531
            ],
            [
              -3.9411213,
              57.308756
            ],
            [
              -3.9424569,
              57.3092713
            ],
            [
              -3.9425812,
              57.3093193
            ],
            [
              -3.9439115,
              57.3098003
            ],
            [
              -3.9451024,
              57.3101885
            ],
            [
              -3.9464865,
              57.310571
            ],
            [
              -3.9479992,
              57.3109244
            ],
            [
              -3.9494369,
              57.3112547
            ],
            [
              -3.9509497,
              57.3115792
            ],
            [
              -3.9519216,
              57.3118255
            ],
            [
              -3.9537063,
              57.3122427
            ],
            [
              -3.9555201,
              57.3126975
            ],
            [
              -3.9568612,
              57.3130741
            ],
            [
              -3.9582238,
              57.3134681
            ],
            [
              -3.9606271,
              57.3141981
            ],
            [
              -3.9616356,
              57.3145516
            ],
            [
              -3.9631591,
              57.3150846
            ],
            [
              -3.9647577,
              57.3156929
            ],
            [
              -3.9660666,
              57.3161912
            ],
            [
              -3.9679227,
              57.3169791
            ],
            [
              -3.9696607,
              57.3178249
            ],
            [
              -3.9721391,
              57.31914
            ],
            [
              -3.973609,
              57.3200032
            ],
            [
              -3.974714,
              57.3206636
            ],
            [
              -3.9754221,
              57.3211444
            ],
            [
              -3.9761088,
              57.3216368
            ],
            [
              -3.9766238,
              57.322048
            ],
            [
              -3.9770718,
              57.3224565
            ],
            [
              -3.9771709,
              57.322552
            ],
            [
              -3.9776537,
              57.3230849
            ],
            [
              -3.9780078,
              57.3235889
            ],
            [
              -3.9783404,
              57.3241333
            ],
            [
              -3.9785549,
              57.3246836
            ],
            [
              -3.9787052,
              57.3252455
            ],
            [
              -3.978791,
              57.3258826
            ],
            [
              -3.9787695,
              57.3264618
            ],
            [
              -3.9786837,
              57.3277881
            ],
            [
              -3.9786193,
              57.3288306
            ],
            [
              -3.9786301,
              57.3292998
            ],
            [
              -3.9787266,
              57.3298557
            ],
            [
              -3.9789519,
              57.330487
            ],
            [
              -3.9792107,
              57.3310017
            ],
            [
              -3.9792435,
              57.3310553
            ],
            [
              -3.9794991,
              57.3314426
            ],
            [
              -3.9798531,
              57.3319116
            ],
            [
              -3.9802608,
              57.332346
            ],
            [
              -3.9808295,
              57.3328556
            ],
            [
              -3.9812399,
              57.3331629
            ],
            [
              -3.9815068,
              57.3333434
            ],
            [
              -3.9818123,
              57.3335401
            ],
            [
              -3.9821956,
              57.3337726
            ],
            [
              -3.9825954,
              57.3339794
            ],
            [
              -3.9829656,
              57.3341591
            ],
            [
              -3.9833994,
              57.3343822
            ],
            [
              -3.9838389,
              57.33456
            ],
            [
              -3.984222,
              57.3347057
            ],
            [
              -3.9845283,
              57.3348225
            ],
            [
              -3.9848997,
              57.3349571
            ],
            [
              -3.9853192,
              57.3350972
            ],
            [
              -3.9861251,
              57.3353258
            ],
            [
              -3.9869449,
              57.3355193
            ],
            [
              -3.9888787,
              57.3359063
            ],
            [
              -3.9890139,
              57.3359333
            ],
            [
              -3.9900389,
              57.3361384
            ],
            [
              -3.992589,
              57.3366537
            ],
            [
              -3.9935481,
              57.3368565
            ],
            [
              -3.9943829,
              57.3370237
            ],
            [
              -3.9945167,
              57.3370505
            ],
            [
              -3.9958367,
              57.3373068
            ],
            [
              -3.9970802,
              57.3375495
            ],
            [
              -3.9978891,
              57.3377045
            ],
            [
              -3.9986908,
              57.337864
            ],
            [
              -4.0015871,
              57.3384404
            ],
            [
              -4.0026817,
              57.3386789
            ],
            [
              -4.003284,
              57.3388315
            ],
            [
              -4.0038428,
              57.3389935
            ],
            [
              -4.0043731,
              57.3391638
            ],
            [
              -4.004905,
              57.3393467
            ],
            [
              -4.0058062,
              57.3397115
            ],
            [
              -4.0065465,
              57.340077
            ],
            [
              -4.0073561,
              57.3405572
            ],
            [
              -4.0081044,
              57.3410316
            ],
            [
              -4.0084626,
              57.3412994
            ],
            [
              -4.0086664,
              57.3414603
            ],
            [
              -4.0088826,
              57.3416386
            ],
            [
              -4.0094969,
              57.3421779
            ],
            [
              -4.0099368,
              57.3426642
            ],
            [
              -4.0102694,
              57.3431331
            ],
            [
              -4.010602,
              57.3436599
            ],
            [
              -4.0108917,
              57.3442447
            ],
            [
              -4.011008,
              57.3445568
            ],
            [
              -4.0110955,
              57.3448699
            ],
            [
              -4.011166,
              57.3451688
            ],
            [
              -4.0112073,
              57.3454662
            ],
            [
              -4.011235,
              57.3460971
            ],
            [
              -4.0112185,
              57.3463314
            ],
            [
              -4.0112148,
              57.3463827
            ],
            [
              -4.0112022,
              57.3465616
            ],
            [
              -4.0110926,
              57.3471536
            ],
            [
              -4.0109824,
              57.3474777
            ],
            [
              -4.0109507,
              57.3475712
            ],
            [
              -4.0107736,
              57.3480422
            ],
            [
              -4.0105913,
              57.3483953
            ],
            [
              -4.0103338,
              57.3488178
            ],
            [
              -4.0099797,
              57.3492983
            ],
            [
              -4.0096149,
              57.3497382
            ],
            [
              -4.0091107,
              57.3502533
            ],
            [
              -4.0082095,
              57.3511852
            ],
            [
              -4.0076945,
              57.3517004
            ],
            [
              -4.0072439,
              57.3521692
            ],
            [
              -4.0068254,
              57.3527075
            ],
            [
              -4.0066001,
              57.3530547
            ],
            [
              -4.0062675,
              57.3536798
            ],
            [
              -4.0060613,
              57.3542346
            ],
            [
              -4.0059457,
              57.3547158
            ],
            [
              -4.005892,
              57.3551556
            ],
            [
              -4.0059028,
              57.3557286
            ],
            [
              -4.0059242,
              57.3561417
            ],
            [
              -4.0059476,
              57.3562466
            ],
            [
              -4.0060744,
              57.3566719
            ],
            [
              -4.006289,
              57.3572101
            ],
            [
              -4.0065679,
              57.3577483
            ],
            [
              -4.0068898,
              57.3582171
            ],
            [
              -4.0072224,
              57.3586337
            ],
            [
              -4.0075979,
              57.3590041
            ],
            [
              -4.00807,
              57.3594439
            ],
            [
              -4.0085313,
              57.3598142
            ],
            [
              -4.0089712,
              57.3601209
            ],
            [
              -4.0095613,
              57.3604855
            ],
            [
              -4.0103016,
              57.3608848
            ],
            [
              -4.0111062,
              57.3612551
            ],
            [
              -4.0119753,
              57.3616023
            ],
            [
              -4.0129409,
              57.3619321
            ],
            [
              -4.0141103,
              57.3622735
            ],
            [
              -4.0162239,
              57.3628464
            ],
            [
              -4.0178627,
              57.3633837
            ],
            [
              -4.0179942,
              57.3634329
            ],
            [
              -4.0188846,
              57.3637548
            ],
            [
              -4.0194614,
              57.3640001
            ],
            [
              -4.0196802,
              57.3640943
            ],
            [
              -4.0205154,
              57.364478
            ],
            [
              -4.0215132,
              57.3650277
            ],
            [
              -4.0222857,
              57.3654964
            ],
            [
              -4.0228972,
              57.3659014
            ],
            [
              -4.0237663,
              57.3665725
            ],
            [
              -4.0250537,
              57.3676428
            ],
            [
              -4.0272961,
              57.3694999
            ],
            [
              -4.029238,
              57.3710966
            ],
            [
              -4.030858,
              57.3724503
            ],
            [
              -4.0318129,
              57.3732717
            ],
            [
              -4.0325746,
              57.3739138
            ],
            [
              -4.0334973,
              57.374712
            ],
            [
              -4.0343878,
              57.3754351
            ],
            [
              -4.0349672,
              57.3758515
            ],
            [
              -4.0357826,
              57.3763663
            ],
            [
              -4.0366087,
              57.3768348
            ],
            [
              -4.0374241,
              57.3772513
            ],
            [
              -4.0382931,
              57.3776446
            ],
            [
              -4.0392532,
              57.3780376
            ],
            [
              -4.0402028,
              57.3783965
            ],
            [
              -4.0427563,
              57.379212
            ],
            [
              -4.0461204,
              57.3802655
            ],
            [
              -4.0469929,
              57.3805357
            ],
            [
              -4.0476416,
              57.3807382
            ],
            [
              -4.0478606,
              57.380807
            ],
            [
              -4.0497622,
              57.3814039
            ],
            [
              -4.0517982,
              57.3820002
            ],
            [
              -4.0527143,
              57.3823036
            ],
            [
              -4.0536533,
              57.3825867
            ],
            [
              -4.0544768,
              57.382888
            ],
            [
              -4.0552339,
              57.3832025
            ],
            [
              -4.0564892,
              57.3837056
            ],
            [
              -4.0581554,
              57.3843664
            ],
            [
              -4.0594611,
              57.3849085
            ],
            [
              -4.0603653,
              57.3853469
            ],
            [
              -4.0613624,
              57.3858811
            ],
            [
              -4.0621235,
              57.3863152
            ],
            [
              -4.0626413,
              57.3866461
            ],
            [
              -4.0629265,
              57.3868283
            ],
            [
              -4.0639458,
              57.3875626
            ],
            [
              -4.0647611,
              57.3882565
            ],
            [
              -4.0655338,
              57.388992
            ],
            [
              -4.0662147,
              57.3897202
            ],
            [
              -4.0665625,
              57.390162
            ],
            [
              -4.0672502,
              57.3912111
            ],
            [
              -4.0677867,
              57.3921998
            ],
            [
              -4.0681407,
              57.3930901
            ],
            [
              -4.0684786,
              57.3942334
            ],
            [
              -4.0685067,
              57.3943541
            ],
            [
              -4.0688059,
              57.3959403
            ],
            [
              -4.06916,
              57.3978653
            ],
            [
              -4.0698173,
              57.4013047
            ],
            [
              -4.0704045,
              57.4043796
            ],
            [
              -4.0707152,
              57.4060399
            ],
            [
              -4.0710053,
              57.4076855
            ],
            [
              -4.0714447,
              57.4098341
            ],
            [
              -4.0716667,
              57.4109663
            ],
            [
              -4.0718636,
              57.4116844
            ],
            [
              -4.0722549,
              57.4125475
            ],
            [
              -4.072682,
              57.4132328
            ],
            [
              -4.0730975,
              57.4137935
            ],
            [
              -4.0737535,
              57.4144939
            ],
            [
              -4.0743189,
              57.4150134
            ],
            [
              -4.075158,
              57.4156888
            ],
            [
              -4.0759293,
              57.4162322
            ],
            [
              -4.0766176,
              57.4166351
            ],
            [
              -4.0776787,
              57.417191
            ],
            [
              -4.078891,
              57.4177341
            ],
            [
              -4.0812621,
              57.418722
            ],
            [
              -4.0820825,
              57.4190776
            ],
            [
              -4.0829058,
              57.4194652
            ],
            [
              -4.0837449,
              57.4199052
            ],
            [
              -4.0847648,
              57.4204869
            ],
            [
              -4.0860257,
              57.4212987
            ],
            [
              -4.0867016,
              57.4218359
            ],
            [
              -4.0888084,
              57.4235349
            ],
            [
              -4.0897333,
              57.4242104
            ],
            [
              -4.0904556,
              57.4246605
            ],
            [
              -4.0913291,
              57.4251439
            ],
            [
              -4.0922247,
              57.4255628
            ],
            [
              -4.0931067,
              57.4259386
            ],
            [
              -4.0935624,
              57.426111
            ],
            [
              -4.093696,
              57.4261616
            ],
            [
              -4.0940558,
              57.4262977
            ],
            [
              -4.0949153,
              57.4265793
            ],
            [
              -4.0957737,
              57.4268403
            ],
            [
              -4.0975304,
              57.4273616
            ],
            [
              -4.0992431,
              57.4278584
            ],
            [
              -4.1006491,
              57.4282892
            ],
            [
              -4.1017732,
              57.428722
            ],
            [
              -4.1026886,
              57.4291446
            ],
            [
              -4.103739,
              57.4297148
            ],
            [
              -4.1044578,
              57.4302
            ],
            [
              -4.1049892,
              57.4306043
            ],
            [
              -4.1055279,
              57.4311055
            ],
            [
              -4.1060841,
              57.4317043
            ],
            [
              -4.1065794,
              57.4323642
            ],
            [
              -4.1068465,
              57.4328205
            ],
            [
              -4.1070164,
              57.4332864
            ],
            [
              -4.10714,
              57.4339135
            ],
            [
              -4.1072609,
              57.4347327
            ],
            [
              -4.1072757,
              57.4354177
            ],
            [
              -4.1072389,
              57.4358615
            ],
            [
              -4.1071684,
              57.4362975
            ],
            [
              -4.107076,
              57.4367299
            ],
            [
              -4.1069566,
              57.4371443
            ],
            [
              -4.1067387,
              57.4377507
            ],
            [
              -4.1061203,
              57.4389779
            ],
            [
              -4.1057279,
              57.4396814
            ],
            [
              -4.1046058,
              57.4416984
            ],
            [
              -4.1032796,
              57.4440583
            ],
            [
              -4.1028075,
              57.4449369
            ],
            [
              -4.1025063,
              57.4454558
            ],
            [
              -4.101939,
              57.4462745
            ],
            [
              -4.1016544,
              57.4466237
            ],
            [
              -4.1011079,
              57.4471995
            ],
            [
              -4.1006489,
              57.4476248
            ],
            [
              -4.1001232,
              57.4480676
            ],
            [
              -4.0994441,
              57.4485772
            ],
            [
              -4.0987403,
              57.4490529
            ],
            [
              -4.0978353,
              57.4495917
            ],
            [
              -4.0961768,
              57.450486
            ],
            [
              -4.0947379,
              57.4512722
            ],
            [
              -4.0932462,
              57.452135
            ],
            [
              -4.0917419,
              57.4531214
            ],
            [
              -4.0906498,
              57.4538493
            ],
            [
              -4.0899095,
              57.4544149
            ],
            [
              -4.0891692,
              57.4550209
            ],
            [
              -4.0880421,
              57.4560923
            ],
            [
              -4.0861649,
              57.4578239
            ],
            [
              -4.0861533,
              57.4578346
            ],
            [
              -4.0860683,
              57.4579122
            ],
            [
              -4.0860584,
              57.4579212
            ],
            [
              -4.0848409,
              57.4590337
            ],
            [
              -4.0838964,
              57.4599047
            ],
            [
              -4.0830728,
              57.460679
            ],
            [
              -4.0827671,
              57.4609665
            ],
            [
              -4.0826011,
              57.4611203
            ],
            [
              -4.081414,
              57.462213
            ],
            [
              -4.0804654,
              57.463081
            ],
            [
              -4.080039,
              57.4634351
            ],
            [
              -4.0795207,
              57.4638385
            ],
            [
              -4.0787936,
              57.4643374
            ],
            [
              -4.0782962,
              57.4646403
            ],
            [
              -4.0780259,
              57.4647931
            ],
            [
              -4.077514,
              57.4650814
            ],
            [
              -4.0770439,
              57.4653326
            ],
            [
              -4.0760175,
              57.4658437
            ],
            [
              -4.0758677,
              57.4659074
            ],
            [
              -4.0749875,
              57.4662816
            ],
            [
              -4.074297,
              57.4665751
            ],
            [
              -4.0721379,
              57.4674208
            ],
            [
              -4.0719783,
              57.4674839
            ],
            [
              -4.068094,
              57.4690204
            ],
            [
              -4.0668762,
              57.4695025
            ],
            [
              -4.06601,
              57.4698859
            ],
            [
              -4.0653143,
              57.470268
            ],
            [
              -4.0646119,
              57.4707078
            ],
            [
              -4.0639979,
              57.4711447
            ],
            [
              -4.0633645,
              57.4716836
            ],
            [
              -4.0632318,
              57.4718268
            ],
            [
              -4.0629128,
              57.4721712
            ],
            [
              -4.0625036,
              57.4727052
            ],
            [
              -4.0623324,
              57.4729925
            ],
            [
              -4.062119,
              57.4733744
            ],
            [
              -4.0620203,
              57.4736364
            ],
            [
              -4.0618846,
              57.4739876
            ],
            [
              -4.0617867,
              57.4743276
            ],
            [
              -4.0617271,
              57.474614
            ],
            [
              -4.0616979,
              57.4749266
            ],
            [
              -4.0616854,
              57.4750606
            ],
            [
              -4.0616793,
              57.475337
            ],
            [
              -4.0616912,
              57.4755549
            ],
            [
              -4.0617493,
              57.4759972
            ],
            [
              -4.061826,
              57.4763047
            ],
            [
              -4.0619213,
              57.4765866
            ],
            [
              -4.0620695,
              57.4769411
            ],
            [
              -4.0622365,
              57.4772796
            ],
            [
              -4.06248,
              57.4777173
            ],
            [
              -4.0630804,
              57.478749
            ],
            [
              -4.0634778,
              57.4794337
            ],
            [
              -4.0636929,
              57.4798018
            ],
            [
              -4.0643748,
              57.4809833
            ],
            [
              -4.0648024,
              57.4817243
            ],
            [
              -4.0648628,
              57.4818286
            ],
            [
              -4.0649096,
              57.481914
            ],
            [
              -4.0654538,
              57.4828548
            ],
            [
              -4.0657192,
              57.4833981
            ],
            [
              -4.0660332,
              57.4839734
            ],
            [
              -4.0661953,
              57.4842574
            ],
            [
              -4.0663616,
              57.484545
            ],
            [
              -4.0664722,
              57.4847389
            ],
            [
              -4.0669854,
              57.4855794
            ],
            [
              -4.0671696,
              57.4858366
            ],
            [
              -4.0672187,
              57.4859009
            ],
            [
              -4.0675612,
              57.4863376
            ],
            [
              -4.0678563,
              57.4866634
            ],
            [
              -4.0683847,
              57.4871767
            ],
            [
              -4.0690203,
              57.4877448
            ],
            [
              -4.0696453,
              57.4882277
            ],
            [
              -4.0703936,
              57.4887453
            ],
            [
              -4.0710186,
              57.4891446
            ],
            [
              -4.0719842,
              57.4896809
            ],
            [
              -4.0724214,
              57.4899028
            ],
            [
              -4.0734245,
              57.4903699
            ],
            [
              -4.0739422,
              57.4905818
            ],
            [
              -4.0744438,
              57.4907764
            ],
            [
              -4.0752297,
              57.4910647
            ],
            [
              -4.0761765,
              57.4913689
            ],
            [
              -4.0765474,
              57.4914784
            ],
            [
              -4.0772636,
              57.4916759
            ],
            [
              -4.077877,
              57.4918287
            ],
            [
              -4.0784161,
              57.4919628
            ],
            [
              -4.0791036,
              57.4921026
            ],
            [
              -4.080104,
              57.4922914
            ],
            [
              -4.0807692,
              57.4923995
            ],
            [
              -4.0813451,
              57.4924889
            ],
            [
              -4.0821184,
              57.4925869
            ],
            [
              -4.0827085,
              57.4926576
            ],
            [
              -4.0835453,
              57.4927325
            ],
            [
              -4.0842883,
              57.4927902
            ],
            [
              -4.0845369,
              57.4928031
            ],
            [
              -4.0851466,
              57.4928349
            ],
            [
              -4.0859156,
              57.4928666
            ],
            [
              -4.0868203,
              57.4928781
            ],
            [
              -4.087633,
              57.4928738
            ],
            [
              -4.0889875,
              57.4928565
            ],
            [
              -4.0902991,
              57.4928291
            ],
            [
              -4.0917958,
              57.4927858
            ],
            [
              -4.0930511,
              57.492734
            ],
            [
              -4.0949286,
              57.4926374
            ],
            [
              -4.0961115,
              57.492561
            ],
            [
              -4.0971353,
              57.4924889
            ],
            [
              -4.0978085,
              57.4924356
            ],
            [
              -4.0987741,
              57.4923477
            ],
            [
              -4.0994339,
              57.4922828
            ],
            [
              -4.1001401,
              57.4922035
            ],
            [
              -4.1007589,
              57.4921343
            ],
            [
              -4.1013713,
              57.4920622
            ],
            [
              -4.1021081,
              57.4919642
            ],
            [
              -4.102817,
              57.4918676
            ],
            [
              -4.1040259,
              57.4916875
            ],
            [
              -4.1051604,
              57.4915044
            ],
            [
              -4.1061,
              57.4913372
            ],
            [
              -4.1071951,
              57.491135
            ],
            [
              -4.1075771,
              57.4910557
            ],
            [
              -4.1079902,
              57.4909696
            ],
            [
              -4.1089423,
              57.4907707
            ],
            [
              -4.1099267,
              57.4905458
            ],
            [
              -4.1105141,
              57.4904074
            ],
            [
              -4.1113563,
              57.4901926
            ],
            [
              -4.1123648,
              57.4899245
            ],
            [
              -4.1135504,
              57.4895886
            ],
            [
              -4.1150041,
              57.4891619
            ],
            [
              -4.1156425,
              57.4889803
            ],
            [
              -4.1166269,
              57.4886862
            ],
            [
              -4.1174744,
              57.4884339
            ],
            [
              -4.1184669,
              57.4881355
            ],
            [
              -4.1192769,
              57.4878947
            ],
            [
              -4.1203176,
              57.4875862
            ],
            [
              -4.1209801,
              57.4873844
            ],
            [
              -4.121876,
              57.4871134
            ],
            [
              -4.1242524,
              57.4863839
            ],
            [
              -4.1253655,
              57.4860422
            ],
            [
              -4.1258349,
              57.4858879
            ],
            [
              -4.1263832,
              57.4857148
            ],
            [
              -4.1265828,
              57.4856503
            ],
            [
              -4.1269266,
              57.4855405
            ],
            [
              -4.1274979,
              57.4853574
            ],
            [
              -4.1281738,
              57.4851339
            ],
            [
              -4.1288953,
              57.4848859
            ],
            [
              -4.1294559,
              57.4846783
            ],
            [
              -4.1299467,
              57.4844967
            ],
            [
              -4.130577,
              57.4842559
            ],
            [
              -4.1318269,
              57.4837412
            ],
            [
              -4.1325124,
              57.4834416
            ],
            [
              -4.1326155,
              57.4833966
            ],
            [
              -4.1335006,
              57.4829467
            ],
            [
              -4.1341712,
              57.4826079
            ],
            [
              -4.1345708,
              57.4824133
            ],
            [
              -4.1364028,
              57.4815193
            ],
            [
              -4.1372316,
              57.4811343
            ],
            [
              -4.1388007,
              57.4804523
            ],
            [
              -4.1399433,
              57.4800211
            ],
            [
              -4.141263,
              57.4795641
            ],
            [
              -4.142073,
              57.4792959
            ],
            [
              -4.1432263,
              57.478931
            ],
            [
              -4.144656,
              57.4785114
            ],
            [
              -4.1452755,
              57.4783312
            ],
            [
              -4.1466569,
              57.4779793
            ],
            [
              -4.1473328,
              57.4778236
            ],
            [
              -4.1483547,
              57.4775828
            ],
            [
              -4.149154,
              57.4774126
            ],
            [
              -4.1499506,
              57.4772554
            ],
            [
              -4.1507365,
              57.4771054
            ],
            [
              -4.1516029,
              57.476954
            ],
            [
              -4.1527723,
              57.4767666
            ],
            [
              -4.1537916,
              57.4766195
            ],
            [
              -4.1547116,
              57.4764998
            ],
            [
              -4.1560741,
              57.4763411
            ],
            [
              -4.1573857,
              57.4762171
            ],
            [
              -4.1586222,
              57.4761248
            ],
            [
              -4.1599109,
              57.4760513
            ],
            [
              -4.1601867,
              57.4760399
            ],
            [
              -4.1609799,
              57.4760095
            ],
            [
              -4.162218,
              57.4759825
            ],
            [
              -4.1624588,
              57.4759812
            ],
            [
              -4.1638659,
              57.4759792
            ],
            [
              -4.164963,
              57.4760008
            ],
            [
              -4.1662316,
              57.4760397
            ],
            [
              -4.1677417,
              57.4761147
            ],
            [
              -4.1686242,
              57.4761739
            ],
            [
              -4.1694878,
              57.4762402
            ],
            [
              -4.1706063,
              57.4763411
            ],
            [
              -4.1715236,
              57.4764334
            ],
            [
              -4.1731517,
              57.4766281
            ],
            [
              -4.1747879,
              57.4768632
            ],
            [
              -4.1762095,
              57.4771083
            ],
            [
              -4.1778268,
              57.47744
            ],
            [
              -4.1789762,
              57.4777147
            ],
            [
              -4.1796997,
              57.4779073
            ],
            [
              -4.1803347,
              57.4780846
            ],
            [
              -4.1815055,
              57.478448
            ],
            [
              -4.1821787,
              57.4786786
            ],
            [
              -4.1826502,
              57.4788446
            ],
            [
              -4.1831054,
              57.4790161
            ],
            [
              -4.1835822,
              57.4792051
            ],
            [
              -4.1840468,
              57.4793939
            ],
            [
              -4.1843949,
              57.4795418
            ],
            [
              -4.1847416,
              57.4796938
            ],
            [
              -4.1856106,
              57.4800904
            ],
            [
              -4.1864072,
              57.4804566
            ],
            [
              -4.1870288,
              57.4807378
            ],
            [
              -4.1876316,
              57.4810134
            ],
            [
              -4.1879173,
              57.4811285
            ],
            [
              -4.1887944,
              57.4815424
            ],
            [
              -4.1901382,
              57.4821249
            ],
            [
              -4.1907148,
              57.4823513
            ],
            [
              -4.1912862,
              57.4825445
            ],
            [
              -4.1919487,
              57.4827391
            ],
            [
              -4.1923161,
              57.4828415
            ],
            [
              -4.1928606,
              57.4829712
            ],
            [
              -4.1935768,
              57.4831327
            ],
            [
              -4.1941534,
              57.4832409
            ],
            [
              -4.1947087,
              57.4833288
            ],
            [
              -4.1952639,
              57.4834009
            ],
            [
              -4.195634,
              57.483442
            ],
            [
              -4.1968759,
              57.4835436
            ],
            [
              -4.1981097,
              57.4835552
            ],
            [
              -4.199019,
              57.4835422
            ],
            [
              -4.1997163,
              57.4835076
            ],
            [
              -4.2000436,
              57.483486
            ],
            [
              -4.2004271,
              57.4834514
            ],
            [
              -4.2010609,
              57.4833782
            ],
            [
              -4.2012321,
              57.4833561
            ],
            [
              -4.2014746,
              57.4833249
            ],
            [
              -4.2018748,
              57.4832657
            ],
            [
              -4.2024214,
              57.4831818
            ],
            [
              -4.2029666,
              57.483093
            ],
            [
              -4.2035546,
              57.4829986
            ],
            [
              -4.2038959,
              57.4829475
            ],
            [
              -4.2041701,
              57.4829089
            ],
            [
              -4.2044827,
              57.4828668
            ],
            [
              -4.2046604,
              57.4828473
            ],
            [
              -4.2048635,
              57.482821
            ],
            [
              -4.2051325,
              57.4827939
            ],
            [
              -4.2055026,
              57.4827633
            ],
            [
              -4.205922,
              57.4827346
            ],
            [
              -4.2060203,
              57.4827276
            ],
            [
              -4.2082009,
              57.4825864
            ],
            [
              -4.2093234,
              57.4825146
            ],
            [
              -4.2103615,
              57.4824477
            ],
            [
              -4.2105223,
              57.4824369
            ],
            [
              -4.2105841,
              57.4824328
            ],
            [
              -4.2114658,
              57.4823769
            ],
            [
              -4.2124924,
              57.4823088
            ],
            [
              -4.212892,
              57.4822856
            ],
            [
              -4.2143909,
              57.4821885
            ],
            [
              -4.2145557,
              57.4821776
            ],
            [
              -4.2146466,
              57.4821727
            ],
            [
              -4.2154563,
              57.4821063
            ],
            [
              -4.2161097,
              57.4820494
            ],
            [
              -4.2165935,
              57.4820143
            ],
            [
              -4.2172168,
              57.481953
            ],
            [
              -4.2174868,
              57.4819182
            ],
            [
              -4.2177019,
              57.4818921
            ],
            [
              -4.2179333,
              57.4818584
            ],
            [
              -4.218364,
              57.4817833
            ],
            [
              -4.2192195,
              57.4816164
            ],
            [
              -4.2192872,
              57.4816025
            ],
            [
              -4.2195332,
              57.4815486
            ],
            [
              -4.2197607,
              57.4814919
            ],
            [
              -4.2201177,
              57.4813978
            ],
            [
              -4.220369,
              57.4813204
            ],
            [
              -4.220666,
              57.4812247
            ],
            [
              -4.2209221,
              57.4811263
            ],
            [
              -4.2211294,
              57.4810402
            ],
            [
              -4.2212723,
              57.4809727
            ],
            [
              -4.2215882,
              57.4808069
            ],
            [
              -4.2217446,
              57.4807129
            ],
            [
              -4.2219552,
              57.4805834
            ],
            [
              -4.2221086,
              57.4804767
            ],
            [
              -4.2221386,
              57.4804559
            ],
            [
              -4.2225902,
              57.4801291
            ],
            [
              -4.2230639,
              57.4797935
            ]
          ]
        ]
      },
      "properties": {
        "mode": "train",
        "trip_id": "1",
        "route_id": "6393945",
        "from": "EGPE",
        "to": "EGLC",
        "date": "6/20/25",
        "notes": "",
        "relation_names": "Highland Sleeper: Inverness => London Euston",
        "source": "OSM public_transport_geojson"
      }
    }
  ]
}
